sku,date,total_sold_qty
Product 1,5/6/2026,1
Product 2,5/6/2026,1
Product 3,5/6/2026,1
Product 4,5/6/2026,1
Product 5,5/6/2026,1
Product 6,5/6/2026,1
Product 7,5/6/2026,1
Product 8,5/6/2026,1
Product 9,5/6/2026,3
Product 10,5/6/2026,1
Product 11,5/6/2026,1
Product 12,5/6/2026,1
Product 7,5/6/2026,1
Product 13,5/6/2026,1
Product 14,5/6/2026,1
Product 14,5/6/2026,1
Product 15,5/6/2026,1
Product 16,5/6/2026,2
Product 17,5/6/2026,3
Product 18,5/6/2026,1
Product 19,5/6/2026,1
Product 20,5/6/2026,3
Product 21,5/6/2026,4
Product 22,5/6/2026,4
Product 23,5/6/2026,1
Product 24,5/6/2026,1
Product 25,5/6/2026,1
Product 26,5/6/2026,1
Product 27,5/6/2026,1
Product 28,5/6/2026,1
Product 29,5/6/2026,1
Product 30,5/6/2026,2
Product 31,5/6/2026,1
Product 32,5/6/2026,1
Product 33,5/6/2026,1
Product 34,5/6/2026,1
Product 35,5/6/2026,1
Product 36,5/6/2026,1
Product 37,5/6/2026,2
Product 32,5/6/2026,1
Product 38,5/6/2026,1
Product 39,5/6/2026,1
Product 40,5/6/2026,1
Product 41,5/6/2026,1
Product 42,5/6/2026,1
Product 43,5/6/2026,1
Product 44,5/6/2026,1
Product 45,5/6/2026,1
Product 46,5/6/2026,1
Product 47,5/6/2026,1
Product 48,5/6/2026,2
Product 49,5/6/2026,1
Product 50,5/6/2026,1
Product 51,5/6/2026,1
Product 52,5/6/2026,1
Product 53,5/6/2026,1
Product 54,5/6/2026,1
Product 55,5/6/2026,1
Product 56,5/6/2026,2
Product 57,5/6/2026,1
Product 58,5/6/2026,1
Product 59,5/6/2026,1
Product 60,5/6/2026,1
Product 61,5/6/2026,1
Product 62,5/6/2026,1
Product 63,5/6/2026,2
Product 64,5/6/2026,1
Product 65,5/6/2026,1
Product 66,5/6/2026,2
Product 67,5/6/2026,2
Product 68,5/6/2026,1
Product 69,5/6/2026,1
Product 70,5/6/2026,1
Product 71,5/6/2026,1
Product 72,5/6/2026,2
Product 73,5/6/2026,2
Product 74,5/6/2026,1
Product 75,5/6/2026,1
Product 76,5/6/2026,1
Product 77,5/6/2026,1
Product 78,5/6/2026,1
Product 79,5/6/2026,1
Product 80,5/6/2026,2
Product 81,5/6/2026,1
Product 82,5/6/2026,1
Product 83,5/6/2026,1
Product 84,5/6/2026,1
Product 85,5/6/2026,1
Product 86,5/6/2026,1
Product 87,5/6/2026,2
Product 88,5/6/2026,1
Product 89,5/6/2026,1
Product 90,5/6/2026,1
Product 91,5/6/2026,1
Product 92,5/6/2026,1
Product 93,5/6/2026,1
Product 94,5/6/2026,1
Product 95,5/6/2026,1
Product 96,5/6/2026,1
Product 97,5/6/2026,1
Product 98,5/6/2026,1
Product 99,5/6/2026,1
Product 100,5/6/2026,1
Product 101,5/6/2026,1
Product 102,5/6/2026,1
Product 103,5/6/2026,1
Product 104,5/6/2026,1
Product 105,5/6/2026,1
Product 106,5/6/2026,1
Product 107,5/6/2026,1
Product 108,5/6/2026,1
Product 109,5/6/2026,1
Product 110,5/6/2026,1
Product 111,5/6/2026,1
Product 112,5/6/2026,1
Product 113,5/6/2026,1
Product 114,5/6/2026,1
Product 115,5/6/2026,1
Product 116,5/6/2026,1
Product 117,5/6/2026,1
Product 118,5/6/2026,1
Product 119,5/6/2026,1
Product 120,5/6/2026,1
Product 121,5/6/2026,1
Product 122,5/6/2026,1
Product 123,5/6/2026,1
Product 124,5/6/2026,1
Product 125,5/6/2026,1
Product 126,5/6/2026,1
Product 127,5/6/2026,1
Product 128,5/6/2026,1
Product 129,5/6/2026,1
Product 10,5/6/2026,1
Product 130,5/6/2026,1
Product 131,5/6/2026,2
Product 96,5/6/2026,1
Product 132,5/6/2026,1
Product 133,5/6/2026,1
Product 134,5/6/2026,1
Product 135,5/6/2026,1
Product 136,5/6/2026,2
Product 137,5/6/2026,1
Product 138,5/6/2026,1
Product 139,5/6/2026,2
Product 140,5/6/2026,1
Product 141,5/6/2026,1
Product 142,5/6/2026,1
Product 37,5/6/2026,1
Product 143,5/6/2026,1
Product 144,5/6/2026,1
Product 145,5/6/2026,1
Product 146,5/6/2026,1
Product 147,5/6/2026,1
Product 147,5/6/2026,1
Product 148,5/6/2026,1
Product 149,5/6/2026,1
Product 150,5/6/2026,1
Product 151,5/6/2026,1
Product 152,5/6/2026,1
Product 153,5/6/2026,2
Product 154,5/6/2026,1
Product 155,5/6/2026,1
Product 156,5/6/2026,1
Product 157,5/6/2026,1
Product 158,5/6/2026,1
Product 159,5/6/2026,1
Product 160,5/6/2026,1
Product 161,5/6/2026,1
Product 162,5/6/2026,1
Product 163,5/6/2026,2
Product 164,5/6/2026,1
Product 165,5/6/2026,1
Product 166,5/6/2026,2
Product 167,5/6/2026,1
Product 168,5/6/2026,1
Product 169,5/6/2026,1
Product 164,5/6/2026,1
Product 170,5/6/2026,1
Product 171,5/6/2026,1
Product 172,5/6/2026,1
Product 173,5/6/2026,1
Product 174,5/6/2026,1
Product 175,5/6/2026,1
Product 176,5/6/2026,1
Product 177,5/6/2026,3
Product 79,5/6/2026,1
Product 178,5/6/2026,1
Product 179,5/6/2026,1
Product 79,5/6/2026,2
Product 180,5/6/2026,1
Product 181,5/6/2026,1
Product 182,5/6/2026,1
Product 183,5/6/2026,1
Product 184,5/6/2026,2
Product 185,5/6/2026,1
Product 186,5/6/2026,1
Product 187,5/6/2026,1
Product 188,5/6/2026,1
Product 189,5/6/2026,1
Product 190,5/6/2026,1
Product 191,5/6/2026,1
Product 79,5/6/2026,2
Product 192,5/6/2026,1
Product 193,5/6/2026,1
Product 194,5/6/2026,1
Product 195,5/6/2026,1
Product 37,5/6/2026,2
Product 196,5/6/2026,1
Product 197,5/6/2026,1
Product 198,5/6/2026,1
Product 199,5/6/2026,2
Product 200,5/6/2026,1
Product 201,5/6/2026,1
Product 202,5/6/2026,1
Product 203,5/6/2026,1
Product 204,5/6/2026,1
Product 205,5/6/2026,1
Product 206,5/6/2026,2
Product 99,5/6/2026,2
Product 207,5/6/2026,2
Product 208,5/6/2026,1
Product 209,5/6/2026,2
Product 210,5/6/2026,1
Product 211,5/6/2026,2
Product 212,5/6/2026,3
Product 144,5/6/2026,1
Product 213,5/6/2026,4
Product 214,5/6/2026,1
Product 215,5/6/2026,1
Product 216,5/6/2026,1
Product 217,5/6/2026,1
Product 218,5/6/2026,1
Product 219,5/6/2026,1
Product 220,5/6/2026,1
Product 221,5/6/2026,1
Product 220,5/6/2026,1
Product 222,5/6/2026,2
Product 223,5/6/2026,1
Product 224,5/6/2026,1
Product 225,5/6/2026,1
Product 226,5/6/2026,1
Product 227,5/6/2026,1
Product 228,5/6/2026,1
Product 229,5/6/2026,1
Product 230,5/6/2026,1
Product 231,5/6/2026,1
Product 232,5/6/2026,1
Product 233,5/6/2026,1
Product 234,5/6/2026,1
Product 235,5/6/2026,1
Product 236,5/6/2026,1
Product 237,5/6/2026,1
Product 238,5/6/2026,1
Product 239,5/6/2026,1
Product 240,5/6/2026,1
Product 241,5/6/2026,1
Product 242,5/6/2026,1
Product 243,5/6/2026,4
Product 244,5/6/2026,1
Product 245,5/6/2026,1
Product 246,5/6/2026,1
Product 247,5/6/2026,1
Product 248,5/6/2026,10
Product 249,5/6/2026,2
Product 250,5/6/2026,1
Product 251,5/6/2026,1
Product 252,5/6/2026,1
Product 253,5/6/2026,1
Product 254,5/6/2026,1
Product 255,5/6/2026,1
Product 256,5/6/2026,1
Product 257,5/6/2026,1
Product 258,5/6/2026,2
Product 259,5/6/2026,1
Product 260,5/6/2026,1
Product 261,5/6/2026,1
Product 262,5/6/2026,1
Product 263,5/6/2026,9
Product 264,5/6/2026,1
Product 265,5/6/2026,3
Product 266,5/6/2026,2
Product 267,5/6/2026,1
Product 268,5/6/2026,1
Product 269,5/6/2026,1
Product 270,5/6/2026,1
Product 271,5/6/2026,1
Product 272,5/6/2026,1
Product 273,5/6/2026,1
Product 274,5/6/2026,1
Product 275,5/6/2026,2
Product 186,5/6/2026,1
Product 276,5/6/2026,1
Product 277,5/6/2026,1
Product 278,5/6/2026,2
Product 279,5/6/2026,1
Product 280,5/6/2026,1
Product 281,5/6/2026,1
Product 282,5/6/2026,1
Product 283,5/6/2026,1
Product 284,5/6/2026,1
Product 285,5/6/2026,2
Product 286,5/6/2026,1
Product 287,5/6/2026,1
Product 288,5/6/2026,1
Product 289,5/6/2026,1
Product 290,5/6/2026,1
Product 291,5/6/2026,1
Product 292,5/6/2026,1
Product 291,5/6/2026,4
Product 293,5/6/2026,1
Product 294,5/6/2026,1
Product 171,5/6/2026,1
Product 295,5/6/2026,1
Product 296,5/6/2026,1
Product 297,5/6/2026,1
Product 298,5/6/2026,1
Product 171,5/6/2026,1
Product 299,5/6/2026,1
Product 300,5/6/2026,2
Product 301,5/6/2026,1
Product 302,5/6/2026,1
Product 303,5/6/2026,1
Product 304,5/6/2026,1
Product 305,5/6/2026,1
Product 306,5/6/2026,1
Product 307,5/6/2026,1
Product 308,5/6/2026,1
Product 309,5/6/2026,1
Product 310,5/6/2026,1
Product 311,5/6/2026,2
Product 284,5/6/2026,1
Product 312,5/6/2026,1
Product 313,5/6/2026,1
Product 314,5/6/2026,2
Product 315,5/6/2026,1
Product 61,5/6/2026,1
Product 316,5/6/2026,2
Product 317,5/6/2026,1
Product 318,5/6/2026,1
Product 319,5/6/2026,2
Product 320,5/6/2026,1
Product 321,5/6/2026,1
Product 322,5/6/2026,1
Product 323,5/6/2026,1
Product 324,5/6/2026,1
Product 325,5/6/2026,1
Product 118,5/6/2026,1
Product 326,5/5/2026,1
Product 327,5/5/2026,1
Product 2,5/5/2026,1
Product 328,5/5/2026,1
Product 13,5/5/2026,1
Product 250,5/5/2026,1
Product 13,5/5/2026,2
Product 329,5/5/2026,1
Product 14,5/5/2026,1
Product 330,5/5/2026,1
Product 331,5/5/2026,2
Product 332,5/5/2026,1
Product 333,5/5/2026,1
Product 334,5/5/2026,1
Product 335,5/5/2026,1
Product 336,5/5/2026,1
Product 337,5/5/2026,2
Product 338,5/5/2026,1
Product 339,5/5/2026,1
Product 340,5/5/2026,1
Product 341,5/5/2026,1
Product 342,5/5/2026,1
Product 343,5/5/2026,1
Product 344,5/5/2026,2
Product 345,5/5/2026,2
Product 346,5/5/2026,1
Product 347,5/5/2026,1
Product 348,5/5/2026,1
Product 349,5/5/2026,2
Product 350,5/5/2026,1
Product 351,5/5/2026,1
Product 352,5/5/2026,1
Product 353,5/5/2026,1
Product 354,5/5/2026,1
Product 355,5/5/2026,1
Product 356,5/5/2026,1
Product 357,5/5/2026,1
Product 358,5/5/2026,1
Product 359,5/5/2026,1
Product 360,5/5/2026,1
Product 361,5/5/2026,1
Product 362,5/5/2026,1
Product 363,5/5/2026,1
Product 364,5/5/2026,1
Product 365,5/5/2026,1
Product 366,5/5/2026,1
Product 367,5/5/2026,1
Product 368,5/5/2026,2
Product 369,5/5/2026,1
Product 370,5/5/2026,1
Product 371,5/5/2026,3
Product 372,5/5/2026,1
Product 373,5/5/2026,1
Product 374,5/5/2026,1
Product 375,5/5/2026,1
Product 376,5/5/2026,1
Product 377,5/5/2026,1
Product 378,5/5/2026,1
Product 379,5/5/2026,1
Product 380,5/5/2026,2
Product 381,5/5/2026,3
Product 382,5/5/2026,1
Product 79,5/5/2026,2
Product 383,5/5/2026,1
Product 384,5/5/2026,1
Product 85,5/5/2026,1
Product 385,5/5/2026,1
Product 386,5/5/2026,1
Product 387,5/5/2026,1
Product 388,5/5/2026,1
Product 389,5/5/2026,1
Product 390,5/5/2026,1
Product 391,5/5/2026,1
Product 392,5/5/2026,1
Product 393,5/5/2026,1
Product 394,5/5/2026,1
Product 395,5/5/2026,1
Product 396,5/5/2026,1
Product 397,5/5/2026,1
Product 398,5/5/2026,1
Product 399,5/5/2026,1
Product 37,5/5/2026,1
Product 400,5/5/2026,1
Product 400,5/5/2026,1
Product 97,5/5/2026,1
Product 401,5/5/2026,1
Product 402,5/5/2026,1
Product 403,5/5/2026,1
Product 404,5/5/2026,1
Product 405,5/5/2026,1
Product 37,5/5/2026,1
Product 406,5/5/2026,1
Product 407,5/5/2026,1
Product 302,5/5/2026,1
Product 408,5/5/2026,2
Product 409,5/5/2026,1
Product 410,5/5/2026,1
Product 411,5/5/2026,1
Product 412,5/5/2026,1
Product 413,5/5/2026,1
Product 414,5/5/2026,2
Product 415,5/5/2026,3
Product 416,5/5/2026,1
Product 417,5/5/2026,1
Product 418,5/5/2026,1
Product 122,5/5/2026,1
Product 419,5/5/2026,1
Product 420,5/5/2026,1
Product 421,5/5/2026,1
Product 422,5/5/2026,1
Product 79,5/5/2026,2
Product 423,5/5/2026,1
Product 424,5/5/2026,1
Product 425,5/5/2026,1
Product 426,5/5/2026,1
Product 427,5/5/2026,1
Product 428,5/5/2026,2
Product 79,5/5/2026,1
Product 79,5/5/2026,4
Product 429,5/5/2026,1
Product 430,5/5/2026,2
Product 104,5/5/2026,1
Product 431,5/5/2026,1
Product 432,5/5/2026,1
Product 433,5/5/2026,1
Product 434,5/5/2026,1
Product 435,5/5/2026,1
Product 436,5/5/2026,1
Product 437,5/5/2026,1
Product 438,5/5/2026,1
Product 37,5/5/2026,1
Product 439,5/5/2026,1
Product 440,5/5/2026,1
Product 441,5/5/2026,1
Product 442,5/5/2026,1
Product 443,5/5/2026,1
Product 444,5/5/2026,1
Product 445,5/5/2026,1
Product 144,5/5/2026,1
Product 268,5/5/2026,2
Product 446,5/5/2026,1
Product 216,5/5/2026,1
Product 447,5/5/2026,2
Product 448,5/5/2026,7
Product 449,5/5/2026,5
Product 450,5/5/2026,1
Product 451,5/5/2026,1
Product 452,5/5/2026,1
Product 453,5/5/2026,1
Product 454,5/5/2026,1
Product 455,5/5/2026,1
Product 456,5/5/2026,1
Product 457,5/5/2026,1
Product 458,5/5/2026,1
Product 459,5/5/2026,1
Product 460,5/5/2026,3
Product 461,5/5/2026,1
Product 462,5/5/2026,2
Product 463,5/5/2026,1
Product 464,5/5/2026,1
Product 465,5/5/2026,1
Product 466,5/5/2026,1
Product 240,5/5/2026,1
Product 467,5/5/2026,2
Product 468,5/5/2026,2
Product 469,5/5/2026,1
Product 470,5/5/2026,1
Product 471,5/5/2026,1
Product 472,5/5/2026,1
Product 473,5/5/2026,1
Product 474,5/5/2026,4
Product 475,5/5/2026,1
Product 246,5/5/2026,1
Product 476,5/5/2026,2
Product 477,5/5/2026,4
Product 478,5/5/2026,1
Product 479,5/5/2026,-2
Product 480,5/5/2026,1
Product 481,5/5/2026,2
Product 482,5/5/2026,1
Product 483,5/5/2026,1
Product 484,5/5/2026,1
Product 485,5/5/2026,1
Product 486,5/5/2026,1
Product 319,5/5/2026,1
Product 487,5/5/2026,1
Product 488,5/5/2026,1
Product 489,5/5/2026,2
Product 490,5/5/2026,1
Product 491,5/5/2026,1
Product 492,5/5/2026,1
Product 493,5/5/2026,1
Product 494,5/5/2026,1
Product 495,5/5/2026,1
Product 496,5/5/2026,1
Product 108,5/5/2026,9
Product 262,5/5/2026,1
Product 495,5/5/2026,1
Product 497,5/5/2026,1
Product 498,5/5/2026,2
Product 499,5/5/2026,3
Product 500,5/5/2026,4
Product 501,5/5/2026,2
Product 502,5/5/2026,2
Product 503,5/5/2026,1
Product 504,5/5/2026,1
Product 505,5/5/2026,1
Product 275,5/5/2026,2
Product 506,5/5/2026,1
Product 507,5/5/2026,1
Product 508,5/5/2026,3
Product 509,5/5/2026,2
Product 510,5/5/2026,1
Product 511,5/5/2026,1
Product 512,5/5/2026,1
Product 513,5/5/2026,1
Product 514,5/5/2026,1
Product 515,5/5/2026,2
Product 516,5/5/2026,1
Product 517,5/5/2026,1
Product 518,5/5/2026,1
Product 359,5/5/2026,1
Product 519,5/5/2026,1
Product 520,5/5/2026,1
Product 521,5/5/2026,1
Product 522,5/5/2026,1
Product 523,5/5/2026,1
Product 357,5/5/2026,1
Product 524,5/5/2026,1
Product 525,5/5/2026,1
Product 526,5/5/2026,1
Product 527,5/5/2026,2
Product 528,5/5/2026,1
Product 529,5/5/2026,1
Product 28,5/5/2026,1
Product 530,5/5/2026,1
Product 531,5/5/2026,1
Product 532,5/5/2026,1
Product 533,5/5/2026,1
Product 534,5/5/2026,1
Product 535,5/5/2026,1
Product 536,5/5/2026,1
Product 308,5/5/2026,1
Product 59,5/5/2026,1
Product 537,5/5/2026,1
Product 313,5/5/2026,1
Product 538,5/5/2026,1
Product 539,5/5/2026,1
Product 540,5/5/2026,1
Product 541,5/5/2026,1
Product 542,5/5/2026,1
Product 196,5/5/2026,1
Product 543,5/5/2026,1
Product 544,5/5/2026,1
Product 545,5/4/2026,2
Product 546,5/4/2026,1
Product 547,5/4/2026,1
Product 6,5/4/2026,2
Product 548,5/4/2026,1
Product 549,5/4/2026,1
Product 550,5/4/2026,2
Product 548,5/4/2026,1
Product 551,5/4/2026,1
Product 551,5/4/2026,1
Product 329,5/4/2026,1
Product 552,5/4/2026,1
Product 7,5/4/2026,2
Product 553,5/4/2026,1
Product 61,5/4/2026,1
Product 554,5/4/2026,1
Product 13,5/4/2026,1
Product 329,5/4/2026,2
Product 329,5/4/2026,1
Product 330,5/4/2026,1
Product 555,5/4/2026,3
Product 556,5/4/2026,1
Product 557,5/4/2026,1
Product 558,5/4/2026,1
Product 364,5/4/2026,1
Product 559,5/4/2026,1
Product 560,5/4/2026,1
Product 561,5/4/2026,1
Product 562,5/4/2026,1
Product 563,5/4/2026,1
Product 46,5/4/2026,1
Product 564,5/4/2026,1
Product 565,5/4/2026,1
Product 566,5/4/2026,1
Product 567,5/4/2026,1
Product 568,5/4/2026,3
Product 569,5/4/2026,2
Product 73,5/4/2026,2
Product 570,5/4/2026,2
Product 380,5/4/2026,2
Product 571,5/4/2026,3
Product 572,5/4/2026,2
Product 573,5/4/2026,2
Product 574,5/4/2026,1
Product 575,5/4/2026,1
Product 576,5/4/2026,1
Product 577,5/4/2026,1
Product 578,5/4/2026,1
Product 579,5/4/2026,1
Product 580,5/4/2026,1
Product 581,5/4/2026,1
Product 79,5/4/2026,4
Product 503,5/4/2026,1
Product 582,5/4/2026,1
Product 583,5/4/2026,1
Product 455,5/4/2026,1
Product 584,5/4/2026,1
Product 585,5/4/2026,1
Product 586,5/4/2026,1
Product 587,5/4/2026,1
Product 588,5/4/2026,1
Product 589,5/4/2026,1
Product 590,5/4/2026,1
Product 591,5/4/2026,1
Product 37,5/4/2026,2
Product 592,5/4/2026,2
Product 593,5/4/2026,4
Product 594,5/4/2026,1
Product 595,5/4/2026,1
Product 596,5/4/2026,1
Product 597,5/4/2026,1
Product 598,5/4/2026,1
Product 599,5/4/2026,2
Product 600,5/4/2026,1
Product 601,5/4/2026,7
Product 602,5/4/2026,1
Product 603,5/4/2026,1
Product 604,5/4/2026,1
Product 605,5/4/2026,1
Product 606,5/4/2026,1
Product 607,5/4/2026,10
Product 608,5/4/2026,5
Product 502,5/4/2026,2
Product 609,5/4/2026,1
Product 610,5/4/2026,1
Product 611,5/4/2026,1
Product 612,5/4/2026,1
Product 613,5/4/2026,1
Product 157,5/4/2026,1
Product 37,5/4/2026,1
Product 554,5/4/2026,1
Product 614,5/4/2026,1
Product 79,5/4/2026,2
Product 615,5/4/2026,1
Product 616,5/4/2026,1
Product 617,5/4/2026,1
Product 618,5/4/2026,1
Product 619,5/4/2026,1
Product 65,5/4/2026,1
Product 620,5/4/2026,1
Product 621,5/4/2026,1
Product 531,5/4/2026,1
Product 622,5/4/2026,1
Product 623,5/4/2026,1
Product 624,5/4/2026,1
Product 625,5/4/2026,1
Product 626,5/4/2026,1
Product 627,5/4/2026,1
Product 628,5/4/2026,2
Product 629,5/4/2026,1
Product 630,5/4/2026,1
Product 631,5/4/2026,2
Product 632,5/4/2026,1
Product 633,5/4/2026,1
Product 634,5/4/2026,1
Product 635,5/4/2026,2
Product 636,5/4/2026,4
Product 637,5/4/2026,2
Product 638,5/4/2026,1
Product 639,5/4/2026,1
Product 640,5/4/2026,1
Product 641,5/4/2026,3
Product 642,5/4/2026,1
Product 643,5/4/2026,1
Product 644,5/4/2026,1
Product 645,5/4/2026,1
Product 646,5/4/2026,1
Product 647,5/4/2026,1
Product 79,5/4/2026,3
Product 479,5/4/2026,2
Product 648,5/4/2026,7
Product 649,5/4/2026,1
Product 650,5/4/2026,1
Product 651,5/4/2026,1
Product 53,5/4/2026,1
Product 652,5/4/2026,1
Product 653,5/4/2026,1
Product 654,5/4/2026,1
Product 655,5/4/2026,1
Product 656,5/4/2026,1
Product 657,5/4/2026,1
Product 658,5/4/2026,1
Product 79,5/4/2026,1
Product 659,5/4/2026,3
Product 660,5/4/2026,1
Product 661,5/4/2026,1
Product 662,5/4/2026,1
Product 663,5/4/2026,1
Product 664,5/4/2026,1
Product 665,5/4/2026,1
Product 666,5/4/2026,1
Product 667,5/4/2026,1
Product 83,5/4/2026,1
Product 498,5/4/2026,1
Product 668,5/4/2026,1
Product 669,5/4/2026,1
Product 319,5/4/2026,1
Product 544,5/4/2026,1
Product 670,5/4/2026,1
Product 671,5/4/2026,1
Product 672,5/4/2026,1
Product 673,5/4/2026,1
Product 213,5/4/2026,1
Product 674,5/4/2026,1
Product 675,5/4/2026,1
Product 676,5/4/2026,1
Product 677,5/4/2026,1
Product 678,5/4/2026,-1
Product 679,5/4/2026,4
Product 680,5/4/2026,1
Product 681,5/4/2026,1
Product 682,5/4/2026,1
Product 683,5/4/2026,1
Product 684,5/4/2026,1
Product 685,5/4/2026,1
Product 686,5/4/2026,1
Product 687,5/4/2026,1
Product 688,5/4/2026,1
Product 689,5/4/2026,1
Product 690,5/4/2026,2
Product 691,5/4/2026,2
Product 692,5/4/2026,1
Product 693,5/4/2026,2
Product 170,5/4/2026,1
Product 694,5/4/2026,1
Product 695,5/4/2026,1
Product 696,5/4/2026,1
Product 697,5/4/2026,1
Product 698,5/4/2026,1
Product 699,5/4/2026,1
Product 698,5/4/2026,1
Product 700,5/4/2026,1
Product 701,5/4/2026,1
Product 702,5/4/2026,1
Product 703,5/4/2026,1
Product 704,5/4/2026,1
Product 544,5/4/2026,1
Product 705,5/4/2026,1
Product 706,5/4/2026,1
Product 707,5/4/2026,1
Product 708,5/4/2026,1
Product 709,5/4/2026,1
Product 268,5/4/2026,2
Product 710,5/4/2026,2
Product 711,5/4/2026,1
Product 267,5/4/2026,1
Product 712,5/4/2026,1
Product 713,5/4/2026,1
Product 543,5/4/2026,1
Product 714,5/4/2026,2
Product 715,5/4/2026,1
Product 716,5/4/2026,1
Product 717,5/4/2026,4
Product 316,5/4/2026,1
Product 718,5/4/2026,1
Product 719,5/4/2026,1
Product 279,5/4/2026,1
Product 266,5/4/2026,1
Product 720,5/4/2026,1
Product 721,5/4/2026,1
Product 722,5/4/2026,1
Product 723,5/4/2026,1
Product 724,5/4/2026,1
Product 725,5/4/2026,1
Product 286,5/4/2026,1
Product 726,5/4/2026,1
Product 727,5/4/2026,1
Product 728,5/4/2026,1
Product 171,5/4/2026,1
Product 295,5/4/2026,1
Product 729,5/4/2026,2
Product 273,5/4/2026,1
Product 730,5/4/2026,0
Product 731,5/4/2026,0
Product 732,5/4/2026,1
Product 733,5/4/2026,0
Product 734,5/4/2026,1
Product 537,5/4/2026,1
Product 735,5/4/2026,1
Product 736,5/4/2026,1
Product 414,5/4/2026,1
Product 737,5/4/2026,1
Product 738,5/4/2026,1
Product 739,5/4/2026,5
Product 740,5/4/2026,1
Product 741,5/4/2026,1
Product 742,5/4/2026,1
Product 743,5/4/2026,1
Product 744,5/4/2026,1
Product 745,5/4/2026,1
Product 746,5/4/2026,1
Product 747,5/4/2026,1
Product 748,5/4/2026,1
Product 162,5/4/2026,1
Product 749,5/4/2026,2
Product 750,5/4/2026,1
Product 751,5/4/2026,1
Product 752,5/4/2026,1
Product 1,5/3/2026,1
Product 2,5/3/2026,1
Product 545,5/3/2026,2
Product 3,5/3/2026,1
Product 6,5/3/2026,1
Product 753,5/3/2026,1
Product 754,5/3/2026,1
Product 683,5/3/2026,1
Product 755,5/3/2026,1
Product 756,5/3/2026,1
Product 6,5/3/2026,1
Product 6,5/3/2026,2
Product 7,5/3/2026,1
Product 13,5/3/2026,5
Product 548,5/3/2026,1
Product 551,5/3/2026,1
Product 757,5/3/2026,1
Product 758,5/3/2026,1
Product 759,5/3/2026,1
Product 760,5/3/2026,10
Product 761,5/3/2026,1
Product 762,5/3/2026,1
Product 763,5/3/2026,1
Product 186,5/3/2026,1
Product 764,5/3/2026,1
Product 765,5/3/2026,1
Product 766,5/3/2026,1
Product 767,5/3/2026,1
Product 768,5/3/2026,1
Product 769,5/3/2026,1
Product 770,5/3/2026,1
Product 771,5/3/2026,1
Product 772,5/3/2026,1
Product 773,5/3/2026,1
Product 774,5/3/2026,1
Product 437,5/3/2026,1
Product 328,5/3/2026,1
Product 775,5/3/2026,1
Product 7,5/3/2026,1
Product 37,5/3/2026,2
Product 776,5/3/2026,3
Product 299,5/3/2026,3
Product 777,5/3/2026,1
Product 778,5/3/2026,1
Product 779,5/3/2026,1
Product 7,5/3/2026,1
Product 7,5/3/2026,1
Product 780,5/3/2026,1
Product 7,5/3/2026,1
Product 438,5/3/2026,1
Product 13,5/3/2026,2
Product 781,5/3/2026,1
Product 329,5/3/2026,3
Product 329,5/3/2026,1
Product 329,5/3/2026,1
Product 782,5/3/2026,1
Product 783,5/3/2026,1
Product 784,5/3/2026,2
Product 785,5/3/2026,1
Product 786,5/3/2026,2
Product 787,5/3/2026,1
Product 788,5/3/2026,1
Product 789,5/3/2026,1
Product 790,5/3/2026,2
Product 791,5/3/2026,2
Product 792,5/3/2026,1
Product 793,5/3/2026,1
Product 794,5/3/2026,1
Product 795,5/3/2026,3
Product 796,5/3/2026,1
Product 797,5/3/2026,3
Product 398,5/3/2026,1
Product 321,5/3/2026,1
Product 798,5/3/2026,1
Product 799,5/3/2026,1
Product 800,5/3/2026,1
Product 801,5/3/2026,1
Product 802,5/3/2026,1
Product 803,5/3/2026,1
Product 804,5/3/2026,1
Product 805,5/3/2026,1
Product 806,5/3/2026,1
Product 806,5/3/2026,1
Product 807,5/3/2026,1
Product 280,5/3/2026,1
Product 362,5/3/2026,1
Product 808,5/3/2026,1
Product 809,5/3/2026,2
Product 79,5/3/2026,2
Product 810,5/3/2026,1
Product 279,5/3/2026,1
Product 811,5/3/2026,1
Product 812,5/3/2026,1
Product 813,5/3/2026,1
Product 364,5/3/2026,2
Product 814,5/3/2026,1
Product 815,5/3/2026,1
Product 816,5/3/2026,1
Product 34,5/3/2026,1
Product 817,5/3/2026,1
Product 818,5/3/2026,1
Product 819,5/3/2026,1
Product 820,5/3/2026,1
Product 183,5/3/2026,1
Product 821,5/3/2026,1
Product 822,5/3/2026,1
Product 823,5/3/2026,1
Product 824,5/3/2026,1
Product 825,5/3/2026,1
Product 128,5/3/2026,1
Product 826,5/3/2026,1
Product 827,5/3/2026,1
Product 79,5/3/2026,2
Product 828,5/3/2026,1
Product 829,5/3/2026,1
Product 830,5/3/2026,1
Product 831,5/3/2026,1
Product 832,5/3/2026,1
Product 833,5/3/2026,1
Product 834,5/3/2026,1
Product 835,5/3/2026,1
Product 836,5/3/2026,1
Product 837,5/3/2026,1
Product 838,5/3/2026,1
Product 45,5/3/2026,1
Product 839,5/3/2026,1
Product 840,5/3/2026,1
Product 841,5/3/2026,1
Product 842,5/3/2026,3
Product 843,5/3/2026,1
Product 233,5/3/2026,1
Product 844,5/3/2026,3
Product 150,5/3/2026,2
Product 845,5/3/2026,1
Product 846,5/3/2026,1
Product 847,5/3/2026,1
Product 848,5/3/2026,3
Product 849,5/3/2026,1
Product 356,5/3/2026,1
Product 850,5/3/2026,1
Product 727,5/3/2026,2
Product 851,5/3/2026,1
Product 852,5/3/2026,1
Product 853,5/3/2026,1
Product 854,5/3/2026,1
Product 855,5/3/2026,1
Product 856,5/3/2026,1
Product 857,5/3/2026,1
Product 858,5/3/2026,1
Product 115,5/3/2026,1
Product 859,5/3/2026,1
Product 860,5/3/2026,2
Product 861,5/3/2026,1
Product 862,5/3/2026,1
Product 497,5/3/2026,1
Product 863,5/3/2026,2
Product 864,5/3/2026,1
Product 865,5/3/2026,3
Product 345,5/3/2026,4
Product 866,5/3/2026,3
Product 867,5/3/2026,1
Product 868,5/3/2026,1
Product 869,5/3/2026,3
Product 37,5/3/2026,2
Product 870,5/3/2026,1
Product 871,5/3/2026,1
Product 872,5/3/2026,1
Product 314,5/3/2026,2
Product 873,5/3/2026,1
Product 874,5/3/2026,2
Product 581,5/3/2026,2
Product 489,5/3/2026,1
Product 875,5/3/2026,1
Product 876,5/3/2026,1
Product 877,5/3/2026,1
Product 157,5/3/2026,1
Product 876,5/3/2026,1
Product 878,5/3/2026,1
Product 879,5/3/2026,1
Product 880,5/3/2026,1
Product 349,5/3/2026,1
Product 881,5/3/2026,1
Product 713,5/3/2026,2
Product 555,5/3/2026,1
Product 882,5/3/2026,1
Product 883,5/3/2026,1
Product 252,5/3/2026,2
Product 884,5/3/2026,1
Product 79,5/3/2026,1
Product 885,5/3/2026,1
Product 886,5/3/2026,1
Product 887,5/3/2026,1
Product 65,5/3/2026,1
Product 888,5/3/2026,1
Product 889,5/3/2026,1
Product 890,5/3/2026,1
Product 891,5/3/2026,1
Product 892,5/3/2026,1
Product 893,5/3/2026,1
Product 894,5/3/2026,1
Product 895,5/3/2026,1
Product 896,5/3/2026,1
Product 897,5/3/2026,1
Product 898,5/3/2026,1
Product 899,5/3/2026,1
Product 900,5/3/2026,1
Product 901,5/3/2026,1
Product 902,5/3/2026,1
Product 903,5/3/2026,1
Product 588,5/3/2026,1
Product 904,5/3/2026,1
Product 905,5/3/2026,2
Product 906,5/3/2026,4
Product 907,5/3/2026,1
Product 87,5/3/2026,1
Product 908,5/3/2026,1
Product 909,5/3/2026,1
Product 877,5/3/2026,1
Product 910,5/3/2026,1
Product 911,5/3/2026,1
Product 387,5/3/2026,1
Product 912,5/3/2026,1
Product 913,5/3/2026,1
Product 914,5/3/2026,1
Product 915,5/3/2026,1
Product 916,5/3/2026,1
Product 917,5/3/2026,1
Product 643,5/3/2026,1
Product 504,5/3/2026,1
Product 918,5/3/2026,1
Product 919,5/3/2026,1
Product 252,5/3/2026,1
Product 920,5/3/2026,2
Product 397,5/3/2026,1
Product 921,5/3/2026,1
Product 922,5/3/2026,1
Product 68,5/3/2026,1
Product 923,5/3/2026,1
Product 924,5/3/2026,2
Product 69,5/3/2026,1
Product 925,5/3/2026,1
Product 926,5/3/2026,1
Product 927,5/3/2026,1
Product 928,5/3/2026,1
Product 929,5/3/2026,1
Product 930,5/3/2026,1
Product 374,5/3/2026,1
Product 132,5/3/2026,1
Product 931,5/3/2026,1
Product 932,5/3/2026,1
Product 933,5/3/2026,1
Product 134,5/3/2026,1
Product 934,5/3/2026,1
Product 935,5/3/2026,1
Product 936,5/3/2026,1
Product 937,5/3/2026,1
Product 938,5/3/2026,1
Product 939,5/3/2026,2
Product 940,5/3/2026,1
Product 613,5/3/2026,1
Product 941,5/3/2026,1
Product 942,5/3/2026,1
Product 943,5/3/2026,1
Product 944,5/3/2026,1
Product 945,5/3/2026,1
Product 562,5/3/2026,1
Product 946,5/3/2026,1
Product 947,5/3/2026,1
Product 948,5/3/2026,1
Product 949,5/3/2026,2
Product 950,5/3/2026,1
Product 951,5/3/2026,1
Product 952,5/3/2026,1
Product 953,5/3/2026,1
Product 954,5/3/2026,1
Product 955,5/3/2026,1
Product 538,5/3/2026,1
Product 956,5/3/2026,2
Product 957,5/3/2026,1
Product 958,5/3/2026,1
Product 483,5/3/2026,1
Product 959,5/3/2026,3
Product 960,5/3/2026,1
Product 564,5/3/2026,1
Product 961,5/3/2026,1
Product 962,5/3/2026,1
Product 963,5/3/2026,1
Product 125,5/3/2026,-1
Product 964,5/3/2026,-2
Product 965,5/3/2026,1
Product 392,5/3/2026,1
Product 966,5/3/2026,1
Product 967,5/3/2026,1
Product 968,5/3/2026,6
Product 969,5/3/2026,2
Product 970,5/3/2026,1
Product 971,5/3/2026,1
Product 972,5/3/2026,1
Product 973,5/3/2026,1
Product 974,5/3/2026,1
Product 975,5/3/2026,1
Product 976,5/3/2026,1
Product 977,5/3/2026,2
Product 978,5/3/2026,3
Product 319,5/3/2026,1
Product 979,5/3/2026,1
Product 249,5/3/2026,2
Product 980,5/3/2026,1
Product 888,5/3/2026,3
Product 981,5/3/2026,2
Product 982,5/3/2026,1
Product 983,5/3/2026,1
Product 984,5/3/2026,1
Product 985,5/3/2026,1
Product 986,5/3/2026,1
Product 987,5/3/2026,1
Product 988,5/3/2026,1
Product 989,5/3/2026,1
Product 990,5/3/2026,1
Product 991,5/3/2026,1
Product 992,5/3/2026,2
Product 300,5/3/2026,1
Product 993,5/3/2026,1
Product 994,5/3/2026,2
Product 12,5/3/2026,1
Product 426,5/3/2026,1
Product 995,5/3/2026,1
Product 996,5/3/2026,1
Product 614,5/3/2026,1
Product 399,5/3/2026,1
Product 997,5/3/2026,1
Product 998,5/3/2026,1
Product 927,5/3/2026,1
Product 764,5/3/2026,1
Product 999,5/3/2026,1
Product 1000,5/3/2026,1
Product 1001,5/3/2026,1
Product 1002,5/3/2026,1
Product 991,5/3/2026,1
Product 1003,5/3/2026,1
Product 674,5/3/2026,1
Product 1004,5/3/2026,1
Product 1005,5/3/2026,0
Product 1006,5/3/2026,1
Product 154,5/3/2026,1
Product 1007,5/3/2026,1
Product 1008,5/3/2026,1
Product 1009,5/3/2026,1
Product 1010,5/3/2026,1
Product 1011,5/3/2026,2
Product 1012,5/3/2026,3
Product 1013,5/3/2026,1
Product 1014,5/3/2026,1
Product 1015,5/3/2026,1
Product 1016,5/3/2026,1
Product 1017,5/3/2026,1
Product 717,5/3/2026,2
Product 508,5/3/2026,1
Product 1018,5/3/2026,1
Product 1019,5/3/2026,1
Product 666,5/3/2026,1
Product 1020,5/3/2026,1
Product 1021,5/3/2026,1
Product 1022,5/3/2026,1
Product 343,5/3/2026,1
Product 563,5/3/2026,2
Product 1023,5/3/2026,2
Product 1024,5/3/2026,1
Product 1025,5/3/2026,1
Product 1026,5/3/2026,1
Product 1027,5/3/2026,1
Product 1028,5/3/2026,1
Product 1029,5/3/2026,2
Product 1030,5/3/2026,-1
Product 1031,5/3/2026,1
Product 1032,5/3/2026,1
Product 1033,5/3/2026,1
Product 1034,5/3/2026,2
Product 1035,5/3/2026,1
Product 1036,5/3/2026,1
Product 1037,5/3/2026,1
Product 1038,5/3/2026,1
Product 795,5/3/2026,1
Product 1039,5/3/2026,1
Product 1040,5/3/2026,1
Product 1041,5/3/2026,2
Product 1042,5/3/2026,1
Product 1043,5/3/2026,1
Product 1044,5/3/2026,1
Product 1045,5/3/2026,1
Product 206,5/3/2026,1
Product 265,5/3/2026,1
Product 1046,5/3/2026,1
Product 1047,5/3/2026,1
Product 1048,5/3/2026,1
Product 1049,5/3/2026,1
Product 1050,5/3/2026,1
Product 79,5/3/2026,1
Product 37,5/3/2026,1
Product 490,5/3/2026,1
Product 1051,5/3/2026,1
Product 1052,5/3/2026,2
Product 1053,5/3/2026,1
Product 1054,5/3/2026,1
Product 1055,5/3/2026,1
Product 1056,5/3/2026,2
Product 1057,5/3/2026,2
Product 268,5/3/2026,1
Product 1058,5/3/2026,1
Product 144,5/3/2026,1
Product 1059,5/3/2026,1
Product 1060,5/3/2026,1
Product 1061,5/3/2026,1
Product 1062,5/3/2026,1
Product 858,5/3/2026,1
Product 1063,5/3/2026,1
Product 1064,5/3/2026,1
Product 678,5/3/2026,1
Product 1065,5/3/2026,1
Product 616,5/3/2026,1
Product 1066,5/3/2026,1
Product 1067,5/3/2026,1
Product 215,5/3/2026,1
Product 1068,5/3/2026,1
Product 1069,5/3/2026,1
Product 1070,5/3/2026,1
Product 1071,5/3/2026,1
Product 615,5/3/2026,1
Product 1072,5/3/2026,1
Product 686,5/3/2026,1
Product 1073,5/3/2026,1
Product 1074,5/3/2026,1
Product 1075,5/3/2026,1
Product 1076,5/3/2026,1
Product 1077,5/3/2026,1
Product 1078,5/3/2026,3
Product 1079,5/3/2026,2
Product 1080,5/3/2026,1
Product 1081,5/3/2026,-2
Product 550,5/3/2026,1
Product 1082,5/3/2026,1
Product 1083,5/3/2026,6
Product 1084,5/3/2026,1
Product 1085,5/3/2026,1
Product 1086,5/3/2026,1
Product 1087,5/3/2026,1
Product 1088,5/3/2026,1
Product 1089,5/3/2026,1
Product 1090,5/3/2026,1
Product 1091,5/3/2026,1
Product 1092,5/3/2026,1
Product 1093,5/3/2026,1
Product 1094,5/3/2026,2
Product 1095,5/3/2026,1
Product 1096,5/3/2026,1
Product 1097,5/3/2026,1
Product 1098,5/3/2026,1
Product 1099,5/3/2026,1
Product 1100,5/3/2026,2
Product 1101,5/3/2026,1
Product 1102,5/3/2026,2
Product 1103,5/3/2026,1
Product 1104,5/3/2026,1
Product 531,5/3/2026,3
Product 1105,5/3/2026,4
Product 1106,5/3/2026,1
Product 1107,5/3/2026,2
Product 1108,5/3/2026,1
Product 1109,5/3/2026,1
Product 1110,5/3/2026,2
Product 1111,5/3/2026,1
Product 1112,5/3/2026,1
Product 1113,5/3/2026,1
Product 832,5/3/2026,1
Product 351,5/3/2026,1
Product 1114,5/3/2026,1
Product 1115,5/3/2026,1
Product 1116,5/3/2026,2
Product 1117,5/3/2026,3
Product 223,5/3/2026,1
Product 1118,5/3/2026,1
Product 1119,5/3/2026,1
Product 32,5/3/2026,1
Product 481,5/3/2026,1
Product 61,5/3/2026,1
Product 1120,5/3/2026,1
Product 661,5/3/2026,1
Product 1121,5/3/2026,2
Product 477,5/3/2026,1
Product 1122,5/3/2026,2
Product 1123,5/3/2026,1
Product 1124,5/3/2026,1
Product 1125,5/3/2026,0
Product 353,5/3/2026,1
Product 1126,5/3/2026,1
Product 354,5/3/2026,1
Product 1127,5/3/2026,1
Product 1128,5/3/2026,1
Product 1129,5/3/2026,1
Product 1130,5/3/2026,1
Product 490,5/3/2026,3
Product 1131,5/3/2026,1
Product 1132,5/3/2026,1
Product 152,5/3/2026,1
Product 1133,5/3/2026,1
Product 1132,5/3/2026,1
Product 1134,5/3/2026,1
Product 1135,5/3/2026,1
Product 1136,5/3/2026,1
Product 1137,5/3/2026,1
Product 1138,5/3/2026,2
Product 264,5/3/2026,1
Product 1139,5/3/2026,1
Product 1140,5/3/2026,1
Product 1141,5/3/2026,1
Product 1142,5/3/2026,1
Product 1143,5/3/2026,1
Product 457,5/3/2026,1
Product 1144,5/3/2026,1
Product 1145,5/3/2026,2
Product 65,5/3/2026,2
Product 419,5/3/2026,1
Product 502,5/3/2026,1
Product 503,5/3/2026,1
Product 502,5/3/2026,1
Product 507,5/3/2026,1
Product 504,5/3/2026,1
Product 504,5/3/2026,2
Product 717,5/3/2026,1
Product 1146,5/3/2026,1
Product 1147,5/3/2026,1
Product 1148,5/3/2026,1
Product 266,5/3/2026,2
Product 555,5/3/2026,2
Product 508,5/3/2026,1
Product 1149,5/3/2026,1
Product 1150,5/3/2026,1
Product 1151,5/3/2026,2
Product 1152,5/3/2026,1
Product 1153,5/3/2026,2
Product 1154,5/3/2026,1
Product 1155,5/3/2026,3
Product 1156,5/3/2026,1
Product 1157,5/3/2026,1
Product 529,5/3/2026,1
Product 1158,5/3/2026,1
Product 1159,5/3/2026,1
Product 482,5/3/2026,1
Product 1160,5/3/2026,2
Product 728,5/3/2026,1
Product 482,5/3/2026,1
Product 1161,5/3/2026,1
Product 1162,5/3/2026,1
Product 778,5/3/2026,1
Product 1163,5/3/2026,1
Product 1164,5/3/2026,1
Product 727,5/3/2026,1
Product 425,5/3/2026,1
Product 1165,5/3/2026,1
Product 1166,5/3/2026,1
Product 1167,5/3/2026,1
Product 1168,5/3/2026,1
Product 1169,5/3/2026,1
Product 1170,5/3/2026,1
Product 478,5/3/2026,1
Product 1171,5/3/2026,1
Product 1172,5/3/2026,1
Product 652,5/3/2026,2
Product 1173,5/3/2026,1
Product 316,5/3/2026,1
Product 1174,5/3/2026,1
Product 664,5/3/2026,1
Product 1175,5/3/2026,1
Product 536,5/3/2026,1
Product 1176,5/3/2026,1
Product 857,5/3/2026,1
Product 1177,5/3/2026,1
Product 1178,5/3/2026,1
Product 1179,5/3/2026,1
Product 1180,5/3/2026,1
Product 1181,5/3/2026,1
Product 1182,5/3/2026,1
Product 313,5/3/2026,1
Product 455,5/3/2026,1
Product 894,5/3/2026,1
Product 190,5/3/2026,1
Product 1183,5/3/2026,1
Product 1184,5/3/2026,1
Product 1185,5/3/2026,1
Product 685,5/3/2026,1
Product 542,5/3/2026,1
Product 1186,5/3/2026,1
Product 1187,5/3/2026,1
Product 1188,5/3/2026,1
Product 314,5/3/2026,2
Product 538,5/3/2026,1
Product 531,5/3/2026,1
Product 744,5/3/2026,1
Product 744,5/3/2026,2
Product 1189,5/3/2026,1
Product 1190,5/3/2026,1
Product 1191,5/3/2026,1
Product 1192,5/3/2026,1
Product 1193,5/3/2026,1
Product 543,5/3/2026,1
Product 1194,5/3/2026,1
Product 1195,5/3/2026,1
Product 323,5/3/2026,1
Product 1196,5/3/2026,1
Product 506,5/3/2026,1
Product 1197,5/3/2026,1
Product 752,5/3/2026,1
Product 1198,5/3/2026,1
Product 1199,5/2/2026,1
Product 326,5/2/2026,1
Product 2,5/2/2026,1
Product 13,5/2/2026,2
Product 329,5/2/2026,1
Product 721,5/2/2026,1
Product 2,5/2/2026,2
Product 7,5/2/2026,4
Product 945,5/2/2026,1
Product 1200,5/2/2026,2
Product 158,5/2/2026,1
Product 1201,5/2/2026,2
Product 1202,5/2/2026,3
Product 1203,5/2/2026,1
Product 1204,5/2/2026,1
Product 981,5/2/2026,1
Product 1205,5/2/2026,1
Product 247,5/2/2026,1
Product 1206,5/2/2026,1
Product 1207,5/2/2026,1
Product 1208,5/2/2026,1
Product 564,5/2/2026,1
Product 1209,5/2/2026,1
Product 1210,5/2/2026,1
Product 1211,5/2/2026,1
Product 1212,5/2/2026,1
Product 1213,5/2/2026,1
Product 6,5/2/2026,1
Product 548,5/2/2026,1
Product 1214,5/2/2026,1
Product 551,5/2/2026,2
Product 561,5/2/2026,1
Product 1215,5/2/2026,1
Product 1216,5/2/2026,1
Product 1216,5/2/2026,2
Product 7,5/2/2026,2
Product 13,5/2/2026,1
Product 13,5/2/2026,6
Product 1217,5/2/2026,1
Product 1070,5/2/2026,2
Product 1218,5/2/2026,1
Product 329,5/2/2026,1
Product 329,5/2/2026,1
Product 1219,5/2/2026,2
Product 37,5/2/2026,2
Product 1220,5/2/2026,1
Product 918,5/2/2026,2
Product 488,5/2/2026,3
Product 1221,5/2/2026,2
Product 1222,5/2/2026,1
Product 1213,5/2/2026,1
Product 329,5/2/2026,2
Product 1223,5/2/2026,1
Product 1224,5/2/2026,1
Product 1225,5/2/2026,1
Product 1226,5/2/2026,1
Product 1227,5/2/2026,2
Product 1228,5/2/2026,1
Product 1229,5/2/2026,1
Product 899,5/2/2026,2
Product 1230,5/2/2026,1
Product 1231,5/2/2026,1
Product 1232,5/2/2026,1
Product 1233,5/2/2026,2
Product 354,5/2/2026,1
Product 1231,5/2/2026,1
Product 1234,5/2/2026,1
Product 308,5/2/2026,5
Product 1235,5/2/2026,2
Product 61,5/2/2026,2
Product 1236,5/2/2026,1
Product 1237,5/2/2026,1
Product 1238,5/2/2026,1
Product 333,5/2/2026,1
Product 1239,5/2/2026,2
Product 1240,5/2/2026,1
Product 745,5/2/2026,2
Product 556,5/2/2026,1
Product 337,5/2/2026,1
Product 79,5/2/2026,3
Product 1241,5/2/2026,1
Product 495,5/2/2026,1
Product 337,5/2/2026,1
Product 1242,5/2/2026,1
Product 79,5/2/2026,4
Product 1243,5/2/2026,1
Product 1141,5/2/2026,1
Product 1244,5/2/2026,5
Product 1245,5/2/2026,1
Product 1246,5/2/2026,1
Product 279,5/2/2026,1
Product 1007,5/2/2026,1
Product 894,5/2/2026,1
Product 1247,5/2/2026,1
Product 20,5/2/2026,1
Product 1248,5/2/2026,1
Product 1249,5/2/2026,1
Product 1250,5/2/2026,1
Product 37,5/2/2026,1
Product 1251,5/2/2026,1
Product 1252,5/2/2026,1
Product 35,5/2/2026,1
Product 806,5/2/2026,1
Product 984,5/2/2026,1
Product 1253,5/2/2026,1
Product 1254,5/2/2026,1
Product 1255,5/2/2026,0
Product 1256,5/2/2026,2
Product 1257,5/2/2026,1
Product 1258,5/2/2026,1
Product 812,5/2/2026,1
Product 1259,5/2/2026,0
Product 707,5/2/2026,1
Product 364,5/2/2026,-1
Product 1260,5/2/2026,1
Product 1261,5/2/2026,1
Product 1262,5/2/2026,1
Product 1263,5/2/2026,2
Product 1264,5/2/2026,1
Product 1265,5/2/2026,1
Product 372,5/2/2026,1
Product 1266,5/2/2026,1
Product 1267,5/2/2026,2
Product 1268,5/2/2026,1
Product 1269,5/2/2026,3
Product 1270,5/2/2026,1
Product 1271,5/2/2026,1
Product 79,5/2/2026,4
Product 1272,5/2/2026,1
Product 1273,5/2/2026,1
Product 1274,5/2/2026,1
Product 286,5/2/2026,1
Product 227,5/2/2026,1
Product 725,5/2/2026,1
Product 1275,5/2/2026,1
Product 1276,5/2/2026,1
Product 1277,5/2/2026,1
Product 1278,5/2/2026,1
Product 1279,5/2/2026,1
Product 1280,5/2/2026,1
Product 1281,5/2/2026,1
Product 749,5/2/2026,1
Product 1236,5/2/2026,1
Product 1272,5/2/2026,1
Product 1282,5/2/2026,1
Product 1283,5/2/2026,1
Product 125,5/2/2026,1
Product 37,5/2/2026,2
Product 1284,5/2/2026,1
Product 1285,5/2/2026,2
Product 1286,5/2/2026,1
Product 1287,5/2/2026,1
Product 1288,5/2/2026,1
Product 707,5/2/2026,2
Product 183,5/2/2026,1
Product 537,5/2/2026,3
Product 1289,5/2/2026,1
Product 1290,5/2/2026,1
Product 1291,5/2/2026,1
Product 835,5/2/2026,1
Product 1292,5/2/2026,1
Product 1293,5/2/2026,10
Product 1294,5/2/2026,1
Product 1295,5/2/2026,1
Product 1169,5/2/2026,1
Product 1296,5/2/2026,1
Product 858,5/2/2026,2
Product 1297,5/2/2026,1
Product 478,5/2/2026,1
Product 1298,5/2/2026,1
Product 1299,5/2/2026,1
Product 1300,5/2/2026,1
Product 820,5/2/2026,1
Product 1301,5/2/2026,1
Product 1302,5/2/2026,1
Product 1303,5/2/2026,1
Product 1304,5/2/2026,3
Product 50,5/2/2026,1
Product 1305,5/2/2026,1
Product 1306,5/2/2026,1
Product 1307,5/2/2026,1
Product 1308,5/2/2026,1
Product 73,5/2/2026,2
Product 1309,5/2/2026,3
Product 1310,5/2/2026,3
Product 1311,5/2/2026,2
Product 1312,5/2/2026,2
Product 791,5/2/2026,1
Product 1313,5/2/2026,1
Product 1314,5/2/2026,1
Product 1315,5/2/2026,1
Product 503,5/2/2026,10
Product 1316,5/2/2026,1
Product 1317,5/2/2026,1
Product 884,5/2/2026,1
Product 965,5/2/2026,1
Product 392,5/2/2026,1
Product 1318,5/2/2026,1
Product 1319,5/2/2026,1
Product 423,5/2/2026,1
Product 1320,5/2/2026,1
Product 1321,5/2/2026,2
Product 1322,5/2/2026,2
Product 1323,5/2/2026,2
Product 1324,5/2/2026,1
Product 275,5/2/2026,2
Product 1325,5/2/2026,1
Product 1326,5/2/2026,1
Product 1327,5/2/2026,1
Product 1328,5/2/2026,1
Product 1329,5/2/2026,1
Product 1330,5/2/2026,2
Product 1331,5/2/2026,2
Product 891,5/2/2026,1
Product 1332,5/2/2026,1
Product 1333,5/2/2026,1
Product 1334,5/2/2026,1
Product 1335,5/2/2026,1
Product 896,5/2/2026,1
Product 1336,5/2/2026,1
Product 1337,5/2/2026,1
Product 1338,5/2/2026,1
Product 1045,5/2/2026,1
Product 1339,5/2/2026,1
Product 86,5/2/2026,1
Product 1340,5/2/2026,1
Product 1341,5/2/2026,1
Product 1342,5/2/2026,1
Product 877,5/2/2026,1
Product 1343,5/2/2026,1
Product 1344,5/2/2026,1
Product 367,5/2/2026,1
Product 604,5/2/2026,1
Product 1345,5/2/2026,1
Product 1346,5/2/2026,1
Product 1347,5/2/2026,2
Product 1348,5/2/2026,1
Product 1349,5/2/2026,1
Product 1350,5/2/2026,1
Product 409,5/2/2026,1
Product 1351,5/2/2026,1
Product 1352,5/2/2026,1
Product 1353,5/2/2026,8
Product 1354,5/2/2026,1
Product 1355,5/2/2026,1
Product 1356,5/2/2026,1
Product 1357,5/2/2026,1
Product 1358,5/2/2026,1
Product 1359,5/2/2026,1
Product 1360,5/2/2026,1
Product 1361,5/2/2026,1
Product 991,5/2/2026,1
Product 1362,5/2/2026,1
Product 37,5/2/2026,2
Product 1315,5/2/2026,1
Product 1178,5/2/2026,1
Product 1363,5/2/2026,1
Product 1364,5/2/2026,1
Product 1365,5/2/2026,1
Product 1366,5/2/2026,1
Product 653,5/2/2026,1
Product 279,5/2/2026,1
Product 1367,5/2/2026,1
Product 1360,5/2/2026,1
Product 940,5/2/2026,1
Product 1368,5/2/2026,1
Product 1369,5/2/2026,1
Product 1370,5/2/2026,1
Product 1371,5/2/2026,1
Product 1004,5/2/2026,1
Product 1372,5/2/2026,1
Product 1373,5/2/2026,2
Product 1374,5/2/2026,1
Product 1375,5/2/2026,1
Product 1194,5/2/2026,1
Product 930,5/2/2026,1
Product 133,5/2/2026,1
Product 1376,5/2/2026,1
Product 1377,5/2/2026,1
Product 1378,5/2/2026,1
Product 552,5/2/2026,1
Product 1378,5/2/2026,1
Product 1379,5/2/2026,2
Product 1380,5/2/2026,1
Product 1376,5/2/2026,1
Product 1381,5/2/2026,1
Product 1382,5/2/2026,1
Product 1383,5/2/2026,1
Product 157,5/2/2026,1
Product 1384,5/2/2026,2
Product 679,5/2/2026,4
Product 1385,5/2/2026,1
Product 1101,5/2/2026,1
Product 1386,5/2/2026,1
Product 680,5/2/2026,1
Product 1387,5/2/2026,1
Product 102,5/2/2026,1
Product 1388,5/2/2026,1
Product 1148,5/2/2026,3
Product 1389,5/2/2026,1
Product 1390,5/2/2026,1
Product 1391,5/2/2026,1
Product 402,5/2/2026,1
Product 1392,5/2/2026,4
Product 1393,5/2/2026,2
Product 1394,5/2/2026,1
Product 865,5/2/2026,2
Product 1395,5/2/2026,3
Product 1396,5/2/2026,3
Product 1397,5/2/2026,8
Product 1398,5/2/2026,5
Product 1399,5/2/2026,1
Product 1400,5/2/2026,1
Product 1401,5/2/2026,1
Product 1402,5/2/2026,3
Product 1403,5/2/2026,2
Product 277,5/2/2026,1
Product 1404,5/2/2026,1
Product 1405,5/2/2026,1
Product 23,5/2/2026,1
Product 1406,5/2/2026,1
Product 1407,5/2/2026,1
Product 1408,5/2/2026,1
Product 1409,5/2/2026,2
Product 1410,5/2/2026,2
Product 1411,5/2/2026,1
Product 1412,5/2/2026,1
Product 1413,5/2/2026,1
Product 1007,5/2/2026,1
Product 1414,5/2/2026,1
Product 1415,5/2/2026,1
Product 159,5/2/2026,1
Product 1416,5/2/2026,1
Product 1417,5/2/2026,1
Product 1418,5/2/2026,1
Product 1419,5/2/2026,1
Product 1420,5/2/2026,1
Product 1421,5/2/2026,1
Product 1422,5/2/2026,1
Product 1423,5/2/2026,1
Product 1424,5/2/2026,1
Product 1190,5/2/2026,1
Product 985,5/2/2026,1
Product 1425,5/2/2026,1
Product 1426,5/2/2026,1
Product 1427,5/2/2026,1
Product 1428,5/2/2026,1
Product 1429,5/2/2026,1
Product 238,5/2/2026,1
Product 1430,5/2/2026,1
Product 1431,5/2/2026,1
Product 1432,5/2/2026,1
Product 79,5/2/2026,2
Product 56,5/2/2026,1
Product 1433,5/2/2026,3
Product 1434,5/2/2026,1
Product 1435,5/2/2026,1
Product 1436,5/2/2026,1
Product 1437,5/2/2026,1
Product 1438,5/2/2026,5
Product 1439,5/2/2026,1
Product 1440,5/2/2026,4
Product 1441,5/2/2026,2
Product 1442,5/2/2026,1
Product 1443,5/2/2026,1
Product 1444,5/2/2026,1
Product 1445,5/2/2026,1
Product 1446,5/2/2026,1
Product 1447,5/2/2026,1
Product 346,5/2/2026,1
Product 1448,5/2/2026,1
Product 1449,5/2/2026,1
Product 1450,5/2/2026,1
Product 199,5/2/2026,1
Product 1451,5/2/2026,1
Product 1452,5/2/2026,1
Product 1453,5/2/2026,1
Product 266,5/2/2026,1
Product 674,5/2/2026,1
Product 1454,5/2/2026,1
Product 316,5/2/2026,1
Product 1455,5/2/2026,2
Product 675,5/2/2026,1
Product 1456,5/2/2026,1
Product 1456,5/2/2026,1
Product 1457,5/2/2026,1
Product 103,5/2/2026,1
Product 1458,5/2/2026,1
Product 1459,5/2/2026,2
Product 1460,5/2/2026,2
Product 1461,5/2/2026,2
Product 1462,5/2/2026,2
Product 1463,5/2/2026,2
Product 1464,5/2/2026,2
Product 1465,5/2/2026,2
Product 1466,5/2/2026,1
Product 681,5/2/2026,1
Product 1467,5/2/2026,1
Product 1468,5/2/2026,1
Product 1068,5/2/2026,1
Product 683,5/2/2026,1
Product 1469,5/2/2026,1
Product 1470,5/2/2026,2
Product 1471,5/2/2026,3
Product 1472,5/2/2026,1
Product 1473,5/2/2026,1
Product 1474,5/2/2026,1
Product 1475,5/2/2026,1
Product 1184,5/2/2026,1
Product 1476,5/2/2026,1
Product 1477,5/2/2026,1
Product 1478,5/2/2026,1
Product 1479,5/2/2026,1
Product 1480,5/2/2026,1
Product 1481,5/2/2026,1
Product 1482,5/2/2026,3
Product 1483,5/2/2026,1
Product 1484,5/2/2026,2
Product 1485,5/2/2026,1
Product 1486,5/2/2026,2
Product 1487,5/2/2026,1
Product 735,5/2/2026,1
Product 1488,5/2/2026,1
Product 1489,5/2/2026,1
Product 1490,5/2/2026,1
Product 1491,5/2/2026,1
Product 470,5/2/2026,1
Product 1492,5/2/2026,1
Product 1493,5/2/2026,1
Product 443,5/2/2026,1
Product 223,5/2/2026,1
Product 1494,5/2/2026,1
Product 696,5/2/2026,1
Product 1495,5/2/2026,1
Product 1496,5/2/2026,1
Product 910,5/2/2026,1
Product 1497,5/2/2026,1
Product 1498,5/2/2026,2
Product 1499,5/2/2026,-2
Product 1322,5/2/2026,1
Product 1500,5/2/2026,1
Product 489,5/2/2026,2
Product 1501,5/2/2026,1
Product 872,5/2/2026,2
Product 1176,5/2/2026,1
Product 108,5/2/2026,1
Product 1502,5/2/2026,1
Product 1503,5/2/2026,1
Product 1504,5/2/2026,1
Product 267,5/2/2026,1
Product 1505,5/2/2026,1
Product 775,5/2/2026,1
Product 1506,5/2/2026,1
Product 1507,5/2/2026,1
Product 500,5/2/2026,5
Product 1508,5/2/2026,1
Product 504,5/2/2026,2
Product 503,5/2/2026,4
Product 717,5/2/2026,2
Product 1509,5/2/2026,3
Product 1510,5/2/2026,1
Product 1511,5/2/2026,1
Product 1512,5/2/2026,1
Product 66,5/2/2026,2
Product 279,5/2/2026,1
Product 555,5/2/2026,1
Product 1513,5/2/2026,1
Product 286,5/2/2026,1
Product 1514,5/2/2026,1
Product 727,5/2/2026,1
Product 1515,5/2/2026,1
Product 1516,5/2/2026,1
Product 1159,5/2/2026,1
Product 1517,5/2/2026,1
Product 1518,5/2/2026,2
Product 1519,5/2/2026,2
Product 1520,5/2/2026,1
Product 1521,5/2/2026,1
Product 1522,5/2/2026,1
Product 892,5/2/2026,1
Product 1523,5/2/2026,1
Product 1524,5/2/2026,1
Product 354,5/2/2026,1
Product 1475,5/2/2026,1
Product 1525,5/2/2026,2
Product 1526,5/2/2026,1
Product 1527,5/2/2026,1
Product 1528,5/2/2026,1
Product 43,5/2/2026,1
Product 1529,5/2/2026,1
Product 1528,5/2/2026,1
Product 850,5/2/2026,1
Product 1530,5/2/2026,1
Product 171,5/2/2026,1
Product 1531,5/2/2026,1
Product 1532,5/2/2026,1
Product 1533,5/2/2026,1
Product 1534,5/2/2026,1
Product 1535,5/2/2026,1
Product 1536,5/2/2026,1
Product 10,5/2/2026,1
Product 1537,5/2/2026,1
Product 1538,5/2/2026,1
Product 750,5/2/2026,1
Product 1539,5/2/2026,1
Product 856,5/2/2026,1
Product 455,5/2/2026,1
Product 1540,5/2/2026,1
Product 1541,5/2/2026,1
Product 857,5/2/2026,1
Product 858,5/2/2026,1
Product 732,5/2/2026,1
Product 1542,5/2/2026,1
Product 1543,5/2/2026,2
Product 319,5/2/2026,1
Product 313,5/2/2026,3
Product 313,5/2/2026,1
Product 1544,5/2/2026,1
Product 314,5/2/2026,2
Product 535,5/2/2026,1
Product 1545,5/2/2026,1
Product 1546,5/2/2026,1
Product 486,5/2/2026,1
Product 1547,5/2/2026,3
Product 1548,5/2/2026,1
Product 252,5/2/2026,1
Product 1538,5/2/2026,1
Product 543,5/2/2026,1
Product 322,5/2/2026,1
Product 1549,5/2/2026,2
Product 1236,5/2/2026,1
Product 12,5/2/2026,2
Product 506,5/2/2026,1
Product 1550,5/2/2026,1
Product 3,5/1/2026,1
Product 329,5/1/2026,1
Product 79,5/1/2026,2
Product 1551,5/1/2026,1
Product 1552,5/1/2026,1
Product 303,5/1/2026,1
Product 1553,5/1/2026,1
Product 764,5/1/2026,1
Product 3,5/1/2026,1
Product 1554,5/1/2026,2
Product 638,5/1/2026,1
Product 1555,5/1/2026,1
Product 548,5/1/2026,1
Product 1556,5/1/2026,1
Product 328,5/1/2026,1
Product 7,5/1/2026,1
Product 1238,5/1/2026,1
Product 13,5/1/2026,2
Product 13,5/1/2026,1
Product 13,5/1/2026,6
Product 329,5/1/2026,2
Product 1557,5/1/2026,1
Product 787,5/1/2026,1
Product 1558,5/1/2026,1
Product 754,5/1/2026,1
Product 1231,5/1/2026,1
Product 806,5/1/2026,1
Product 1559,5/1/2026,1
Product 79,5/1/2026,7
Product 216,5/1/2026,1
Product 1244,5/1/2026,4
Product 333,5/1/2026,1
Product 1245,5/1/2026,1
Product 1424,5/1/2026,1
Product 1170,5/1/2026,1
Product 1560,5/1/2026,1
Product 1561,5/1/2026,1
Product 1562,5/1/2026,1
Product 465,5/1/2026,1
Product 1563,5/1/2026,1
Product 1245,5/1/2026,1
Product 806,5/1/2026,1
Product 1564,5/1/2026,1
Product 1565,5/1/2026,1
Product 1566,5/1/2026,1
Product 1567,5/1/2026,1
Product 1568,5/1/2026,1
Product 1569,5/1/2026,1
Product 1570,5/1/2026,1
Product 1571,5/1/2026,1
Product 1572,5/1/2026,1
Product 1573,5/1/2026,1
Product 1574,5/1/2026,1
Product 17,5/1/2026,1
Product 372,5/1/2026,1
Product 1575,5/1/2026,1
Product 17,5/1/2026,1
Product 1576,5/1/2026,1
Product 1577,5/1/2026,1
Product 338,5/1/2026,1
Product 1145,5/1/2026,1
Product 1146,5/1/2026,2
Product 573,5/1/2026,2
Product 1578,5/1/2026,1
Product 1579,5/1/2026,2
Product 1580,5/1/2026,1
Product 1581,5/1/2026,2
Product 1582,5/1/2026,1
Product 1003,5/1/2026,1
Product 1583,5/1/2026,1
Product 1584,5/1/2026,1
Product 1585,5/1/2026,1
Product 1586,5/1/2026,1
Product 1587,5/1/2026,1
Product 1588,5/1/2026,1
Product 1589,5/1/2026,1
Product 1590,5/1/2026,1
Product 65,5/1/2026,1
Product 268,5/1/2026,1
Product 1591,5/1/2026,1
Product 1592,5/1/2026,0
Product 804,5/1/2026,1
Product 1593,5/1/2026,1
Product 1594,5/1/2026,1
Product 857,5/1/2026,1
Product 808,5/1/2026,1
Product 1595,5/1/2026,1
Product 1596,5/1/2026,1
Product 1068,5/1/2026,1
Product 1597,5/1/2026,2
Product 1598,5/1/2026,4
Product 1599,5/1/2026,1
Product 1600,5/1/2026,2
Product 354,5/1/2026,1
Product 1601,5/1/2026,1
Product 1069,5/1/2026,1
Product 1602,5/1/2026,1
Product 1603,5/1/2026,2
Product 1559,5/1/2026,1
Product 1604,5/1/2026,1
Product 1605,5/1/2026,1
Product 1606,5/1/2026,1
Product 1607,5/1/2026,1
Product 1608,5/1/2026,1
Product 1609,5/1/2026,1
Product 1610,5/1/2026,2
Product 1611,5/1/2026,1
Product 1612,5/1/2026,1
Product 463,5/1/2026,1
Product 1499,5/1/2026,4
Product 1613,5/1/2026,1
Product 730,5/1/2026,1
Product 1614,5/1/2026,1
Product 1615,5/1/2026,1
Product 315,5/1/2026,1
Product 547,5/1/2026,1
Product 1616,5/1/2026,1
Product 1617,5/1/2026,1
Product 36,5/1/2026,1
Product 1618,5/1/2026,1
Product 79,5/1/2026,4
Product 1619,5/1/2026,1
Product 1620,5/1/2026,1
Product 1621,5/1/2026,1
Product 1622,5/1/2026,1
Product 1623,5/1/2026,1
Product 1290,5/1/2026,1
Product 1624,5/1/2026,1
Product 1625,5/1/2026,1
Product 1626,5/1/2026,1
Product 835,5/1/2026,1
Product 102,5/1/2026,1
Product 1627,5/1/2026,1
Product 1094,5/1/2026,1
Product 274,5/1/2026,1
Product 1628,5/1/2026,1
Product 294,5/1/2026,2
Product 1629,5/1/2026,1
Product 1630,5/1/2026,1
Product 1631,5/1/2026,1
Product 1632,5/1/2026,1
Product 1633,5/1/2026,1
Product 1634,5/1/2026,2
Product 1635,5/1/2026,2
Product 1636,5/1/2026,1
Product 1637,5/1/2026,2
Product 1638,5/1/2026,1
Product 1639,5/1/2026,1
Product 1640,5/1/2026,1
Product 1641,5/1/2026,1
Product 1642,5/1/2026,1
Product 1643,5/1/2026,1
Product 1644,5/1/2026,1
Product 1624,5/1/2026,1
Product 45,5/1/2026,2
Product 1645,5/1/2026,1
Product 45,5/1/2026,1
Product 1646,5/1/2026,1
Product 1647,5/1/2026,1
Product 1648,5/1/2026,1
Product 1649,5/1/2026,1
Product 1650,5/1/2026,1
Product 1651,5/1/2026,1
Product 1652,5/1/2026,1
Product 1653,5/1/2026,3
Product 1654,5/1/2026,1
Product 1655,5/1/2026,1
Product 1656,5/1/2026,1
Product 1657,5/1/2026,1
Product 1658,5/1/2026,1
Product 1659,5/1/2026,1
Product 1660,5/1/2026,2
Product 1661,5/1/2026,1
Product 1662,5/1/2026,1
Product 566,5/1/2026,1
Product 1663,5/1/2026,1
Product 67,5/1/2026,2
Product 99,5/1/2026,2
Product 205,5/1/2026,1
Product 67,5/1/2026,4
Product 73,5/1/2026,2
Product 1664,5/1/2026,1
Product 570,5/1/2026,2
Product 1665,5/1/2026,2
Product 1666,5/1/2026,1
Product 140,5/1/2026,1
Product 1667,5/1/2026,1
Product 1668,5/1/2026,1
Product 935,5/1/2026,2
Product 1002,5/1/2026,1
Product 1068,5/1/2026,1
Product 1669,5/1/2026,3
Product 1670,5/1/2026,1
Product 1671,5/1/2026,1
Product 373,5/1/2026,1
Product 1672,5/1/2026,1
Product 1673,5/1/2026,1
Product 1674,5/1/2026,1
Product 1675,5/1/2026,1
Product 1676,5/1/2026,1
Product 1677,5/1/2026,1
Product 1678,5/1/2026,1
Product 1679,5/1/2026,2
Product 750,5/1/2026,1
Product 1455,5/1/2026,1
Product 1680,5/1/2026,1
Product 1630,5/1/2026,1
Product 1176,5/1/2026,1
Product 1681,5/1/2026,2
Product 1682,5/1/2026,1
Product 130,5/1/2026,1
Product 1683,5/1/2026,1
Product 1684,5/1/2026,1
Product 1685,5/1/2026,1
Product 1686,5/1/2026,1
Product 1687,5/1/2026,1
Product 1688,5/1/2026,1
Product 598,5/1/2026,1
Product 599,5/1/2026,2
Product 966,5/1/2026,1
Product 1689,5/1/2026,0
Product 911,5/1/2026,1
Product 1690,5/1/2026,1
Product 1691,5/1/2026,1
Product 1692,5/1/2026,1
Product 1693,5/1/2026,1
Product 121,5/1/2026,1
Product 1693,5/1/2026,3
Product 995,5/1/2026,1
Product 942,5/1/2026,1
Product 37,5/1/2026,1
Product 1694,5/1/2026,1
Product 1695,5/1/2026,1
Product 170,5/1/2026,1
Product 733,5/1/2026,1
Product 599,5/1/2026,2
Product 1696,5/1/2026,1
Product 1697,5/1/2026,1
Product 1698,5/1/2026,1
Product 1699,5/1/2026,1
Product 1291,5/1/2026,1
Product 1700,5/1/2026,4
Product 923,5/1/2026,1
Product 610,5/1/2026,1
Product 931,5/1/2026,1
Product 1361,5/1/2026,1
Product 920,5/1/2026,1
Product 1701,5/1/2026,1
Product 790,5/1/2026,1
Product 1702,5/1/2026,2
Product 1703,5/1/2026,1
Product 933,5/1/2026,1
Product 1001,5/1/2026,1
Product 1704,5/1/2026,1
Product 1244,5/1/2026,4
Product 503,5/1/2026,4
Product 741,5/1/2026,1
Product 1705,5/1/2026,1
Product 1706,5/1/2026,1
Product 1665,5/1/2026,2
Product 924,5/1/2026,1
Product 146,5/1/2026,2
Product 1707,5/1/2026,1
Product 1708,5/1/2026,1
Product 1200,5/1/2026,1
Product 1709,5/1/2026,1
Product 1209,5/1/2026,1
Product 989,5/1/2026,1
Product 614,5/1/2026,1
Product 681,5/1/2026,1
Product 1350,5/1/2026,1
Product 1710,5/1/2026,1
Product 1711,5/1/2026,1
Product 1712,5/1/2026,1
Product 1713,5/1/2026,1
Product 1714,5/1/2026,1
Product 1715,5/1/2026,1
Product 1716,5/1/2026,1
Product 1717,5/1/2026,1
Product 1004,5/1/2026,2
Product 940,5/1/2026,2
Product 147,5/1/2026,2
Product 1718,5/1/2026,2
Product 1582,5/1/2026,2
Product 71,5/1/2026,2
Product 1719,5/1/2026,1
Product 146,5/1/2026,2
Product 341,5/1/2026,1
Product 1720,5/1/2026,1
Product 1582,5/1/2026,1
Product 1003,5/1/2026,1
Product 1721,5/1/2026,1
Product 1722,5/1/2026,1
Product 1723,5/1/2026,1
Product 958,5/1/2026,1
Product 9,5/1/2026,1
Product 1724,5/1/2026,2
Product 1725,5/1/2026,1
Product 447,5/1/2026,1
Product 1726,5/1/2026,1
Product 1727,5/1/2026,1
Product 1403,5/1/2026,1
Product 1728,5/1/2026,1
Product 1729,5/1/2026,2
Product 37,5/1/2026,2
Product 1730,5/1/2026,2
Product 1731,5/1/2026,1
Product 1732,5/1/2026,1
Product 1733,5/1/2026,1
Product 638,5/1/2026,1
Product 190,5/1/2026,1
Product 1734,5/1/2026,1
Product 414,5/1/2026,1
Product 1735,5/1/2026,1
Product 1736,5/1/2026,1
Product 1737,5/1/2026,1
Product 371,5/1/2026,1
Product 1738,5/1/2026,1
Product 1739,5/1/2026,1
Product 1740,5/1/2026,1
Product 1741,5/1/2026,1
Product 1742,5/1/2026,1
Product 1743,5/1/2026,1
Product 1744,5/1/2026,2
Product 1745,5/1/2026,1
Product 1746,5/1/2026,1
Product 1747,5/1/2026,1
Product 643,5/1/2026,1
Product 1748,5/1/2026,1
Product 1749,5/1/2026,1
Product 135,5/1/2026,2
Product 1750,5/1/2026,1
Product 249,5/1/2026,1
Product 1427,5/1/2026,1
Product 1124,5/1/2026,1
Product 1751,5/1/2026,2
Product 79,5/1/2026,1
Product 1752,5/1/2026,2
Product 490,5/1/2026,1
Product 1753,5/1/2026,1
Product 1754,5/1/2026,1
Product 1755,5/1/2026,1
Product 531,5/1/2026,1
Product 1756,5/1/2026,1
Product 1757,5/1/2026,1
Product 1758,5/1/2026,1
Product 1759,5/1/2026,2
Product 166,5/1/2026,1
Product 1760,5/1/2026,1
Product 1761,5/1/2026,1
Product 349,5/1/2026,1
Product 144,5/1/2026,1
Product 144,5/1/2026,1
Product 1762,5/1/2026,1
Product 1547,5/1/2026,1
Product 1763,5/1/2026,1
Product 1456,5/1/2026,1
Product 1764,5/1/2026,1
Product 1765,5/1/2026,1
Product 1418,5/1/2026,1
Product 1766,5/1/2026,1
Product 1767,5/1/2026,1
Product 1768,5/1/2026,1
Product 549,5/1/2026,1
Product 1769,5/1/2026,1
Product 1467,5/1/2026,1
Product 1770,5/1/2026,1
Product 1771,5/1/2026,1
Product 1772,5/1/2026,1
Product 1072,5/1/2026,1
Product 1773,5/1/2026,1
Product 218,5/1/2026,2
Product 1774,5/1/2026,1
Product 1775,5/1/2026,1
Product 1776,5/1/2026,1
Product 1777,5/1/2026,3
Product 1778,5/1/2026,1
Product 1779,5/1/2026,1
Product 1780,5/1/2026,1
Product 1781,5/1/2026,1
Product 1782,5/1/2026,1
Product 894,5/1/2026,1
Product 410,5/1/2026,1
Product 1681,5/1/2026,1
Product 1550,5/1/2026,1
Product 752,5/1/2026,1
Product 406,5/1/2026,1
Product 1783,5/1/2026,1
Product 1784,5/1/2026,1
Product 1785,5/1/2026,1
Product 1786,5/1/2026,1
Product 1787,5/1/2026,1
Product 1788,5/1/2026,1
Product 1789,5/1/2026,1
Product 1790,5/1/2026,1
Product 1791,5/1/2026,1
Product 1792,5/1/2026,1
Product 1793,5/1/2026,1
Product 1794,5/1/2026,1
Product 973,5/1/2026,1
Product 1485,5/1/2026,1
Product 1795,5/1/2026,1
Product 1796,5/1/2026,1
Product 1797,5/1/2026,2
Product 1798,5/1/2026,2
Product 1056,5/1/2026,2
Product 1799,5/1/2026,2
Product 1057,5/1/2026,3
Product 1800,5/1/2026,1
Product 1801,5/1/2026,2
Product 264,5/1/2026,1
Product 268,5/1/2026,4
Product 717,5/1/2026,3
Product 1802,5/1/2026,1
Product 1803,5/1/2026,1
Product 288,5/1/2026,1
Product 1804,5/1/2026,1
Product 1127,5/1/2026,1
Product 1128,5/1/2026,1
Product 1805,5/1/2026,1
Product 48,5/1/2026,1
Product 1806,5/1/2026,1
Product 1807,5/1/2026,4
Product 1808,5/1/2026,3
Product 1809,5/1/2026,1
Product 246,5/1/2026,1
Product 1537,5/1/2026,1
Product 414,5/1/2026,1
Product 1810,5/1/2026,1
Product 1811,5/1/2026,1
Product 1601,5/1/2026,1
Product 1497,5/1/2026,1
Product 110,5/1/2026,1
Product 1812,5/1/2026,1
Product 1813,5/1/2026,1
Product 1814,5/1/2026,2
Product 1815,5/1/2026,1
Product 672,5/1/2026,1
Product 1816,5/1/2026,2
Product 492,5/1/2026,1
Product 1817,5/1/2026,1
Product 259,5/1/2026,1
Product 275,5/1/2026,2
Product 260,5/1/2026,1
Product 1818,5/1/2026,2
Product 108,5/1/2026,1
Product 1819,5/1/2026,1
Product 1820,5/1/2026,2
Product 1821,5/1/2026,1
Product 1142,5/1/2026,1
Product 1474,5/1/2026,1
Product 116,5/1/2026,3
Product 1822,5/1/2026,1
Product 1823,5/1/2026,1
Product 65,5/1/2026,1
Product 745,5/1/2026,2
Product 1824,5/1/2026,0
Product 1825,5/1/2026,1
Product 918,5/1/2026,1
Product 488,5/1/2026,1
Product 664,5/1/2026,1
Product 1826,5/1/2026,1
Product 66,5/1/2026,1
Product 1827,5/1/2026,1
Product 1828,5/1/2026,1
Product 1829,5/1/2026,1
Product 280,5/1/2026,1
Product 507,5/1/2026,1
Product 285,5/1/2026,1
Product 285,5/1/2026,2
Product 286,5/1/2026,1
Product 1830,5/1/2026,1
Product 61,5/1/2026,1
Product 316,5/1/2026,1
Product 1831,5/1/2026,1
Product 110,5/1/2026,1
Product 110,5/1/2026,1
Product 1832,5/1/2026,1
Product 1833,5/1/2026,1
Product 1834,5/1/2026,1
Product 1835,5/1/2026,1
Product 1836,5/1/2026,1
Product 1837,5/1/2026,1
Product 527,5/1/2026,1
Product 1830,5/1/2026,1
Product 1838,5/1/2026,1
Product 1839,5/1/2026,1
Product 1840,5/1/2026,1
Product 1680,5/1/2026,1
Product 1840,5/1/2026,1
Product 1841,5/1/2026,1
Product 1842,5/1/2026,1
Product 1475,5/1/2026,1
Product 1843,5/1/2026,1
Product 1844,5/1/2026,1
Product 300,5/1/2026,1
Product 915,5/1/2026,1
Product 10,5/1/2026,1
Product 1845,5/1/2026,1
Product 1846,5/1/2026,1
Product 857,5/1/2026,1
Product 858,5/1/2026,1
Product 685,5/1/2026,1
Product 1847,5/1/2026,1
Product 735,5/1/2026,1
Product 1848,5/1/2026,1
Product 795,5/1/2026,2
Product 1849,5/1/2026,1
Product 313,5/1/2026,1
Product 313,5/1/2026,1
Product 1188,5/1/2026,1
Product 525,5/1/2026,2
Product 118,5/1/2026,2
Product 1850,5/1/2026,1
Product 984,5/1/2026,1
Product 319,5/1/2026,1
Product 1851,5/1/2026,1
Product 1852,5/1/2026,1
Product 584,5/1/2026,1
Product 1099,5/1/2026,1
Product 744,5/1/2026,1
Product 1853,5/1/2026,2
Product 161,5/1/2026,1
Product 1854,5/1/2026,2
Product 1855,5/1/2026,1
Product 1734,5/1/2026,1
Product 1856,5/1/2026,1
Product 1857,5/1/2026,1
Product 617,5/1/2026,1
Product 652,5/1/2026,1
Product 1858,5/1/2026,2
Product 318,5/1/2026,1
Product 1859,5/1/2026,1
Product 1,4/30/2026,2
Product 551,4/30/2026,1
Product 2,4/30/2026,1
Product 6,4/30/2026,1
Product 6,4/30/2026,3
Product 1860,4/30/2026,2
Product 1861,4/30/2026,1
Product 548,4/30/2026,1
Product 548,4/30/2026,1
Product 551,4/30/2026,2
Product 328,4/30/2026,2
Product 551,4/30/2026,1
Product 1862,4/30/2026,1
Product 337,4/30/2026,1
Product 1863,4/30/2026,1
Product 87,4/30/2026,2
Product 1864,4/30/2026,1
Product 524,4/30/2026,1
Product 1865,4/30/2026,1
Product 1216,4/30/2026,1
Product 1216,4/30/2026,2
Product 1216,4/30/2026,2
Product 7,4/30/2026,1
Product 13,4/30/2026,1
Product 13,4/30/2026,1
Product 13,4/30/2026,2
Product 1866,4/30/2026,2
Product 13,4/30/2026,1
Product 329,4/30/2026,1
Product 329,4/30/2026,2
Product 1867,4/30/2026,1
Product 14,4/30/2026,1
Product 330,4/30/2026,1
Product 330,4/30/2026,1
Product 1868,4/30/2026,1
Product 1869,4/30/2026,1
Product 1870,4/30/2026,1
Product 1871,4/30/2026,1
Product 1872,4/30/2026,1
Product 1873,4/30/2026,1
Product 1874,4/30/2026,1
Product 1875,4/30/2026,1
Product 1876,4/30/2026,1
Product 1877,4/30/2026,1
Product 307,4/30/2026,1
Product 857,4/30/2026,1
Product 556,4/30/2026,1
Product 37,4/30/2026,1
Product 949,4/30/2026,1
Product 1878,4/30/2026,1
Product 713,4/30/2026,1
Product 161,4/30/2026,1
Product 1879,4/30/2026,1
Product 1880,4/30/2026,1
Product 741,4/30/2026,1
Product 1881,4/30/2026,1
Product 1882,4/30/2026,1
Product 1883,4/30/2026,1
Product 1884,4/30/2026,2
Product 809,4/30/2026,1
Product 1885,4/30/2026,1
Product 1886,4/30/2026,1
Product 1887,4/30/2026,1
Product 1888,4/30/2026,2
Product 805,4/30/2026,1
Product 1044,4/30/2026,1
Product 1253,4/30/2026,1
Product 1250,4/30/2026,2
Product 79,4/30/2026,5
Product 808,4/30/2026,1
Product 1889,4/30/2026,1
Product 1261,4/30/2026,1
Product 10,4/30/2026,1
Product 456,4/30/2026,1
Product 1890,4/30/2026,1
Product 1891,4/30/2026,1
Product 1892,4/30/2026,4
Product 1893,4/30/2026,2
Product 35,4/30/2026,1
Product 35,4/30/2026,2
Product 279,4/30/2026,1
Product 1894,4/30/2026,1
Product 39,4/30/2026,1
Product 1895,4/30/2026,1
Product 820,4/30/2026,1
Product 898,4/30/2026,1
Product 79,4/30/2026,2
Product 524,4/30/2026,1
Product 1896,4/30/2026,1
Product 1895,4/30/2026,1
Product 1272,4/30/2026,1
Product 1897,4/30/2026,1
Product 626,4/30/2026,1
Product 279,4/30/2026,1
Product 1898,4/30/2026,1
Product 1899,4/30/2026,1
Product 125,4/30/2026,1
Product 964,4/30/2026,2
Product 1124,4/30/2026,1
Product 1900,4/30/2026,2
Product 752,4/30/2026,2
Product 1901,4/30/2026,1
Product 1902,4/30/2026,1
Product 1903,4/30/2026,1
Product 1300,4/30/2026,1
Product 1701,4/30/2026,1
Product 1904,4/30/2026,1
Product 1905,4/30/2026,1
Product 1715,4/30/2026,1
Product 1718,4/30/2026,1
Product 1906,4/30/2026,1
Product 37,4/30/2026,4
Product 747,4/30/2026,1
Product 1907,4/30/2026,1
Product 1908,4/30/2026,1
Product 1909,4/30/2026,1
Product 1910,4/30/2026,1
Product 575,4/30/2026,1
Product 1911,4/30/2026,1
Product 1912,4/30/2026,1
Product 1913,4/30/2026,1
Product 1914,4/30/2026,1
Product 570,4/30/2026,4
Product 1915,4/30/2026,1
Product 1916,4/30/2026,1
Product 1917,4/30/2026,1
Product 1918,4/30/2026,2
Product 201,4/30/2026,1
Product 1919,4/30/2026,1
Product 1920,4/30/2026,1
Product 1192,4/30/2026,2
Product 1548,4/30/2026,1
Product 1308,4/30/2026,1
Product 1921,4/30/2026,1
Product 1922,4/30/2026,2
Product 1923,4/30/2026,1
Product 1924,4/30/2026,1
Product 73,4/30/2026,2
Product 1925,4/30/2026,1
Product 1926,4/30/2026,2
Product 501,4/30/2026,1
Product 1927,4/30/2026,2
Product 314,4/30/2026,4
Product 1928,4/30/2026,2
Product 1929,4/30/2026,1
Product 1930,4/30/2026,1
Product 1931,4/30/2026,1
Product 225,4/30/2026,1
Product 1932,4/30/2026,1
Product 1933,4/30/2026,1
Product 1934,4/30/2026,1
Product 871,4/30/2026,1
Product 1935,4/30/2026,1
Product 1936,4/30/2026,1
Product 1937,4/30/2026,1
Product 285,4/30/2026,4
Product 1938,4/30/2026,1
Product 1939,4/30/2026,1
Product 898,4/30/2026,1
Product 1940,4/30/2026,1
Product 1144,4/30/2026,1
Product 1941,4/30/2026,1
Product 1942,4/30/2026,1
Product 94,4/30/2026,1
Product 1943,4/30/2026,1
Product 482,4/30/2026,1
Product 1944,4/30/2026,1
Product 1945,4/30/2026,8
Product 1946,4/30/2026,3
Product 1947,4/30/2026,4
Product 1948,4/30/2026,4
Product 1949,4/30/2026,4
Product 1950,4/30/2026,5
Product 1951,4/30/2026,10
Product 926,4/30/2026,3
Product 1952,4/30/2026,7
Product 1953,4/30/2026,5
Product 1954,4/30/2026,5
Product 1955,4/30/2026,5
Product 1956,4/30/2026,4
Product 935,4/30/2026,6
Product 936,4/30/2026,3
Product 1957,4/30/2026,5
Product 1958,4/30/2026,2
Product 1959,4/30/2026,2
Product 1378,4/30/2026,5
Product 1960,4/30/2026,1
Product 1961,4/30/2026,5
Product 616,4/30/2026,1
Product 1723,4/30/2026,3
Product 1962,4/30/2026,1
Product 647,4/30/2026,1
Product 1072,4/30/2026,1
Product 1963,4/30/2026,1
Product 1964,4/30/2026,1
Product 1965,4/30/2026,1
Product 1966,4/30/2026,1
Product 340,4/30/2026,1
Product 1967,4/30/2026,2
Product 1968,4/30/2026,2
Product 1554,4/30/2026,1
Product 1748,4/30/2026,1
Product 1969,4/30/2026,1
Product 1970,4/30/2026,1
Product 1971,4/30/2026,1
Product 1972,4/30/2026,1
Product 1973,4/30/2026,3
Product 1974,4/30/2026,1
Product 37,4/30/2026,1
Product 1975,4/30/2026,1
Product 1976,4/30/2026,1
Product 469,4/30/2026,1
Product 1977,4/30/2026,1
Product 1132,4/30/2026,1
Product 1148,4/30/2026,1
Product 439,4/30/2026,1
Product 1978,4/30/2026,1
Product 1979,4/30/2026,1
Product 1980,4/30/2026,1
Product 1973,4/30/2026,3
Product 124,4/30/2026,1
Product 104,4/30/2026,2
Product 1337,4/30/2026,1
Product 1981,4/30/2026,1
Product 1702,4/30/2026,3
Product 1982,4/30/2026,1
Product 399,4/30/2026,4
Product 937,4/30/2026,1
Product 1983,4/30/2026,1
Product 469,4/30/2026,1
Product 1984,4/30/2026,1
Product 1985,4/30/2026,1
Product 1701,4/30/2026,1
Product 1986,4/30/2026,1
Product 1987,4/30/2026,1
Product 1988,4/30/2026,1
Product 925,4/30/2026,1
Product 1989,4/30/2026,2
Product 928,4/30/2026,2
Product 1990,4/30/2026,1
Product 1716,4/30/2026,2
Product 935,4/30/2026,1
Product 1004,4/30/2026,1
Product 1983,4/30/2026,1
Product 1991,4/30/2026,1
Product 942,4/30/2026,1
Product 71,4/30/2026,1
Product 1992,4/30/2026,1
Product 1993,4/30/2026,1
Product 394,4/30/2026,2
Product 966,4/30/2026,2
Product 144,4/30/2026,1
Product 1994,4/30/2026,1
Product 994,4/30/2026,2
Product 1200,4/30/2026,1
Product 1995,4/30/2026,1
Product 1996,4/30/2026,1
Product 1997,4/30/2026,1
Product 1998,4/30/2026,1
Product 1999,4/30/2026,1
Product 128,4/30/2026,1
Product 1702,4/30/2026,1
Product 614,4/30/2026,1
Product 931,4/30/2026,1
Product 991,4/30/2026,1
Product 2000,4/30/2026,1
Product 612,4/30/2026,1
Product 397,4/30/2026,1
Product 2001,4/30/2026,1
Product 1359,4/30/2026,1
Product 1904,4/30/2026,1
Product 1717,4/30/2026,1
Product 1372,4/30/2026,1
Product 1378,4/30/2026,2
Product 1361,4/30/2026,1
Product 928,4/30/2026,1
Product 2002,4/30/2026,1
Product 2003,4/30/2026,1
Product 1372,4/30/2026,1
Product 71,4/30/2026,1
Product 2004,4/30/2026,1
Product 1244,4/30/2026,2
Product 503,4/30/2026,2
Product 1361,4/30/2026,2
Product 936,4/30/2026,1
Product 2005,4/30/2026,1
Product 2006,4/30/2026,1
Product 71,4/30/2026,1
Product 1006,4/30/2026,1
Product 154,4/30/2026,2
Product 2007,4/30/2026,1
Product 2008,4/30/2026,2
Product 342,4/30/2026,1
Product 2009,4/30/2026,1
Product 2010,4/30/2026,1
Product 2011,4/30/2026,1
Product 858,4/30/2026,1
Product 2012,4/30/2026,1
Product 2013,4/30/2026,1
Product 79,4/30/2026,1
Product 1752,4/30/2026,1
Product 489,4/30/2026,1
Product 1501,4/30/2026,1
Product 861,4/30/2026,1
Product 2014,4/30/2026,1
Product 2015,4/30/2026,1
Product 1409,4/30/2026,2
Product 1274,4/30/2026,1
Product 2016,4/30/2026,1
Product 781,4/30/2026,1
Product 781,4/30/2026,1
Product 2017,4/30/2026,1
Product 2018,4/30/2026,2
Product 2019,4/30/2026,1
Product 2020,4/30/2026,1
Product 2021,4/30/2026,1
Product 506,4/30/2026,1
Product 2022,4/30/2026,1
Product 2023,4/30/2026,1
Product 2024,4/30/2026,1
Product 2025,4/30/2026,1
Product 707,4/30/2026,1
Product 1131,4/30/2026,1
Product 1156,4/30/2026,1
Product 2026,4/30/2026,1
Product 2027,4/30/2026,1
Product 428,4/30/2026,1
Product 466,4/30/2026,1
Product 37,4/30/2026,1
Product 2028,4/30/2026,1
Product 2029,4/30/2026,1
Product 40,4/30/2026,1
Product 1600,4/30/2026,1
Product 2030,4/30/2026,1
Product 2031,4/30/2026,1
Product 168,4/30/2026,1
Product 2032,4/30/2026,1
Product 2033,4/30/2026,1
Product 1993,4/30/2026,1
Product 1227,4/30/2026,1
Product 616,4/30/2026,1
Product 1761,4/30/2026,1
Product 2034,4/30/2026,1
Product 2035,4/30/2026,1
Product 2036,4/30/2026,1
Product 144,4/30/2026,2
Product 2004,4/30/2026,1
Product 2037,4/30/2026,1
Product 1843,4/30/2026,1
Product 2038,4/30/2026,1
Product 1533,4/30/2026,3
Product 2039,4/30/2026,1
Product 2040,4/30/2026,1
Product 768,4/30/2026,1
Product 196,4/30/2026,1
Product 1467,4/30/2026,2
Product 218,4/30/2026,1
Product 2041,4/30/2026,1
Product 2042,4/30/2026,1
Product 2043,4/30/2026,1
Product 1779,4/30/2026,2
Product 2044,4/30/2026,1
Product 2045,4/30/2026,1
Product 313,4/30/2026,1
Product 226,4/30/2026,1
Product 2046,4/30/2026,1
Product 2047,4/30/2026,1
Product 2044,4/30/2026,1
Product 2048,4/30/2026,1
Product 2049,4/30/2026,1
Product 2050,4/30/2026,1
Product 974,4/30/2026,1
Product 290,4/30/2026,1
Product 1780,4/30/2026,1
Product 1157,4/30/2026,1
Product 313,4/30/2026,1
Product 2051,4/30/2026,1
Product 2052,4/30/2026,2
Product 2053,4/30/2026,1
Product 2054,4/30/2026,1
Product 2055,4/30/2026,1
Product 2056,4/30/2026,1
Product 2057,4/30/2026,1
Product 1296,4/30/2026,1
Product 912,4/30/2026,1
Product 2058,4/30/2026,1
Product 2059,4/30/2026,1
Product 707,4/30/2026,1
Product 1816,4/30/2026,1
Product 2060,4/30/2026,2
Product 915,4/30/2026,1
Product 2061,4/30/2026,1
Product 1259,4/30/2026,1
Product 2062,4/30/2026,1
Product 1500,4/30/2026,1
Product 959,4/30/2026,1
Product 2063,4/30/2026,1
Product 2064,4/30/2026,1
Product 2065,4/30/2026,1
Product 2065,4/30/2026,1
Product 108,4/30/2026,1
Product 1138,4/30/2026,1
Product 2066,4/30/2026,1
Product 2067,4/30/2026,1
Product 2068,4/30/2026,1
Product 2069,4/30/2026,1
Product 269,4/30/2026,1
Product 2070,4/30/2026,1
Product 782,4/30/2026,3
Product 2071,4/30/2026,1
Product 1146,4/30/2026,1
Product 1146,4/30/2026,1
Product 2072,4/30/2026,1
Product 555,4/30/2026,2
Product 509,4/30/2026,2
Product 2073,4/30/2026,1
Product 2074,4/30/2026,2
Product 2075,4/30/2026,1
Product 286,4/30/2026,1
Product 1157,4/30/2026,1
Product 193,4/30/2026,1
Product 2076,4/30/2026,1
Product 41,4/30/2026,1
Product 1628,4/30/2026,1
Product 2077,4/30/2026,1
Product 1529,4/30/2026,1
Product 2078,4/30/2026,1
Product 1534,4/30/2026,1
Product 2079,4/30/2026,1
Product 2080,4/30/2026,1
Product 2081,4/30/2026,1
Product 2082,4/30/2026,1
Product 2083,4/30/2026,1
Product 110,4/30/2026,1
Product 2084,4/30/2026,1
Product 2085,4/30/2026,1
Product 1798,4/30/2026,1
Product 296,4/30/2026,2
Product 2086,4/30/2026,1
Product 432,4/30/2026,1
Product 1839,4/30/2026,1
Product 2087,4/30/2026,1
Product 2088,4/30/2026,1
Product 1165,4/30/2026,1
Product 2089,4/30/2026,1
Product 1843,4/30/2026,1
Product 320,4/30/2026,1
Product 252,4/30/2026,2
Product 2090,4/30/2026,1
Product 1847,4/30/2026,1
Product 2091,4/30/2026,1
Product 2092,4/30/2026,1
Product 2093,4/30/2026,2
Product 2094,4/30/2026,1
Product 751,4/30/2026,1
Product 1176,4/30/2026,1
Product 307,4/30/2026,1
Product 1139,4/30/2026,1
Product 2095,4/30/2026,1
Product 1712,4/30/2026,1
Product 2095,4/30/2026,1
Product 857,4/30/2026,1
Product 2096,4/30/2026,1
Product 2097,4/30/2026,1
Product 2098,4/30/2026,1
Product 739,4/30/2026,1
Product 465,4/30/2026,1
Product 53,4/30/2026,1
Product 2099,4/30/2026,1
Product 2100,4/30/2026,1
Product 772,4/30/2026,1
Product 320,4/30/2026,1
Product 1404,4/30/2026,1
Product 1104,4/30/2026,2
Product 2101,4/30/2026,1
Product 11,4/30/2026,1
Product 2102,4/30/2026,1
Product 1853,4/30/2026,1
Product 145,4/30/2026,2
Product 795,4/30/2026,2
Product 2103,4/30/2026,1
Product 2104,4/30/2026,1
Product 2105,4/30/2026,1
Product 618,4/30/2026,1
Product 994,4/30/2026,1
Product 1678,4/30/2026,1
Product 988,4/30/2026,1
Product 2106,4/30/2026,1
Product 1213,4/30/2026,1
Product 1856,4/30/2026,1
Product 963,4/30/2026,1
Product 752,4/30/2026,1
Product 326,4/29/2026,1
Product 566,4/29/2026,1
Product 2,4/29/2026,1
Product 548,4/29/2026,1
Product 2107,4/29/2026,1
Product 7,4/29/2026,1
Product 13,4/29/2026,2
Product 13,4/29/2026,1
Product 13,4/29/2026,3
Product 329,4/29/2026,1
Product 785,4/29/2026,1
Product 786,4/29/2026,1
Product 22,4/29/2026,2
Product 2108,4/29/2026,1
Product 1354,4/29/2026,1
Product 1662,4/29/2026,1
Product 1002,4/29/2026,1
Product 2109,4/29/2026,1
Product 1003,4/29/2026,1
Product 2110,4/29/2026,3
Product 2049,4/29/2026,1
Product 2111,4/29/2026,1
Product 2112,4/29/2026,1
Product 2113,4/29/2026,1
Product 1538,4/29/2026,1
Product 2114,4/29/2026,1
Product 2115,4/29/2026,1
Product 37,4/29/2026,2
Product 2116,4/29/2026,1
Product 1496,4/29/2026,1
Product 2117,4/29/2026,1
Product 334,4/29/2026,1
Product 2118,4/29/2026,1
Product 2119,4/29/2026,2
Product 79,4/29/2026,2
Product 2120,4/29/2026,1
Product 2121,4/29/2026,1
Product 17,4/29/2026,1
Product 2122,4/29/2026,1
Product 2123,4/29/2026,1
Product 183,4/29/2026,1
Product 538,4/29/2026,1
Product 1583,4/29/2026,1
Product 79,4/29/2026,2
Product 2124,4/29/2026,1
Product 2125,4/29/2026,1
Product 364,4/29/2026,3
Product 260,4/29/2026,2
Product 877,4/29/2026,1
Product 2126,4/29/2026,1
Product 2127,4/29/2026,1
Product 2128,4/29/2026,1
Product 264,4/29/2026,1
Product 582,4/29/2026,1
Product 2129,4/29/2026,1
Product 128,4/29/2026,1
Product 823,4/29/2026,1
Product 343,4/29/2026,1
Product 37,4/29/2026,2
Product 35,4/29/2026,1
Product 1502,4/29/2026,1
Product 2130,4/29/2026,1
Product 2131,4/29/2026,1
Product 2132,4/29/2026,1
Product 2133,4/29/2026,1
Product 1192,4/29/2026,1
Product 1294,4/29/2026,1
Product 2134,4/29/2026,1
Product 2135,4/29/2026,2
Product 1437,4/29/2026,1
Product 1055,4/29/2026,1
Product 2136,4/29/2026,1
Product 2137,4/29/2026,1
Product 2138,4/29/2026,1
Product 2139,4/29/2026,1
Product 414,4/29/2026,1
Product 838,4/29/2026,1
Product 1624,4/29/2026,1
Product 1624,4/29/2026,1
Product 2140,4/29/2026,1
Product 1313,4/29/2026,1
Product 2141,4/29/2026,1
Product 45,4/29/2026,1
Product 2142,4/29/2026,2
Product 2142,4/29/2026,4
Product 2142,4/29/2026,1
Product 2143,4/29/2026,1
Product 2144,4/29/2026,1
Product 874,4/29/2026,2
Product 2145,4/29/2026,1
Product 1034,4/29/2026,1
Product 2146,4/29/2026,3
Product 2147,4/29/2026,1
Product 1307,4/29/2026,1
Product 237,4/29/2026,1
Product 152,4/29/2026,1
Product 380,4/29/2026,2
Product 2148,4/29/2026,1
Product 2149,4/29/2026,1
Product 547,4/29/2026,1
Product 1189,4/29/2026,1
Product 2150,4/29/2026,1
Product 1001,4/29/2026,1
Product 1718,4/29/2026,2
Product 2151,4/29/2026,1
Product 2152,4/29/2026,1
Product 1766,4/29/2026,1
Product 1559,4/29/2026,2
Product 571,4/29/2026,1
Product 2153,4/29/2026,1
Product 2154,4/29/2026,1
Product 2155,4/29/2026,1
Product 2156,4/29/2026,1
Product 2157,4/29/2026,1
Product 877,4/29/2026,1
Product 387,4/29/2026,1
Product 2158,4/29/2026,3
Product 37,4/29/2026,1
Product 2159,4/29/2026,1
Product 2160,4/29/2026,1
Product 2161,4/29/2026,20
Product 2162,4/29/2026,2
Product 2163,4/29/2026,1
Product 477,4/29/2026,1
Product 1555,4/29/2026,1
Product 10,4/29/2026,1
Product 2164,4/29/2026,1
Product 2165,4/29/2026,1
Product 2166,4/29/2026,4
Product 2167,4/29/2026,2
Product 2168,4/29/2026,2
Product 1982,4/29/2026,1
Product 1715,4/29/2026,1
Product 70,4/29/2026,3
Product 2169,4/29/2026,1
Product 1348,4/29/2026,1
Product 2170,4/29/2026,1
Product 2171,4/29/2026,3
Product 2172,4/29/2026,1
Product 144,4/29/2026,1
Product 2173,4/29/2026,1
Product 1968,4/29/2026,1
Product 797,4/29/2026,1
Product 1968,4/29/2026,2
Product 2174,4/29/2026,4
Product 1968,4/29/2026,1
Product 1402,4/29/2026,2
Product 611,4/29/2026,1
Product 2175,4/29/2026,1
Product 2176,4/29/2026,1
Product 611,4/29/2026,1
Product 2177,4/29/2026,1
Product 934,4/29/2026,1
Product 935,4/29/2026,1
Product 1378,4/29/2026,1
Product 942,4/29/2026,1
Product 2178,4/29/2026,2
Product 394,4/29/2026,2
Product 2179,4/29/2026,1
Product 2176,4/29/2026,1
Product 2180,4/29/2026,1
Product 170,4/29/2026,2
Product 521,4/29/2026,1
Product 1802,4/29/2026,1
Product 2181,4/29/2026,1
Product 2182,4/29/2026,1
Product 2183,4/29/2026,1
Product 2184,4/29/2026,1
Product 2185,4/29/2026,1
Product 2186,4/29/2026,1
Product 2187,4/29/2026,1
Product 128,4/29/2026,1
Product 1841,4/29/2026,1
Product 126,4/29/2026,1
Product 398,4/29/2026,2
Product 399,4/29/2026,1
Product 2188,4/29/2026,1
Product 2189,4/29/2026,1
Product 1361,4/29/2026,1
Product 940,4/29/2026,1
Product 1002,4/29/2026,1
Product 1000,4/29/2026,1
Product 991,4/29/2026,1
Product 37,4/29/2026,1
Product 2190,4/29/2026,3
Product 375,4/29/2026,1
Product 147,4/29/2026,1
Product 2191,4/29/2026,1
Product 1631,4/29/2026,1
Product 2192,4/29/2026,1
Product 949,4/29/2026,1
Product 2193,4/29/2026,1
Product 848,4/29/2026,1
Product 2194,4/29/2026,1
Product 527,4/29/2026,1
Product 295,4/29/2026,1
Product 871,4/29/2026,1
Product 2195,4/29/2026,1
Product 2196,4/29/2026,1
Product 2197,4/29/2026,1
Product 1364,4/29/2026,1
Product 2198,4/29/2026,1
Product 1599,4/29/2026,1
Product 1710,4/29/2026,1
Product 2199,4/29/2026,1
Product 2200,4/29/2026,1
Product 2201,4/29/2026,1
Product 623,4/29/2026,1
Product 2202,4/29/2026,1
Product 127,4/29/2026,2
Product 349,4/29/2026,1
Product 1467,4/29/2026,1
Product 2203,4/29/2026,1
Product 2204,4/29/2026,1
Product 638,4/29/2026,1
Product 2205,4/29/2026,1
Product 1408,4/29/2026,1
Product 2206,4/29/2026,2
Product 2207,4/29/2026,1
Product 2208,4/29/2026,1
Product 2209,4/29/2026,1
Product 1523,4/29/2026,1
Product 193,4/29/2026,1
Product 2210,4/29/2026,1
Product 2105,4/29/2026,1
Product 1409,4/29/2026,1
Product 2211,4/29/2026,1
Product 1818,4/29/2026,1
Product 2212,4/29/2026,1
Product 2213,4/29/2026,1
Product 2214,4/29/2026,1
Product 2215,4/29/2026,1
Product 2216,4/29/2026,3
Product 2217,4/29/2026,1
Product 1432,4/29/2026,1
Product 37,4/29/2026,1
Product 144,4/29/2026,2
Product 55,4/29/2026,2
Product 2218,4/29/2026,1
Product 2219,4/29/2026,1
Product 2220,4/29/2026,1
Product 755,4/29/2026,2
Product 1075,4/29/2026,1
Product 2221,4/29/2026,1
Product 32,4/29/2026,1
Product 858,4/29/2026,1
Product 2222,4/29/2026,1
Product 2042,4/29/2026,1
Product 2223,4/29/2026,1
Product 2224,4/29/2026,4
Product 2225,4/29/2026,5
Product 2226,4/29/2026,1
Product 2227,4/29/2026,1
Product 1185,4/29/2026,2
Product 2228,4/29/2026,1
Product 2229,4/29/2026,1
Product 2230,4/29/2026,1
Product 2019,4/29/2026,1
Product 2231,4/29/2026,1
Product 2232,4/29/2026,2
Product 335,4/29/2026,1
Product 2233,4/29/2026,2
Product 628,4/29/2026,1
Product 694,4/29/2026,0
Product 2234,4/29/2026,2
Product 2235,4/29/2026,2
Product 2236,4/29/2026,1
Product 352,4/29/2026,1
Product 2237,4/29/2026,1
Product 2238,4/29/2026,1
Product 2239,4/29/2026,1
Product 555,4/29/2026,9
Product 1735,4/29/2026,1
Product 501,4/29/2026,1
Product 1145,4/29/2026,1
Product 502,4/29/2026,1
Product 2240,4/29/2026,1
Product 1244,4/29/2026,1
Product 507,4/29/2026,1
Product 285,4/29/2026,2
Product 2241,4/29/2026,1
Product 2242,4/29/2026,1
Product 137,4/29/2026,1
Product 138,4/29/2026,1
Product 1841,4/29/2026,1
Product 2243,4/29/2026,1
Product 659,4/29/2026,1
Product 1433,4/29/2026,1
Product 855,4/29/2026,1
Product 724,4/29/2026,1
Product 2244,4/29/2026,1
Product 530,4/29/2026,1
Product 2245,4/29/2026,1
Product 848,4/29/2026,1
Product 526,4/29/2026,1
Product 293,4/29/2026,1
Product 1838,4/29/2026,1
Product 2246,4/29/2026,2
Product 732,4/29/2026,1
Product 761,4/29/2026,1
Product 2247,4/29/2026,1
Product 1978,4/29/2026,1
Product 524,4/29/2026,1
Product 2248,4/29/2026,1
Product 2249,4/29/2026,1
Product 664,4/29/2026,2
Product 2250,4/29/2026,2
Product 409,4/29/2026,1
Product 1139,4/29/2026,1
Product 2095,4/29/2026,2
Product 2251,4/29/2026,1
Product 631,4/29/2026,1
Product 82,4/29/2026,1
Product 61,4/29/2026,1
Product 2252,4/29/2026,2
Product 730,4/29/2026,1
Product 731,4/29/2026,1
Product 2253,4/29/2026,1
Product 2254,4/29/2026,1
Product 2255,4/29/2026,2
Product 733,4/29/2026,1
Product 1064,4/29/2026,3
Product 2256,4/29/2026,1
Product 738,4/29/2026,1
Product 2099,4/29/2026,2
Product 1446,4/29/2026,1
Product 314,4/29/2026,2
Product 2132,4/29/2026,1
Product 2257,4/29/2026,1
Product 162,4/29/2026,1
Product 2258,4/29/2026,1
Product 1591,4/29/2026,1
Product 460,4/29/2026,2
Product 2217,4/29/2026,1
Product 2259,4/29/2026,3
Product 745,4/29/2026,1
Product 656,4/29/2026,1
Product 1772,4/29/2026,1
Product 1196,4/29/2026,1
Product 321,4/29/2026,1
Product 2260,4/29/2026,1
Product 1194,4/29/2026,1
Product 322,4/29/2026,1
Product 2261,4/29/2026,2
Product 2262,4/28/2026,1
Product 2263,4/28/2026,1
Product 2264,4/28/2026,2
Product 326,4/28/2026,1
Product 2,4/28/2026,9
Product 545,4/28/2026,1
Product 3,4/28/2026,1
Product 144,4/28/2026,1
Product 6,4/28/2026,1
Product 6,4/28/2026,1
Product 551,4/28/2026,1
Product 7,4/28/2026,1
Product 328,4/28/2026,2
Product 13,4/28/2026,1
Product 2265,4/28/2026,1
Product 1699,4/28/2026,1
Product 1332,4/28/2026,1
Product 1779,4/28/2026,1
Product 406,4/28/2026,1
Product 274,4/28/2026,2
Product 502,4/28/2026,2
Product 818,4/28/2026,3
Product 440,4/28/2026,1
Product 1164,4/28/2026,1
Product 538,4/28/2026,1
Product 329,4/28/2026,1
Product 1307,4/28/2026,1
Product 2266,4/28/2026,1
Product 14,4/28/2026,1
Product 2267,4/28/2026,1
Product 330,4/28/2026,1
Product 2268,4/28/2026,2
Product 2269,4/28/2026,2
Product 2270,4/28/2026,1
Product 2271,4/28/2026,2
Product 1662,4/28/2026,1
Product 1554,4/28/2026,1
Product 2272,4/28/2026,1
Product 323,4/28/2026,1
Product 15,4/28/2026,1
Product 2115,4/28/2026,1
Product 2273,4/28/2026,1
Product 2274,4/28/2026,1
Product 2275,4/28/2026,1
Product 2276,4/28/2026,1
Product 591,4/28/2026,1
Product 2277,4/28/2026,3
Product 2278,4/28/2026,3
Product 2279,4/28/2026,1
Product 1421,4/28/2026,1
Product 686,4/28/2026,1
Product 2280,4/28/2026,1
Product 1081,4/28/2026,2
Product 2281,4/28/2026,1
Product 2282,4/28/2026,1
Product 2283,4/28/2026,1
Product 10,4/28/2026,1
Product 631,4/28/2026,1
Product 2284,4/28/2026,1
Product 53,4/28/2026,1
Product 360,4/28/2026,1
Product 2285,4/28/2026,1
Product 956,4/28/2026,1
Product 337,4/28/2026,1
Product 37,4/28/2026,1
Product 1496,4/28/2026,1
Product 1752,4/28/2026,1
Product 872,4/28/2026,1
Product 2286,4/28/2026,1
Product 2287,4/28/2026,1
Product 2288,4/28/2026,2
Product 877,4/28/2026,1
Product 79,4/28/2026,3
Product 32,4/28/2026,2
Product 2289,4/28/2026,1
Product 806,4/28/2026,2
Product 805,4/28/2026,1
Product 37,4/28/2026,2
Product 537,4/28/2026,2
Product 823,4/28/2026,1
Product 2290,4/28/2026,1
Product 825,4/28/2026,1
Product 279,4/28/2026,1
Product 2291,4/28/2026,1
Product 2142,4/28/2026,4
Product 2292,4/28/2026,1
Product 2293,4/28/2026,1
Product 2294,4/28/2026,1
Product 2295,4/28/2026,1
Product 2296,4/28/2026,1
Product 809,4/28/2026,1
Product 782,4/28/2026,1
Product 2297,4/28/2026,1
Product 2298,4/28/2026,1
Product 1100,4/28/2026,2
Product 2299,4/28/2026,2
Product 2300,4/28/2026,1
Product 1475,4/28/2026,1
Product 2301,4/28/2026,1
Product 2302,4/28/2026,1
Product 1308,4/28/2026,1
Product 2303,4/28/2026,1
Product 2304,4/28/2026,1
Product 2229,4/28/2026,1
Product 2305,4/28/2026,1
Product 1559,4/28/2026,1
Product 2306,4/28/2026,1
Product 2307,4/28/2026,1
Product 2308,4/28/2026,1
Product 1044,4/28/2026,1
Product 2309,4/28/2026,1
Product 2194,4/28/2026,1
Product 2310,4/28/2026,1
Product 1663,4/28/2026,1
Product 2311,4/28/2026,1
Product 2312,4/28/2026,1
Product 2313,4/28/2026,1
Product 600,4/28/2026,2
Product 1016,4/28/2026,1
Product 2314,4/28/2026,5
Product 2171,4/28/2026,3
Product 2158,4/28/2026,5
Product 2315,4/28/2026,1
Product 2316,4/28/2026,5
Product 921,4/28/2026,1
Product 1148,4/28/2026,1
Product 2317,4/28/2026,1
Product 2318,4/28/2026,1
Product 1536,4/28/2026,2
Product 2319,4/28/2026,1
Product 2320,4/28/2026,1
Product 2321,4/28/2026,1
Product 2322,4/28/2026,1
Product 1968,4/28/2026,3
Product 128,4/28/2026,1
Product 2188,4/28/2026,3
Product 2323,4/28/2026,1
Product 2324,4/28/2026,1
Product 2325,4/28/2026,1
Product 2326,4/28/2026,3
Product 2327,4/28/2026,1
Product 2328,4/28/2026,1
Product 2329,4/28/2026,1
Product 1968,4/28/2026,1
Product 2330,4/28/2026,1
Product 1817,4/28/2026,1
Product 2331,4/28/2026,1
Product 269,4/28/2026,1
Product 2332,4/28/2026,1
Product 648,4/28/2026,1
Product 394,4/28/2026,1
Product 1846,4/28/2026,1
Product 394,4/28/2026,2
Product 979,4/28/2026,1
Product 542,4/28/2026,1
Product 2333,4/28/2026,1
Product 614,4/28/2026,1
Product 154,4/28/2026,1
Product 162,4/28/2026,1
Product 2334,4/28/2026,1
Product 1879,4/28/2026,2
Product 1678,4/28/2026,1
Product 2335,4/28/2026,1
Product 2336,4/28/2026,1
Product 23,4/28/2026,1
Product 79,4/28/2026,1
Product 2337,4/28/2026,1
Product 1112,4/28/2026,5
Product 490,4/28/2026,3
Product 2076,4/28/2026,1
Product 2105,4/28/2026,3
Product 2338,4/28/2026,1
Product 405,4/28/2026,1
Product 1393,4/28/2026,1
Product 2339,4/28/2026,1
Product 1202,4/28/2026,1
Product 866,4/28/2026,1
Product 2340,4/28/2026,1
Product 2341,4/28/2026,1
Product 37,4/28/2026,2
Product 2342,4/28/2026,1
Product 2343,4/28/2026,1
Product 2344,4/28/2026,1
Product 2345,4/28/2026,1
Product 1890,4/28/2026,1
Product 2346,4/28/2026,1
Product 2347,4/28/2026,1
Product 2348,4/28/2026,1
Product 2349,4/28/2026,1
Product 2350,4/28/2026,1
Product 1432,4/28/2026,1
Product 688,4/28/2026,1
Product 2351,4/28/2026,1
Product 1191,4/28/2026,1
Product 2352,4/28/2026,2
Product 79,4/28/2026,2
Product 1122,4/28/2026,1
Product 2353,4/28/2026,1
Product 1641,4/28/2026,1
Product 359,4/28/2026,1
Product 544,4/28/2026,1
Product 2354,4/28/2026,1
Product 37,4/28/2026,1
Product 2355,4/28/2026,1
Product 170,4/28/2026,1
Product 264,4/28/2026,3
Product 2356,4/28/2026,1
Product 982,4/28/2026,1
Product 858,4/28/2026,3
Product 1605,4/28/2026,1
Product 2357,4/28/2026,2
Product 998,4/28/2026,1
Product 1477,4/28/2026,1
Product 544,4/28/2026,1
Product 24,4/28/2026,2
Product 495,4/28/2026,1
Product 2358,4/28/2026,1
Product 2359,4/28/2026,1
Product 80,4/28/2026,1
Product 2360,4/28/2026,1
Product 2361,4/28/2026,1
Product 2362,4/28/2026,2
Product 1589,4/28/2026,1
Product 348,4/28/2026,2
Product 2363,4/28/2026,1
Product 2364,4/28/2026,1
Product 2365,4/28/2026,1
Product 1238,4/28/2026,1
Product 683,4/28/2026,1
Product 2366,4/28/2026,1
Product 2367,4/28/2026,1
Product 2368,4/28/2026,2
Product 2321,4/28/2026,1
Product 186,4/28/2026,1
Product 737,4/28/2026,1
Product 2256,4/28/2026,1
Product 173,4/28/2026,1
Product 2162,4/28/2026,1
Product 2369,4/28/2026,1
Product 2370,4/28/2026,1
Product 2371,4/28/2026,1
Product 2372,4/28/2026,1
Product 1088,4/28/2026,1
Product 2373,4/28/2026,1
Product 1109,4/28/2026,1
Product 748,4/28/2026,1
Product 2374,4/28/2026,2
Product 2375,4/28/2026,1
Product 2376,4/28/2026,1
Product 1083,4/28/2026,1
Product 2377,4/28/2026,1
Product 2378,4/28/2026,1
Product 1809,4/28/2026,1
Product 2379,4/28/2026,1
Product 479,4/28/2026,1
Product 2380,4/28/2026,1
Product 2381,4/28/2026,1
Product 912,4/28/2026,5
Product 2382,4/28/2026,1
Product 2139,4/28/2026,1
Product 2383,4/28/2026,1
Product 832,4/28/2026,1
Product 2384,4/28/2026,1
Product 1323,4/28/2026,1
Product 1816,4/28/2026,2
Product 250,4/28/2026,1
Product 259,4/28/2026,1
Product 501,4/28/2026,1
Product 2385,4/28/2026,1
Product 502,4/28/2026,1
Product 847,4/28/2026,1
Product 1663,4/28/2026,1
Product 717,4/28/2026,1
Product 1244,4/28/2026,1
Product 555,4/28/2026,1
Product 2386,4/28/2026,2
Product 2387,4/28/2026,1
Product 2087,4/28/2026,1
Product 1157,4/28/2026,1
Product 2388,4/28/2026,1
Product 2389,4/28/2026,1
Product 1155,4/28/2026,1
Product 2390,4/28/2026,1
Product 1510,4/28/2026,1
Product 184,4/28/2026,1
Product 2391,4/28/2026,1
Product 1850,4/28/2026,1
Product 1978,4/28/2026,1
Product 2248,4/28/2026,1
Product 2392,4/28/2026,1
Product 2393,4/28/2026,2
Product 2394,4/28/2026,1
Product 313,4/28/2026,1
Product 2395,4/28/2026,1
Product 2396,4/28/2026,1
Product 2397,4/28/2026,1
Product 657,4/28/2026,1
Product 2398,4/28/2026,1
Product 2399,4/28/2026,3
Product 518,4/28/2026,1
Product 491,4/28/2026,1
Product 1069,4/28/2026,1
Product 542,4/28/2026,1
Product 616,4/28/2026,1
Product 2400,4/28/2026,1
Product 592,4/28/2026,1
Product 413,4/28/2026,2
Product 2401,4/28/2026,1
Product 1851,4/28/2026,2
Product 2402,4/28/2026,1
Product 2403,4/28/2026,1
Product 2404,4/28/2026,1
Product 2405,4/28/2026,1
Product 2262,4/27/2026,1
Product 1254,4/27/2026,5
Product 362,4/27/2026,5
Product 1,4/27/2026,2
Product 326,4/27/2026,1
Product 2,4/27/2026,1
Product 2,4/27/2026,3
Product 6,4/27/2026,2
Product 7,4/27/2026,1
Product 3,4/27/2026,1
Product 13,4/27/2026,2
Product 548,4/27/2026,1
Product 548,4/27/2026,1
Product 2406,4/27/2026,1
Product 949,4/27/2026,1
Product 2407,4/27/2026,1
Product 2408,4/27/2026,1
Product 79,4/27/2026,6
Product 2409,4/27/2026,1
Product 2410,4/27/2026,1
Product 1216,4/27/2026,1
Product 7,4/27/2026,2
Product 7,4/27/2026,1
Product 13,4/27/2026,2
Product 329,4/27/2026,1
Product 329,4/27/2026,1
Product 1303,4/27/2026,1
Product 329,4/27/2026,2
Product 329,4/27/2026,1
Product 788,4/27/2026,1
Product 2216,4/27/2026,1
Product 2411,4/27/2026,2
Product 2412,4/27/2026,1
Product 789,4/27/2026,1
Product 1223,4/27/2026,1
Product 1188,4/27/2026,1
Product 1223,4/27/2026,1
Product 2413,4/27/2026,1
Product 2414,4/27/2026,1
Product 266,4/27/2026,1
Product 334,4/27/2026,1
Product 2415,4/27/2026,1
Product 1656,4/27/2026,1
Product 2416,4/27/2026,1
Product 2219,4/27/2026,1
Product 408,4/27/2026,1
Product 2417,4/27/2026,1
Product 2418,4/27/2026,1
Product 1177,4/27/2026,1
Product 2353,4/27/2026,1
Product 1641,4/27/2026,1
Product 381,4/27/2026,3
Product 1289,4/27/2026,1
Product 632,4/27/2026,4
Product 2419,4/27/2026,3
Product 2420,4/27/2026,2
Product 1678,4/27/2026,1
Product 2421,4/27/2026,1
Product 2422,4/27/2026,1
Product 805,4/27/2026,1
Product 2423,4/27/2026,1
Product 1253,4/27/2026,1
Product 1287,4/27/2026,1
Product 1250,4/27/2026,1
Product 2424,4/27/2026,1
Product 2425,4/27/2026,3
Product 364,4/27/2026,1
Product 1874,4/27/2026,1
Product 559,4/27/2026,2
Product 2426,4/27/2026,1
Product 2427,4/27/2026,1
Product 2428,4/27/2026,1
Product 2429,4/27/2026,2
Product 2430,4/27/2026,1
Product 2244,4/27/2026,1
Product 2431,4/27/2026,2
Product 35,4/27/2026,1
Product 2432,4/27/2026,4
Product 1366,4/27/2026,1
Product 79,4/27/2026,2
Product 1894,4/27/2026,1
Product 2433,4/27/2026,1
Product 2137,4/27/2026,1
Product 2434,4/27/2026,2
Product 1272,4/27/2026,1
Product 1623,4/27/2026,2
Product 1355,4/27/2026,2
Product 2435,4/27/2026,1
Product 2436,4/27/2026,1
Product 195,4/27/2026,1
Product 2281,4/27/2026,1
Product 2437,4/27/2026,1
Product 2438,4/27/2026,4
Product 2065,4/27/2026,2
Product 2439,4/27/2026,2
Product 2440,4/27/2026,1
Product 2066,4/27/2026,4
Product 1508,4/27/2026,1
Product 2441,4/27/2026,1
Product 48,4/27/2026,1
Product 2442,4/27/2026,1
Product 894,4/27/2026,1
Product 2443,4/27/2026,1
Product 2444,4/27/2026,1
Product 2445,4/27/2026,1
Product 1742,4/27/2026,1
Product 2446,4/27/2026,1
Product 1923,4/27/2026,1
Product 835,4/27/2026,1
Product 2447,4/27/2026,1
Product 58,4/27/2026,1
Product 1298,4/27/2026,1
Product 1457,4/27/2026,1
Product 2448,4/27/2026,1
Product 2449,4/27/2026,1
Product 918,4/27/2026,1
Product 488,4/27/2026,1
Product 1848,4/27/2026,1
Product 1643,4/27/2026,1
Product 2142,4/27/2026,12
Product 2450,4/27/2026,5
Product 1113,4/27/2026,1
Product 2451,4/27/2026,1
Product 2452,4/27/2026,1
Product 2453,4/27/2026,1
Product 2454,4/27/2026,1
Product 1378,4/27/2026,1
Product 1003,4/27/2026,1
Product 37,4/27/2026,3
Product 1755,4/27/2026,1
Product 2455,4/27/2026,1
Product 490,4/27/2026,1
Product 2456,4/27/2026,1
Product 618,4/27/2026,1
Product 1212,4/27/2026,1
Product 1607,4/27/2026,1
Product 12,4/27/2026,1
Product 1759,4/27/2026,2
Product 1625,4/27/2026,1
Product 2457,4/27/2026,1
Product 47,4/27/2026,1
Product 2458,4/27/2026,1
Product 2415,4/27/2026,2
Product 2459,4/27/2026,2
Product 2460,4/27/2026,1
Product 2461,4/27/2026,1
Product 314,4/27/2026,2
Product 2462,4/27/2026,2
Product 2463,4/27/2026,1
Product 2464,4/27/2026,1
Product 2465,4/27/2026,1
Product 2466,4/27/2026,1
Product 700,4/27/2026,1
Product 1782,4/27/2026,1
Product 2467,4/27/2026,1
Product 795,4/27/2026,3
Product 2468,4/27/2026,1
Product 2469,4/27/2026,1
Product 8,4/27/2026,1
Product 568,4/27/2026,3
Product 2470,4/27/2026,1
Product 2329,4/27/2026,1
Product 37,4/27/2026,1
Product 1318,4/27/2026,3
Product 2471,4/27/2026,2
Product 2472,4/27/2026,1
Product 1439,4/27/2026,2
Product 1979,4/27/2026,1
Product 323,4/27/2026,1
Product 2473,4/27/2026,1
Product 1071,4/27/2026,1
Product 2474,4/27/2026,2
Product 864,4/27/2026,1
Product 809,4/27/2026,1
Product 2297,4/27/2026,1
Product 1306,4/27/2026,1
Product 1846,4/27/2026,1
Product 2475,4/27/2026,1
Product 2476,4/27/2026,1
Product 2477,4/27/2026,1
Product 2478,4/27/2026,1
Product 874,4/27/2026,2
Product 2479,4/27/2026,2
Product 67,4/27/2026,2
Product 2480,4/27/2026,1
Product 2481,4/27/2026,1
Product 611,4/27/2026,1
Product 999,4/27/2026,1
Product 1378,4/27/2026,1
Product 942,4/27/2026,1
Product 2482,4/27/2026,1
Product 2483,4/27/2026,1
Product 2484,4/27/2026,1
Product 2485,4/27/2026,1
Product 1308,4/27/2026,1
Product 67,4/27/2026,2
Product 2331,4/27/2026,1
Product 2486,4/27/2026,1
Product 73,4/27/2026,2
Product 570,4/27/2026,3
Product 275,4/27/2026,1
Product 2487,4/27/2026,1
Product 1928,4/27/2026,1
Product 2488,4/27/2026,1
Product 1565,4/27/2026,1
Product 2489,4/27/2026,1
Product 2490,4/27/2026,1
Product 2491,4/27/2026,1
Product 2492,4/27/2026,1
Product 2493,4/27/2026,1
Product 2494,4/27/2026,1
Product 2495,4/27/2026,1
Product 2495,4/27/2026,1
Product 2487,4/27/2026,1
Product 2496,4/27/2026,1
Product 1940,4/27/2026,1
Product 903,4/27/2026,1
Product 2497,4/27/2026,1
Product 2498,4/27/2026,1
Product 2499,4/27/2026,1
Product 1693,4/27/2026,2
Product 2500,4/27/2026,1
Product 419,4/27/2026,2
Product 2501,4/27/2026,1
Product 790,4/27/2026,1
Product 367,4/27/2026,1
Product 1925,4/27/2026,1
Product 2502,4/27/2026,1
Product 2503,4/27/2026,1
Product 2141,4/27/2026,1
Product 1826,4/27/2026,1
Product 2504,4/27/2026,1
Product 1209,4/27/2026,1
Product 2505,4/27/2026,1
Product 2506,4/27/2026,1
Product 2507,4/27/2026,1
Product 2508,4/27/2026,1
Product 671,4/27/2026,4
Product 2509,4/27/2026,4
Product 2510,4/27/2026,2
Product 600,4/27/2026,1
Product 2511,4/27/2026,2
Product 2512,4/27/2026,1
Product 2513,4/27/2026,1
Product 390,4/27/2026,1
Product 932,4/27/2026,1
Product 1377,4/27/2026,1
Product 147,4/27/2026,1
Product 1918,4/27/2026,1
Product 2514,4/27/2026,1
Product 130,4/27/2026,1
Product 2515,4/27/2026,1
Product 2516,4/27/2026,2
Product 2517,4/27/2026,1
Product 2148,4/27/2026,1
Product 2518,4/27/2026,1
Product 1707,4/27/2026,1
Product 1500,4/27/2026,3
Product 2519,4/27/2026,1
Product 413,4/27/2026,1
Product 12,4/27/2026,1
Product 1678,4/27/2026,1
Product 506,4/27/2026,1
Product 1998,4/27/2026,1
Product 657,4/27/2026,1
Product 1998,4/27/2026,2
Product 2520,4/27/2026,1
Product 2521,4/27/2026,1
Product 989,4/27/2026,1
Product 2333,4/27/2026,1
Product 2522,4/27/2026,1
Product 2269,4/27/2026,1
Product 2271,4/27/2026,1
Product 226,4/27/2026,1
Product 614,4/27/2026,1
Product 1662,4/27/2026,1
Product 1370,4/27/2026,1
Product 925,4/27/2026,1
Product 930,4/27/2026,1
Product 133,4/27/2026,1
Product 70,4/27/2026,1
Product 131,4/27/2026,1
Product 398,4/27/2026,2
Product 131,4/27/2026,1
Product 2523,4/27/2026,4
Product 373,4/27/2026,1
Product 1360,4/27/2026,1
Product 991,4/27/2026,1
Product 2524,4/27/2026,1
Product 2525,4/27/2026,1
Product 342,4/27/2026,1
Product 958,4/27/2026,1
Product 2526,4/27/2026,1
Product 2527,4/27/2026,1
Product 2528,4/27/2026,1
Product 2529,4/27/2026,1
Product 432,4/27/2026,1
Product 1262,4/27/2026,1
Product 1725,4/27/2026,2
Product 2530,4/27/2026,1
Product 2531,4/27/2026,1
Product 2532,4/27/2026,1
Product 2533,4/27/2026,1
Product 2534,4/27/2026,1
Product 2206,4/27/2026,1
Product 2044,4/27/2026,1
Product 2535,4/27/2026,1
Product 1104,4/27/2026,2
Product 2536,4/27/2026,1
Product 2537,4/27/2026,1
Product 2538,4/27/2026,3
Product 79,4/27/2026,3
Product 2539,4/27/2026,1
Product 2540,4/27/2026,2
Product 2541,4/27/2026,1
Product 79,4/27/2026,4
Product 2542,4/27/2026,1
Product 1323,4/27/2026,1
Product 237,4/27/2026,1
Product 171,4/27/2026,1
Product 2543,4/27/2026,1
Product 102,4/27/2026,1
Product 108,4/27/2026,1
Product 2544,4/27/2026,1
Product 2545,4/27/2026,1
Product 2352,4/27/2026,1
Product 249,4/27/2026,2
Product 2349,4/27/2026,1
Product 1852,4/27/2026,1
Product 2546,4/27/2026,1
Product 752,4/27/2026,1
Product 2547,4/27/2026,1
Product 301,4/27/2026,1
Product 2146,4/27/2026,1
Product 775,4/27/2026,4
Product 2548,4/27/2026,1
Product 2549,4/27/2026,1
Product 2550,4/27/2026,1
Product 1501,4/27/2026,1
Product 1538,4/27/2026,1
Product 1761,4/27/2026,1
Product 2551,4/27/2026,1
Product 1122,4/27/2026,1
Product 2552,4/27/2026,1
Product 2553,4/27/2026,1
Product 55,4/27/2026,1
Product 858,4/27/2026,1
Product 2554,4/27/2026,1
Product 2555,4/27/2026,1
Product 2556,4/27/2026,1
Product 1611,4/27/2026,1
Product 2557,4/27/2026,2
Product 2558,4/27/2026,2
Product 2559,4/27/2026,3
Product 2560,4/27/2026,1
Product 2561,4/27/2026,1
Product 2562,4/27/2026,1
Product 2563,4/27/2026,1
Product 2564,4/27/2026,1
Product 2565,4/27/2026,1
Product 2566,4/27/2026,1
Product 2567,4/27/2026,6
Product 2309,4/27/2026,1
Product 65,4/27/2026,1
Product 2032,4/27/2026,1
Product 2568,4/27/2026,2
Product 2569,4/27/2026,2
Product 2570,4/27/2026,1
Product 2571,4/27/2026,2
Product 2572,4/27/2026,2
Product 778,4/27/2026,1
Product 1612,4/27/2026,1
Product 2551,4/27/2026,1
Product 2263,4/27/2026,1
Product 695,4/27/2026,1
Product 229,4/27/2026,1
Product 2573,4/27/2026,1
Product 2574,4/27/2026,1
Product 2575,4/27/2026,1
Product 2576,4/27/2026,2
Product 1777,4/27/2026,2
Product 2577,4/27/2026,7
Product 2578,4/27/2026,1
Product 1573,4/27/2026,1
Product 2579,4/27/2026,1
Product 2580,4/27/2026,1
Product 764,4/27/2026,1
Product 2581,4/27/2026,2
Product 2582,4/27/2026,2
Product 2583,4/27/2026,1
Product 412,4/27/2026,1
Product 103,4/27/2026,1
Product 2584,4/27/2026,1
Product 223,4/27/2026,1
Product 2585,4/27/2026,1
Product 2586,4/27/2026,1
Product 2587,4/27/2026,1
Product 2588,4/27/2026,1
Product 2589,4/27/2026,1
Product 2030,4/27/2026,1
Product 2019,4/27/2026,1
Product 2590,4/27/2026,1
Product 56,4/27/2026,1
Product 2055,4/27/2026,1
Product 696,4/27/2026,1
Product 2591,4/27/2026,1
Product 672,4/27/2026,1
Product 2592,4/27/2026,1
Product 2593,4/27/2026,1
Product 2594,4/27/2026,1
Product 2595,4/27/2026,2
Product 2596,4/27/2026,1
Product 1126,4/27/2026,1
Product 1501,4/27/2026,1
Product 707,4/27/2026,2
Product 2597,4/27/2026,1
Product 2598,4/27/2026,1
Product 108,4/27/2026,1
Product 2599,4/27/2026,3
Product 52,4/27/2026,1
Product 1166,4/27/2026,1
Product 2600,4/27/2026,1
Product 2601,4/27/2026,1
Product 2602,4/27/2026,1
Product 2068,4/27/2026,1
Product 689,4/27/2026,2
Product 2603,4/27/2026,1
Product 2604,4/27/2026,1
Product 2605,4/27/2026,1
Product 782,4/27/2026,1
Product 1823,4/27/2026,1
Product 502,4/27/2026,1
Product 2606,4/27/2026,1
Product 2351,4/27/2026,2
Product 2607,4/27/2026,1
Product 1622,4/27/2026,1
Product 1148,4/27/2026,4
Product 503,4/27/2026,1
Product 279,4/27/2026,2
Product 2608,4/27/2026,1
Product 280,4/27/2026,1
Product 2609,4/27/2026,1
Product 2610,4/27/2026,1
Product 2611,4/27/2026,1
Product 1331,4/27/2026,1
Product 462,4/27/2026,1
Product 1524,4/27/2026,1
Product 2612,4/27/2026,1
Product 1525,4/27/2026,2
Product 1828,4/27/2026,1
Product 2613,4/27/2026,2
Product 2614,4/27/2026,2
Product 2615,4/27/2026,1
Product 2616,4/27/2026,1
Product 728,4/27/2026,1
Product 2617,4/27/2026,1
Product 2618,4/27/2026,1
Product 2619,4/27/2026,2
Product 2620,4/27/2026,1
Product 648,4/27/2026,2
Product 116,4/27/2026,1
Product 1847,4/27/2026,2
Product 2621,4/27/2026,1
Product 456,4/27/2026,1
Product 2622,4/27/2026,1
Product 685,4/27/2026,1
Product 737,4/27/2026,1
Product 53,4/27/2026,1
Product 414,4/27/2026,1
Product 2132,4/27/2026,2
Product 2623,4/27/2026,2
Product 616,4/27/2026,1
Product 543,4/27/2026,1
Product 2624,4/27/2026,1
Product 2625,4/27/2026,1
Product 359,4/27/2026,2
Product 2626,4/27/2026,1
Product 2292,4/27/2026,1
Product 658,4/27/2026,1
Product 2627,4/27/2026,1
Product 2628,4/27/2026,1
Product 1477,4/27/2026,1
Product 1197,4/27/2026,3
Product 554,4/27/2026,1
Product 1,4/26/2026,1
Product 7,4/26/2026,8
Product 2629,4/26/2026,1
Product 37,4/26/2026,8
Product 1745,4/26/2026,2
Product 2630,4/26/2026,2
Product 2631,4/26/2026,1
Product 2,4/26/2026,4
Product 65,4/26/2026,1
Product 2,4/26/2026,1
Product 6,4/26/2026,1
Product 7,4/26/2026,1
Product 79,4/26/2026,9
Product 2632,4/26/2026,2
Product 2633,4/26/2026,1
Product 2634,4/26/2026,1
Product 548,4/26/2026,1
Product 551,4/26/2026,1
Product 1863,4/26/2026,1
Product 864,4/26/2026,1
Product 2635,4/26/2026,1
Product 79,4/26/2026,1
Product 2439,4/26/2026,1
Product 2636,4/26/2026,1
Product 531,4/26/2026,2
Product 328,4/26/2026,1
Product 1865,4/26/2026,1
Product 171,4/26/2026,1
Product 1817,4/26/2026,1
Product 13,4/26/2026,5
Product 65,4/26/2026,1
Product 13,4/26/2026,2
Product 13,4/26/2026,3
Product 209,4/26/2026,1
Product 224,4/26/2026,1
Product 2637,4/26/2026,1
Product 891,4/26/2026,1
Product 2638,4/26/2026,1
Product 1335,4/26/2026,1
Product 2639,4/26/2026,1
Product 785,4/26/2026,1
Product 2640,4/26/2026,1
Product 2641,4/26/2026,1
Product 1363,4/26/2026,1
Product 2642,4/26/2026,1
Product 2643,4/26/2026,1
Product 1979,4/26/2026,1
Product 317,4/26/2026,1
Product 329,4/26/2026,4
Product 14,4/26/2026,1
Product 786,4/26/2026,1
Product 789,4/26/2026,1
Product 34,4/26/2026,1
Product 2413,4/26/2026,1
Product 1245,4/26/2026,1
Product 104,4/26/2026,1
Product 1547,4/26/2026,1
Product 2644,4/26/2026,2
Product 2645,4/26/2026,2
Product 144,4/26/2026,2
Product 2646,4/26/2026,1
Product 2647,4/26/2026,2
Product 2648,4/26/2026,1
Product 2649,4/26/2026,1
Product 2650,4/26/2026,1
Product 2651,4/26/2026,2
Product 2652,4/26/2026,1
Product 2653,4/26/2026,1
Product 2654,4/26/2026,1
Product 2655,4/26/2026,1
Product 19,4/26/2026,1
Product 2656,4/26/2026,3
Product 858,4/26/2026,2
Product 805,4/26/2026,1
Product 2657,4/26/2026,1
Product 2658,4/26/2026,1
Product 2181,4/26/2026,1
Product 665,4/26/2026,1
Product 338,4/26/2026,1
Product 2659,4/26/2026,1
Product 2660,4/26/2026,1
Product 1166,4/26/2026,1
Product 1256,4/26/2026,1
Product 2661,4/26/2026,1
Product 21,4/26/2026,1
Product 2130,4/26/2026,1
Product 1889,4/26/2026,2
Product 2662,4/26/2026,1
Product 2108,4/26/2026,1
Product 1652,4/26/2026,1
Product 2663,4/26/2026,1
Product 2664,4/26/2026,1
Product 2665,4/26/2026,1
Product 2666,4/26/2026,2
Product 35,4/26/2026,2
Product 2397,4/26/2026,2
Product 2635,4/26/2026,1
Product 2667,4/26/2026,1
Product 2668,4/26/2026,1
Product 2669,4/26/2026,3
Product 1078,4/26/2026,1
Product 2318,4/26/2026,2
Product 2670,4/26/2026,1
Product 2671,4/26/2026,1
Product 2352,4/26/2026,1
Product 2672,4/26/2026,1
Product 2673,4/26/2026,1
Product 2674,4/26/2026,1
Product 1290,4/26/2026,1
Product 2675,4/26/2026,2
Product 1623,4/26/2026,1
Product 1842,4/26/2026,1
Product 835,4/26/2026,1
Product 2676,4/26/2026,1
Product 2677,4/26/2026,1
Product 1625,4/26/2026,1
Product 2678,4/26/2026,3
Product 2679,4/26/2026,2
Product 37,4/26/2026,2
Product 2680,4/26/2026,2
Product 1545,4/26/2026,1
Product 1681,4/26/2026,1
Product 1907,4/26/2026,1
Product 2681,4/26/2026,1
Product 2682,4/26/2026,1
Product 1307,4/26/2026,1
Product 569,4/26/2026,2
Product 483,4/26/2026,1
Product 666,4/26/2026,1
Product 1247,4/26/2026,1
Product 2683,4/26/2026,1
Product 1306,4/26/2026,1
Product 2684,4/26/2026,2
Product 873,4/26/2026,1
Product 2669,4/26/2026,3
Product 570,4/26/2026,1
Product 2685,4/26/2026,3
Product 2686,4/26/2026,1
Product 602,4/26/2026,1
Product 2687,4/26/2026,1
Product 2688,4/26/2026,1
Product 2689,4/26/2026,1
Product 2690,4/26/2026,2
Product 2691,4/26/2026,1
Product 2692,4/26/2026,1
Product 2682,4/26/2026,1
Product 2693,4/26/2026,2
Product 2694,4/26/2026,2
Product 2695,4/26/2026,1
Product 380,4/26/2026,2
Product 2696,4/26/2026,2
Product 2428,4/26/2026,1
Product 2697,4/26/2026,1
Product 2698,4/26/2026,1
Product 1270,4/26/2026,1
Product 1565,4/26/2026,1
Product 2699,4/26/2026,1
Product 2700,4/26/2026,1
Product 2701,4/26/2026,1
Product 2702,4/26/2026,1
Product 2703,4/26/2026,2
Product 2704,4/26/2026,1
Product 2705,4/26/2026,1
Product 2706,4/26/2026,1
Product 2017,4/26/2026,1
Product 2707,4/26/2026,2
Product 2708,4/26/2026,1
Product 872,4/26/2026,3
Product 1600,4/26/2026,2
Product 2709,4/26/2026,1
Product 2710,4/26/2026,1
Product 2711,4/26/2026,1
Product 2712,4/26/2026,1
Product 2713,4/26/2026,1
Product 2714,4/26/2026,1
Product 2715,4/26/2026,1
Product 1335,4/26/2026,1
Product 2335,4/26/2026,1
Product 2716,4/26/2026,1
Product 2717,4/26/2026,1
Product 2718,4/26/2026,1
Product 87,4/26/2026,1
Product 2368,4/26/2026,1
Product 2719,4/26/2026,1
Product 1412,4/26/2026,1
Product 2720,4/26/2026,1
Product 2721,4/26/2026,2
Product 2722,4/26/2026,1
Product 2723,4/26/2026,1
Product 2724,4/26/2026,1
Product 2725,4/26/2026,1
Product 2726,4/26/2026,1
Product 525,4/26/2026,1
Product 2727,4/26/2026,1
Product 2728,4/26/2026,1
Product 595,4/26/2026,1
Product 2501,4/26/2026,1
Product 2729,4/26/2026,1
Product 37,4/26/2026,1
Product 2730,4/26/2026,1
Product 465,4/26/2026,1
Product 2731,4/26/2026,1
Product 2728,4/26/2026,1
Product 1690,4/26/2026,1
Product 2732,4/26/2026,1
Product 648,4/26/2026,2
Product 599,4/26/2026,1
Product 2432,4/26/2026,1
Product 284,4/26/2026,1
Product 2733,4/26/2026,2
Product 2734,4/26/2026,1
Product 2735,4/26/2026,1
Product 2736,4/26/2026,1
Product 2737,4/26/2026,1
Product 2738,4/26/2026,1
Product 1746,4/26/2026,1
Product 2739,4/26/2026,1
Product 2740,4/26/2026,1
Product 2741,4/26/2026,1
Product 2742,4/26/2026,1
Product 2743,4/26/2026,1
Product 2744,4/26/2026,1
Product 2042,4/26/2026,1
Product 1337,4/26/2026,1
Product 1981,4/26/2026,1
Product 2745,4/26/2026,1
Product 2579,4/26/2026,1
Product 1600,4/26/2026,1
Product 945,4/26/2026,1
Product 2746,4/26/2026,1
Product 965,4/26/2026,1
Product 1356,4/26/2026,1
Product 2747,4/26/2026,1
Product 1702,4/26/2026,1
Product 1982,4/26/2026,2
Product 745,4/26/2026,1
Product 2270,4/26/2026,1
Product 2748,4/26/2026,2
Product 1554,4/26/2026,1
Product 2189,4/26/2026,2
Product 1959,4/26/2026,2
Product 1378,4/26/2026,2
Product 1086,4/26/2026,1
Product 1965,4/26/2026,1
Product 68,4/26/2026,1
Product 2749,4/26/2026,5
Product 1088,4/26/2026,1
Product 924,4/26/2026,1
Product 2750,4/26/2026,2
Product 2751,4/26/2026,1
Product 926,4/26/2026,1
Product 936,4/26/2026,1
Product 1871,4/26/2026,1
Product 2752,4/26/2026,1
Product 2753,4/26/2026,1
Product 2467,4/26/2026,1
Product 1714,4/26/2026,1
Product 2754,4/26/2026,1
Product 1990,4/26/2026,1
Product 2749,4/26/2026,1
Product 1372,4/26/2026,1
Product 940,4/26/2026,1
Product 2755,4/26/2026,1
Product 2756,4/26/2026,1
Product 1377,4/26/2026,1
Product 939,4/26/2026,1
Product 940,4/26/2026,1
Product 2448,4/26/2026,1
Product 2757,4/26/2026,1
Product 1126,4/26/2026,1
Product 2758,4/26/2026,1
Product 1423,4/26/2026,1
Product 2759,4/26/2026,1
Product 2760,4/26/2026,1
Product 2195,4/26/2026,1
Product 1860,4/26/2026,3
Product 2761,4/26/2026,1
Product 2762,4/26/2026,1
Product 1262,4/26/2026,1
Product 2763,4/26/2026,3
Product 2057,4/26/2026,2
Product 2764,4/26/2026,1
Product 2765,4/26/2026,1
Product 777,4/26/2026,1
Product 1418,4/26/2026,1
Product 2766,4/26/2026,1
Product 139,4/26/2026,2
Product 332,4/26/2026,1
Product 2767,4/26/2026,1
Product 773,4/26/2026,1
Product 543,4/26/2026,1
Product 9,4/26/2026,2
Product 274,4/26/2026,2
Product 555,4/26/2026,2
Product 1403,4/26/2026,1
Product 2768,4/26/2026,1
Product 79,4/26/2026,3
Product 2769,4/26/2026,1
Product 2015,4/26/2026,1
Product 2770,4/26/2026,1
Product 552,4/26/2026,1
Product 2771,4/26/2026,1
Product 2772,4/26/2026,1
Product 2773,4/26/2026,1
Product 2774,4/26/2026,1
Product 2775,4/26/2026,1
Product 2776,4/26/2026,2
Product 2777,4/26/2026,1
Product 316,4/26/2026,1
Product 2778,4/26/2026,1
Product 2779,4/26/2026,2
Product 2678,4/26/2026,1
Product 2679,4/26/2026,1
Product 135,4/26/2026,2
Product 2537,4/26/2026,1
Product 2731,4/26/2026,1
Product 2780,4/26/2026,1
Product 2781,4/26/2026,1
Product 2782,4/26/2026,1
Product 2783,4/26/2026,1
Product 352,4/26/2026,1
Product 186,4/26/2026,1
Product 1826,4/26/2026,1
Product 2784,4/26/2026,1
Product 2785,4/26/2026,1
Product 2786,4/26/2026,1
Product 509,4/26/2026,2
Product 1020,4/26/2026,1
Product 412,4/26/2026,1
Product 2787,4/26/2026,1
Product 478,4/26/2026,1
Product 981,4/26/2026,1
Product 2788,4/26/2026,1
Product 2132,4/26/2026,1
Product 2789,4/26/2026,1
Product 2469,4/26/2026,1
Product 2790,4/26/2026,1
Product 543,4/26/2026,1
Product 1680,4/26/2026,1
Product 2791,4/26/2026,1
Product 2218,4/26/2026,1
Product 615,4/26/2026,1
Product 2386,4/26/2026,1
Product 79,4/26/2026,1
Product 37,4/26/2026,1
Product 2792,4/26/2026,1
Product 2793,4/26/2026,1
Product 1062,4/26/2026,1
Product 673,4/26/2026,3
Product 2794,4/26/2026,1
Product 1591,4/26/2026,1
Product 2795,4/26/2026,1
Product 675,4/26/2026,1
Product 1332,4/26/2026,1
Product 286,4/26/2026,1
Product 2796,4/26/2026,1
Product 440,4/26/2026,1
Product 2797,4/26/2026,1
Product 1520,4/26/2026,1
Product 2798,4/26/2026,1
Product 2799,4/26/2026,2
Product 2800,4/26/2026,1
Product 2801,4/26/2026,1
Product 2802,4/26/2026,1
Product 2803,4/26/2026,1
Product 144,4/26/2026,1
Product 2804,4/26/2026,1
Product 1023,4/26/2026,2
Product 2805,4/26/2026,5
Product 447,4/26/2026,1
Product 2806,4/26/2026,1
Product 2064,4/26/2026,1
Product 2807,4/26/2026,1
Product 2808,4/26/2026,1
Product 2809,4/26/2026,2
Product 459,4/26/2026,1
Product 2504,4/26/2026,1
Product 2810,4/26/2026,2
Product 2042,4/26/2026,1
Product 2811,4/26/2026,1
Product 2812,4/26/2026,2
Product 2646,4/26/2026,1
Product 223,4/26/2026,2
Product 2813,4/26/2026,2
Product 959,4/26/2026,1
Product 2162,4/26/2026,3
Product 2814,4/26/2026,3
Product 2815,4/26/2026,-2
Product 240,4/26/2026,-2
Product 2816,4/26/2026,2
Product 2817,4/26/2026,1
Product 233,4/26/2026,2
Product 2818,4/26/2026,1
Product 2819,4/26/2026,1
Product 2433,4/26/2026,1
Product 857,4/26/2026,1
Product 2820,4/26/2026,1
Product 2821,4/26/2026,2
Product 2822,4/26/2026,1
Product 1113,4/26/2026,1
Product 1083,4/26/2026,4
Product 105,4/26/2026,1
Product 2823,4/26/2026,1
Product 2824,4/26/2026,2
Product 2825,4/26/2026,3
Product 2351,4/26/2026,2
Product 1331,4/26/2026,1
Product 246,4/26/2026,1
Product 32,4/26/2026,2
Product 2826,4/26/2026,1
Product 2827,4/26/2026,1
Product 2828,4/26/2026,2
Product 2829,4/26/2026,1
Product 280,4/26/2026,1
Product 477,4/26/2026,1
Product 2830,4/26/2026,6
Product 2831,4/26/2026,1
Product 2832,4/26/2026,1
Product 707,4/26/2026,1
Product 1613,4/26/2026,1
Product 265,4/26/2026,1
Product 2833,4/26/2026,1
Product 2355,4/26/2026,1
Product 2834,4/26/2026,1
Product 1137,4/26/2026,1
Product 2835,4/26/2026,1
Product 495,4/26/2026,1
Product 2440,4/26/2026,1
Product 1821,4/26/2026,1
Product 1140,4/26/2026,1
Product 265,4/26/2026,1
Product 1506,4/26/2026,1
Product 2836,4/26/2026,1
Product 2837,4/26/2026,1
Product 2838,4/26/2026,2
Product 500,4/26/2026,2
Product 782,4/26/2026,1
Product 507,4/26/2026,1
Product 2839,4/26/2026,1
Product 502,4/26/2026,1
Product 308,4/26/2026,1
Product 2840,4/26/2026,2
Product 1148,4/26/2026,1
Product 439,4/26/2026,1
Product 66,4/26/2026,6
Product 279,4/26/2026,1
Product 555,4/26/2026,2
Product 727,4/26/2026,0
Product 2386,4/26/2026,2
Product 2841,4/26/2026,2
Product 1150,4/26/2026,1
Product 354,4/26/2026,1
Product 2842,4/26/2026,1
Product 2843,4/26/2026,1
Product 2844,4/26/2026,1
Product 2845,4/26/2026,1
Product 2846,4/26/2026,2
Product 2847,4/26/2026,2
Product 2848,4/26/2026,1
Product 1275,4/26/2026,1
Product 2849,4/26/2026,1
Product 2589,4/26/2026,1
Product 2850,4/26/2026,1
Product 2851,4/26/2026,1
Product 2722,4/26/2026,1
Product 527,4/26/2026,1
Product 2603,4/26/2026,1
Product 1127,4/26/2026,1
Product 2753,4/26/2026,1
Product 2852,4/26/2026,2
Product 183,4/26/2026,1
Product 2853,4/26/2026,1
Product 171,4/26/2026,1
Product 2038,4/26/2026,1
Product 2854,4/26/2026,1
Product 524,4/26/2026,1
Product 2724,4/26/2026,1
Product 2855,4/26/2026,1
Product 2418,4/26/2026,1
Product 308,4/26/2026,2
Product 2856,4/26/2026,1
Product 2353,4/26/2026,1
Product 1711,4/26/2026,1
Product 2854,4/26/2026,1
Product 313,4/26/2026,1
Product 1289,4/26/2026,1
Product 2857,4/26/2026,1
Product 2858,4/26/2026,1
Product 2859,4/26/2026,1
Product 861,4/26/2026,1
Product 2860,4/26/2026,1
Product 2861,4/26/2026,1
Product 2847,4/26/2026,1
Product 2862,4/26/2026,1
Product 419,4/26/2026,1
Product 252,4/26/2026,2
Product 745,4/26/2026,1
Product 1681,4/26/2026,1
Product 2863,4/26/2026,1
Product 2419,4/26/2026,1
Product 12,4/26/2026,1
Product 506,4/26/2026,1
Product 2185,4/26/2026,1
Product 2285,4/26/2026,1
Product 657,4/26/2026,1
Product 1455,4/26/2026,1
Product 2864,4/26/2026,1
Product 83,4/26/2026,1
Product 2865,4/26/2026,1
Product 2628,4/26/2026,1
Product 1196,4/26/2026,1
Product 2473,4/26/2026,1
Product 118,4/26/2026,1
Product 1980,4/26/2026,1
Product 2866,4/25/2026,1
Product 46,4/25/2026,1
Product 2867,4/25/2026,1
Product 2868,4/25/2026,1
Product 2869,4/25/2026,1
Product 566,4/25/2026,2
Product 2870,4/25/2026,1
Product 2153,4/25/2026,1
Product 2871,4/25/2026,2
Product 2872,4/25/2026,1
Product 1125,4/25/2026,1
Product 2873,4/25/2026,1
Product 2874,4/25/2026,1
Product 2875,4/25/2026,1
Product 188,4/25/2026,1
Product 983,4/25/2026,1
Product 1069,4/25/2026,1
Product 1,4/25/2026,1
Product 326,4/25/2026,1
Product 329,4/25/2026,1
Product 2,4/25/2026,1
Product 6,4/25/2026,1
Product 548,4/25/2026,1
Product 551,4/25/2026,1
Product 13,4/25/2026,1
Product 1216,4/25/2026,1
Product 1216,4/25/2026,1
Product 7,4/25/2026,2
Product 7,4/25/2026,10
Product 13,4/25/2026,1
Product 918,4/25/2026,1
Product 2876,4/25/2026,2
Product 329,4/25/2026,2
Product 787,4/25/2026,1
Product 2877,4/25/2026,1
Product 2878,4/25/2026,1
Product 2879,4/25/2026,1
Product 2488,4/25/2026,1
Product 37,4/25/2026,3
Product 2880,4/25/2026,1
Product 2881,4/25/2026,1
Product 2882,4/25/2026,1
Product 2883,4/25/2026,2
Product 2413,4/25/2026,1
Product 268,4/25/2026,3
Product 337,4/25/2026,1
Product 2884,4/25/2026,3
Product 2885,4/25/2026,1
Product 144,4/25/2026,1
Product 2886,4/25/2026,1
Product 2128,4/25/2026,1
Product 2289,4/25/2026,1
Product 2887,4/25/2026,2
Product 2888,4/25/2026,1
Product 2889,4/25/2026,1
Product 1584,4/25/2026,1
Product 835,4/25/2026,1
Product 63,4/25/2026,1
Product 2890,4/25/2026,1
Product 2891,4/25/2026,4
Product 399,4/25/2026,3
Product 2892,4/25/2026,1
Product 2893,4/25/2026,1
Product 469,4/25/2026,1
Product 2894,4/25/2026,1
Product 2895,4/25/2026,1
Product 2896,4/25/2026,1
Product 2897,4/25/2026,1
Product 2898,4/25/2026,1
Product 2899,4/25/2026,1
Product 727,4/25/2026,1
Product 2850,4/25/2026,1
Product 171,4/25/2026,1
Product 805,4/25/2026,1
Product 1856,4/25/2026,1
Product 2288,4/25/2026,3
Product 2900,4/25/2026,1
Product 2901,4/25/2026,1
Product 2902,4/25/2026,2
Product 2903,4/25/2026,1
Product 2904,4/25/2026,1
Product 1925,4/25/2026,1
Product 79,4/25/2026,2
Product 709,4/25/2026,1
Product 689,4/25/2026,1
Product 2905,4/25/2026,1
Product 364,4/25/2026,1
Product 2068,4/25/2026,1
Product 2906,4/25/2026,1
Product 35,4/25/2026,1
Product 35,4/25/2026,1
Product 35,4/25/2026,1
Product 826,4/25/2026,1
Product 2907,4/25/2026,1
Product 1623,4/25/2026,1
Product 1623,4/25/2026,1
Product 2908,4/25/2026,2
Product 1624,4/25/2026,1
Product 2909,4/25/2026,1
Product 1559,4/25/2026,2
Product 2910,4/25/2026,1
Product 2911,4/25/2026,1
Product 1565,4/25/2026,1
Product 835,4/25/2026,1
Product 2142,4/25/2026,2
Product 2810,4/25/2026,3
Product 874,4/25/2026,2
Product 2311,4/25/2026,2
Product 2912,4/25/2026,1
Product 2913,4/25/2026,2
Product 1031,4/25/2026,2
Product 2914,4/25/2026,1
Product 2915,4/25/2026,1
Product 365,4/25/2026,1
Product 2916,4/25/2026,1
Product 1928,4/25/2026,1
Product 2154,4/25/2026,1
Product 609,4/25/2026,1
Product 79,4/25/2026,2
Product 2917,4/25/2026,1
Product 1625,4/25/2026,1
Product 365,4/25/2026,1
Product 2918,4/25/2026,1
Product 2919,4/25/2026,1
Product 147,4/25/2026,1
Product 2920,4/25/2026,1
Product 2921,4/25/2026,1
Product 1909,4/25/2026,1
Product 2922,4/25/2026,1
Product 1911,4/25/2026,1
Product 2923,4/25/2026,1
Product 135,4/25/2026,1
Product 217,4/25/2026,1
Product 1238,4/25/2026,1
Product 2859,4/25/2026,1
Product 2924,4/25/2026,1
Product 2925,4/25/2026,1
Product 879,4/25/2026,1
Product 1307,4/25/2026,1
Product 1975,4/25/2026,1
Product 1755,4/25/2026,1
Product 1308,4/25/2026,1
Product 570,4/25/2026,2
Product 2415,4/25/2026,1
Product 2926,4/25/2026,1
Product 2927,4/25/2026,1
Product 2928,4/25/2026,1
Product 2702,4/25/2026,1
Product 2711,4/25/2026,1
Product 2929,4/25/2026,1
Product 2930,4/25/2026,1
Product 249,4/25/2026,2
Product 509,4/25/2026,2
Product 745,4/25/2026,2
Product 2931,4/25/2026,1
Product 1663,4/25/2026,1
Product 2102,4/25/2026,1
Product 2490,4/25/2026,1
Product 2932,4/25/2026,1
Product 2933,4/25/2026,1
Product 2309,4/25/2026,1
Product 2934,4/25/2026,1
Product 889,4/25/2026,1
Product 85,4/25/2026,2
Product 296,4/25/2026,1
Product 2935,4/25/2026,1
Product 2487,4/25/2026,1
Product 2936,4/25/2026,2
Product 385,4/25/2026,1
Product 689,4/25/2026,1
Product 2292,4/25/2026,2
Product 588,4/25/2026,4
Product 2580,4/25/2026,1
Product 2647,4/25/2026,1
Product 1681,4/25/2026,2
Product 2937,4/25/2026,1
Product 638,4/25/2026,1
Product 87,4/25/2026,1
Product 599,4/25/2026,1
Product 2938,4/25/2026,1
Product 97,4/25/2026,1
Product 2939,4/25/2026,1
Product 487,4/25/2026,1
Product 959,4/25/2026,1
Product 390,4/25/2026,1
Product 2940,4/25/2026,1
Product 1700,4/25/2026,2
Product 2514,4/25/2026,2
Product 2941,4/25/2026,2
Product 398,4/25/2026,1
Product 2942,4/25/2026,1
Product 124,4/25/2026,1
Product 927,4/25/2026,1
Product 133,4/25/2026,1
Product 2756,4/25/2026,1
Product 341,4/25/2026,1
Product 2943,4/25/2026,3
Product 1650,4/25/2026,2
Product 2944,4/25/2026,1
Product 2270,4/25/2026,1
Product 2945,4/25/2026,1
Product 597,4/25/2026,1
Product 2946,4/25/2026,1
Product 2432,4/25/2026,1
Product 1662,4/25/2026,1
Product 1360,4/25/2026,1
Product 70,4/25/2026,1
Product 2751,4/25/2026,1
Product 2809,4/25/2026,1
Product 2947,4/25/2026,1
Product 2948,4/25/2026,1
Product 790,4/25/2026,1
Product 79,4/25/2026,3
Product 1146,4/25/2026,1
Product 2260,4/25/2026,1
Product 2847,4/25/2026,1
Product 614,4/25/2026,1
Product 2523,4/25/2026,1
Product 2949,4/25/2026,1
Product 1782,4/25/2026,1
Product 923,4/25/2026,1
Product 133,4/25/2026,1
Product 2950,4/25/2026,1
Product 2951,4/25/2026,2
Product 316,4/25/2026,1
Product 926,4/25/2026,1
Product 375,4/25/2026,1
Product 1959,4/25/2026,1
Product 2331,4/25/2026,1
Product 747,4/25/2026,1
Product 2952,4/25/2026,1
Product 423,4/25/2026,1
Product 931,4/25/2026,1
Product 2953,4/25/2026,1
Product 2954,4/25/2026,1
Product 1377,4/25/2026,1
Product 1372,4/25/2026,1
Product 1378,4/25/2026,1
Product 2955,4/25/2026,1
Product 2949,4/25/2026,1
Product 79,4/25/2026,4
Product 2956,4/25/2026,1
Product 2957,4/25/2026,1
Product 1569,4/25/2026,1
Product 1006,4/25/2026,4
Product 2958,4/25/2026,1
Product 2959,4/25/2026,1
Product 2960,4/25/2026,1
Product 2961,4/25/2026,1
Product 2799,4/25/2026,1
Product 2551,4/25/2026,1
Product 2962,4/25/2026,1
Product 573,4/25/2026,2
Product 958,4/25/2026,1
Product 2963,4/25/2026,1
Product 2371,4/25/2026,1
Product 2964,4/25/2026,1
Product 2965,4/25/2026,1
Product 2966,4/25/2026,1
Product 2967,4/25/2026,2
Product 496,4/25/2026,1
Product 2968,4/25/2026,1
Product 403,4/25/2026,1
Product 2207,4/25/2026,1
Product 736,4/25/2026,1
Product 1209,4/25/2026,1
Product 2969,4/25/2026,1
Product 23,4/25/2026,1
Product 1409,4/25/2026,1
Product 2059,4/25/2026,1
Product 664,4/25/2026,1
Product 2970,4/25/2026,1
Product 2119,4/25/2026,1
Product 2971,4/25/2026,1
Product 2068,4/25/2026,1
Product 1599,4/25/2026,1
Product 2863,4/25/2026,1
Product 2972,4/25/2026,1
Product 2973,4/25/2026,1
Product 2974,4/25/2026,1
Product 1747,4/25/2026,1
Product 1274,4/25/2026,1
Product 985,4/25/2026,1
Product 887,4/25/2026,1
Product 2975,4/25/2026,1
Product 2976,4/25/2026,1
Product 345,4/25/2026,1
Product 1232,4/25/2026,1
Product 2977,4/25/2026,1
Product 2978,4/25/2026,1
Product 2979,4/25/2026,1
Product 37,4/25/2026,1
Product 2980,4/25/2026,1
Product 1752,4/25/2026,1
Product 487,4/25/2026,1
Product 300,4/25/2026,1
Product 2981,4/25/2026,2
Product 115,4/25/2026,1
Product 2982,4/25/2026,1
Product 1133,4/25/2026,1
Product 1318,4/25/2026,1
Product 2044,4/25/2026,1
Product 531,4/25/2026,2
Product 2983,4/25/2026,1
Product 910,4/25/2026,1
Product 1501,4/25/2026,1
Product 1064,4/25/2026,1
Product 2210,4/25/2026,1
Product 795,4/25/2026,1
Product 883,4/25/2026,1
Product 37,4/25/2026,2
Product 489,4/25/2026,2
Product 259,4/25/2026,1
Product 2984,4/25/2026,1
Product 2072,4/25/2026,1
Product 2985,4/25/2026,1
Product 1411,4/25/2026,1
Product 2986,4/25/2026,1
Product 582,4/25/2026,1
Product 2987,4/25/2026,1
Product 2609,4/25/2026,2
Product 2988,4/25/2026,1
Product 1239,4/25/2026,1
Product 2989,4/25/2026,2
Product 754,4/25/2026,1
Product 2990,4/25/2026,2
Product 2042,4/25/2026,1
Product 1935,4/25/2026,1
Product 2991,4/25/2026,1
Product 2992,4/25/2026,1
Product 2024,4/25/2026,2
Product 332,4/25/2026,2
Product 2993,4/25/2026,1
Product 258,4/25/2026,1
Product 2994,4/25/2026,1
Product 2995,4/25/2026,1
Product 2996,4/25/2026,1
Product 684,4/25/2026,1
Product 2997,4/25/2026,1
Product 2998,4/25/2026,1
Product 2999,4/25/2026,1
Product 80,4/25/2026,1
Product 3000,4/25/2026,1
Product 3001,4/25/2026,1
Product 3002,4/25/2026,20
Product 1481,4/25/2026,1
Product 3003,4/25/2026,1
Product 1791,4/25/2026,1
Product 3004,4/25/2026,1
Product 483,4/25/2026,1
Product 3005,4/25/2026,4
Product 2162,4/25/2026,1
Product 3006,4/25/2026,1
Product 2082,4/25/2026,2
Product 3007,4/25/2026,1
Product 543,4/25/2026,1
Product 2815,4/25/2026,2
Product 240,4/25/2026,2
Product 2800,4/25/2026,2
Product 464,4/25/2026,1
Product 2819,4/25/2026,1
Product 1107,4/25/2026,1
Product 1752,4/25/2026,1
Product 2205,4/25/2026,1
Product 3008,4/25/2026,2
Product 2822,4/25/2026,1
Product 3009,4/25/2026,1
Product 3010,4/25/2026,1
Product 3011,4/25/2026,2
Product 3012,4/25/2026,1
Product 3013,4/25/2026,1
Product 3014,4/25/2026,1
Product 697,4/25/2026,1
Product 3015,4/25/2026,1
Product 3016,4/25/2026,1
Product 1496,4/25/2026,1
Product 3017,4/25/2026,1
Product 2326,4/25/2026,3
Product 3018,4/25/2026,1
Product 832,4/25/2026,1
Product 2196,4/25/2026,1
Product 3019,4/25/2026,1
Product 279,4/25/2026,1
Product 419,4/25/2026,1
Product 1303,4/25/2026,1
Product 2420,4/25/2026,4
Product 490,4/25/2026,1
Product 1190,4/25/2026,1
Product 872,4/25/2026,1
Product 3020,4/25/2026,1
Product 3021,4/25/2026,1
Product 3022,4/25/2026,1
Product 2065,4/25/2026,1
Product 2439,4/25/2026,1
Product 495,4/25/2026,1
Product 3023,4/25/2026,1
Product 265,4/25/2026,1
Product 2984,4/25/2026,2
Product 1094,4/25/2026,2
Product 1508,4/25/2026,1
Product 3024,4/25/2026,1
Product 713,4/25/2026,1
Product 65,4/25/2026,1
Product 2332,4/25/2026,2
Product 3025,4/25/2026,2
Product 3026,4/25/2026,1
Product 1838,4/25/2026,5
Product 3027,4/25/2026,1
Product 2351,4/25/2026,1
Product 3028,4/25/2026,1
Product 1244,4/25/2026,2
Product 503,4/25/2026,2
Product 503,4/25/2026,1
Product 507,4/25/2026,1
Product 1221,4/25/2026,2
Product 3029,4/25/2026,1
Product 1157,4/25/2026,1
Product 354,4/25/2026,1
Product 2389,4/25/2026,1
Product 3030,4/25/2026,1
Product 858,4/25/2026,1
Product 1023,4/25/2026,2
Product 2082,4/25/2026,1
Product 1828,4/25/2026,1
Product 3031,4/25/2026,1
Product 3032,4/25/2026,1
Product 3033,4/25/2026,1
Product 3034,4/25/2026,1
Product 2390,4/25/2026,1
Product 1510,4/25/2026,1
Product 1510,4/25/2026,1
Product 419,4/25/2026,1
Product 2603,4/25/2026,1
Product 3035,4/25/2026,1
Product 3036,4/25/2026,1
Product 852,4/25/2026,1
Product 1038,4/25/2026,1
Product 308,4/25/2026,1
Product 3037,4/25/2026,1
Product 2753,4/25/2026,1
Product 3038,4/25/2026,1
Product 953,4/25/2026,1
Product 3039,4/25/2026,1
Product 3040,4/25/2026,1
Product 3041,4/25/2026,1
Product 1879,4/25/2026,1
Product 1619,4/25/2026,1
Product 1850,4/25/2026,1
Product 427,4/25/2026,1
Product 2121,4/25/2026,1
Product 3042,4/25/2026,1
Product 3043,4/25/2026,1
Product 1114,4/25/2026,1
Product 305,4/25/2026,1
Product 3044,4/25/2026,1
Product 542,4/25/2026,1
Product 648,4/25/2026,1
Product 2096,4/25/2026,1
Product 3045,4/25/2026,4
Product 313,4/25/2026,1
Product 2726,4/25/2026,1
Product 3046,4/25/2026,1
Product 1404,4/25/2026,1
Product 745,4/25/2026,1
Product 1853,4/25/2026,1
Product 1190,4/25/2026,1
Product 3047,4/25/2026,1
Product 317,4/25/2026,1
Product 3048,4/25/2026,1
Product 324,4/25/2026,1
Product 750,4/25/2026,1
Product 3049,4/25/2026,2
Product 1198,4/25/2026,1
Product 1,4/24/2026,1
Product 2,4/24/2026,1
Product 2,4/24/2026,1
Product 6,4/24/2026,2
Product 551,4/24/2026,1
Product 328,4/24/2026,1
Product 7,4/24/2026,4
Product 13,4/24/2026,2
Product 329,4/24/2026,4
Product 329,4/24/2026,1
Product 787,4/24/2026,1
Product 3050,4/24/2026,2
Product 3051,4/24/2026,1
Product 37,4/24/2026,2
Product 476,4/24/2026,1
Product 502,4/24/2026,1
Product 488,4/24/2026,1
Product 2410,4/24/2026,1
Product 3052,4/24/2026,3
Product 61,4/24/2026,1
Product 1735,4/24/2026,2
Product 2404,4/24/2026,1
Product 2287,4/24/2026,1
Product 252,4/24/2026,1
Product 2289,4/24/2026,1
Product 3053,4/24/2026,1
Product 1915,4/24/2026,1
Product 73,4/24/2026,2
Product 2927,4/24/2026,1
Product 3054,4/24/2026,1
Product 79,4/24/2026,1
Product 37,4/24/2026,1
Product 3055,4/24/2026,2
Product 10,4/24/2026,1
Product 2249,4/24/2026,1
Product 1846,4/24/2026,1
Product 314,4/24/2026,2
Product 3056,4/24/2026,1
Product 118,4/24/2026,1
Product 364,4/24/2026,2
Product 3057,4/24/2026,1
Product 2760,4/24/2026,1
Product 37,4/24/2026,5
Product 3058,4/24/2026,1
Product 1463,4/24/2026,2
Product 3059,4/24/2026,1
Product 3060,4/24/2026,1
Product 2427,4/24/2026,1
Product 3061,4/24/2026,1
Product 571,4/24/2026,3
Product 1031,4/24/2026,1
Product 3062,4/24/2026,1
Product 739,4/24/2026,1
Product 984,4/24/2026,1
Product 2624,4/24/2026,1
Product 1879,4/24/2026,1
Product 1281,4/24/2026,1
Product 820,4/24/2026,1
Product 79,4/24/2026,2
Product 1896,4/24/2026,1
Product 994,4/24/2026,1
Product 47,4/24/2026,1
Product 73,4/24/2026,2
Product 3063,4/24/2026,1
Product 3064,4/24/2026,1
Product 570,4/24/2026,2
Product 380,4/24/2026,2
Product 3065,4/24/2026,1
Product 1270,4/24/2026,1
Product 863,4/24/2026,1
Product 3066,4/24/2026,2
Product 3067,4/24/2026,2
Product 1164,4/24/2026,1
Product 3068,4/24/2026,1
Product 3012,4/24/2026,2
Product 3069,4/24/2026,5
Product 2884,4/24/2026,1
Product 3070,4/24/2026,1
Product 3071,4/24/2026,1
Product 874,4/24/2026,2
Product 3072,4/24/2026,1
Product 380,4/24/2026,2
Product 3073,4/24/2026,1
Product 3074,4/24/2026,2
Product 3075,4/24/2026,1
Product 3076,4/24/2026,1
Product 1328,4/24/2026,1
Product 1944,4/24/2026,1
Product 97,4/24/2026,1
Product 2939,4/24/2026,1
Product 195,4/24/2026,1
Product 3077,4/24/2026,1
Product 599,4/24/2026,1
Product 1871,4/24/2026,1
Product 3078,4/24/2026,2
Product 3079,4/24/2026,2
Product 3080,4/24/2026,1
Product 2952,4/24/2026,1
Product 2514,4/24/2026,3
Product 3081,4/24/2026,1
Product 2329,4/24/2026,1
Product 3082,4/24/2026,1
Product 3083,4/24/2026,1
Product 125,4/24/2026,1
Product 394,4/24/2026,2
Product 3084,4/24/2026,1
Product 3085,4/24/2026,1
Product 790,4/24/2026,1
Product 614,4/24/2026,1
Product 2272,4/24/2026,1
Product 441,4/24/2026,1
Product 3086,4/24/2026,1
Product 131,4/24/2026,2
Product 398,4/24/2026,1
Product 3087,4/24/2026,1
Product 934,4/24/2026,1
Product 1378,4/24/2026,1
Product 1002,4/24/2026,1
Product 1379,4/24/2026,1
Product 3088,4/24/2026,2
Product 3089,4/24/2026,2
Product 1569,4/24/2026,2
Product 3090,4/24/2026,1
Product 158,4/24/2026,1
Product 1119,4/24/2026,2
Product 3091,4/24/2026,1
Product 699,4/24/2026,1
Product 3092,4/24/2026,1
Product 3093,4/24/2026,1
Product 1978,4/24/2026,1
Product 987,4/24/2026,1
Product 122,4/24/2026,1
Product 1083,4/24/2026,2
Product 3094,4/24/2026,1
Product 3095,4/24/2026,2
Product 79,4/24/2026,2
Product 2504,4/24/2026,1
Product 2859,4/24/2026,1
Product 3096,4/24/2026,1
Product 3097,4/24/2026,1
Product 258,4/24/2026,2
Product 3098,4/24/2026,1
Product 616,4/24/2026,1
Product 3099,4/24/2026,1
Product 2341,4/24/2026,4
Product 1580,4/24/2026,1
Product 313,4/24/2026,1
Product 79,4/24/2026,1
Product 1131,4/24/2026,1
Product 2461,4/24/2026,1
Product 3100,4/24/2026,1
Product 3101,4/24/2026,1
Product 3102,4/24/2026,2
Product 3103,4/24/2026,2
Product 1798,4/24/2026,2
Product 3104,4/24/2026,1
Product 3105,4/24/2026,1
Product 3106,4/24/2026,1
Product 3107,4/24/2026,2
Product 3108,4/24/2026,1
Product 3109,4/24/2026,4
Product 2886,4/24/2026,2
Product 3110,4/24/2026,1
Product 3111,4/24/2026,1
Product 3112,4/24/2026,1
Product 3113,4/24/2026,1
Product 1976,4/24/2026,1
Product 3114,4/24/2026,20
Product 631,4/24/2026,1
Product 3115,4/24/2026,2
Product 3116,4/24/2026,2
Product 1598,4/24/2026,1
Product 2251,4/24/2026,1
Product 3117,4/24/2026,1
Product 1818,4/24/2026,1
Product 2439,4/24/2026,2
Product 1107,4/24/2026,3
Product 2820,4/24/2026,1
Product 692,4/24/2026,1
Product 3008,4/24/2026,1
Product 2822,4/24/2026,1
Product 3118,4/24/2026,3
Product 3119,4/24/2026,1
Product 3120,4/24/2026,1
Product 628,4/24/2026,1
Product 504,4/24/2026,1
Product 303,4/24/2026,1
Product 3121,4/24/2026,2
Product 3122,4/24/2026,1
Product 2375,4/24/2026,1
Product 3123,4/24/2026,3
Product 695,4/24/2026,1
Product 3124,4/24/2026,1
Product 3125,4/24/2026,1
Product 3126,4/24/2026,1
Product 1496,4/24/2026,1
Product 3127,4/24/2026,1
Product 259,4/24/2026,1
Product 2065,4/24/2026,1
Product 495,4/24/2026,1
Product 2590,4/24/2026,1
Product 775,4/24/2026,1
Product 782,4/24/2026,2
Product 2141,4/24/2026,1
Product 712,4/24/2026,1
Product 2840,4/24/2026,1
Product 3128,4/24/2026,1
Product 3129,4/24/2026,2
Product 509,4/24/2026,2
Product 3130,4/24/2026,1
Product 3131,4/24/2026,1
Product 3132,4/24/2026,1
Product 721,4/24/2026,1
Product 2087,4/24/2026,1
Product 3133,4/24/2026,3
Product 3134,4/24/2026,1
Product 1502,4/24/2026,1
Product 2617,4/24/2026,1
Product 1038,4/24/2026,1
Product 1205,4/24/2026,1
Product 1536,4/24/2026,1
Product 3135,4/24/2026,1
Product 116,4/24/2026,1
Product 3136,4/24/2026,1
Product 3137,4/24/2026,1
Product 2045,4/24/2026,1
Product 739,4/24/2026,1
Product 3138,4/24/2026,1
Product 2284,4/24/2026,1
Product 1209,4/24/2026,1
Product 2400,4/24/2026,1
Product 3139,4/24/2026,1
Product 2951,4/24/2026,2
Product 2777,4/24/2026,2
Product 1857,4/24/2026,1
Product 963,4/24/2026,1
Product 3140,4/24/2026,1
Product 3141,4/24/2026,1
Product 2260,4/24/2026,1
Product 3142,4/24/2026,2
Product 883,4/24/2026,1
Product 3143,4/24/2026,1
Product 1455,4/24/2026,1
Product 2121,4/24/2026,1
Product 2,4/23/2026,1
Product 2,4/23/2026,1
Product 6,4/23/2026,3
Product 551,4/23/2026,1
Product 3144,4/23/2026,1
Product 3145,4/23/2026,1
Product 37,4/23/2026,2
Product 459,4/23/2026,2
Product 7,4/23/2026,2
Product 13,4/23/2026,2
Product 329,4/23/2026,1
Product 14,4/23/2026,1
Product 3146,4/23/2026,16
Product 450,4/23/2026,1
Product 3147,4/23/2026,1
Product 2267,4/23/2026,1
Product 2413,4/23/2026,1
Product 2612,4/23/2026,1
Product 2122,4/23/2026,1
Product 3148,4/23/2026,1
Product 55,4/23/2026,1
Product 3149,4/23/2026,1
Product 858,4/23/2026,3
Product 1740,4/23/2026,1
Product 804,4/23/2026,1
Product 800,4/23/2026,1
Product 35,4/23/2026,1
Product 3150,4/23/2026,1
Product 804,4/23/2026,1
Product 3151,4/23/2026,1
Product 364,4/23/2026,1
Product 3152,4/23/2026,1
Product 79,4/23/2026,1
Product 3153,4/23/2026,1
Product 1135,4/23/2026,1
Product 1234,4/23/2026,1
Product 543,4/23/2026,1
Product 35,4/23/2026,1
Product 3154,4/23/2026,1
Product 2911,4/23/2026,1
Product 1625,4/23/2026,1
Product 1907,4/23/2026,1
Product 3155,4/23/2026,1
Product 3057,4/23/2026,1
Product 3156,4/23/2026,1
Product 1746,4/23/2026,1
Product 1623,4/23/2026,1
Product 2908,4/23/2026,1
Product 3157,4/23/2026,1
Product 2481,4/23/2026,1
Product 1328,4/23/2026,1
Product 79,4/23/2026,1
Product 3158,4/23/2026,1
Product 2142,4/23/2026,4
Product 3159,4/23/2026,1
Product 3160,4/23/2026,1
Product 3161,4/23/2026,1
Product 3162,4/23/2026,1
Product 3163,4/23/2026,1
Product 3164,4/23/2026,3
Product 3165,4/23/2026,1
Product 3166,4/23/2026,1
Product 3167,4/23/2026,1
Product 1044,4/23/2026,1
Product 3168,4/23/2026,4
Product 1744,4/23/2026,4
Product 3169,4/23/2026,4
Product 3170,4/23/2026,4
Product 3171,4/23/2026,4
Product 1611,4/23/2026,1
Product 3172,4/23/2026,1
Product 3173,4/23/2026,2
Product 3174,4/23/2026,1
Product 3175,4/23/2026,1
Product 3176,4/23/2026,1
Product 3177,4/23/2026,1
Product 2142,4/23/2026,4
Product 2450,4/23/2026,1
Product 1282,4/23/2026,1
Product 1816,4/23/2026,1
Product 730,4/23/2026,1
Product 2246,4/23/2026,1
Product 1114,4/23/2026,1
Product 2794,4/23/2026,1
Product 3178,4/23/2026,1
Product 827,4/23/2026,1
Product 3068,4/23/2026,1
Product 570,4/23/2026,4
Product 2155,4/23/2026,1
Product 37,4/23/2026,1
Product 833,4/23/2026,1
Product 3179,4/23/2026,2
Product 2492,4/23/2026,2
Product 3180,4/23/2026,1
Product 3181,4/23/2026,1
Product 3182,4/23/2026,1
Product 73,4/23/2026,2
Product 3183,4/23/2026,1
Product 3184,4/23/2026,1
Product 2310,4/23/2026,1
Product 3185,4/23/2026,1
Product 3186,4/23/2026,1
Product 3187,4/23/2026,1
Product 981,4/23/2026,2
Product 982,4/23/2026,1
Product 2475,4/23/2026,1
Product 315,4/23/2026,0
Product 1768,4/23/2026,1
Product 3188,4/23/2026,1
Product 3189,4/23/2026,1
Product 3190,4/23/2026,1
Product 1006,4/23/2026,2
Product 3191,4/23/2026,1
Product 152,4/23/2026,1
Product 3192,4/23/2026,1
Product 1270,4/23/2026,4
Product 3193,4/23/2026,1
Product 588,4/23/2026,1
Product 1224,4/23/2026,1
Product 2024,4/23/2026,2
Product 332,4/23/2026,1
Product 3194,4/23/2026,1
Product 656,4/23/2026,1
Product 2493,4/23/2026,1
Product 1334,4/23/2026,1
Product 1558,4/23/2026,1
Product 3195,4/23/2026,1
Product 598,4/23/2026,1
Product 3196,4/23/2026,1
Product 3197,4/23/2026,1
Product 959,4/23/2026,1
Product 2728,4/23/2026,1
Product 94,4/23/2026,1
Product 3198,4/23/2026,1
Product 128,4/23/2026,1
Product 153,4/23/2026,1
Product 3199,4/23/2026,1
Product 2512,4/23/2026,1
Product 225,4/23/2026,1
Product 1291,4/23/2026,5
Product 1291,4/23/2026,6
Product 2172,4/23/2026,1
Product 603,4/23/2026,1
Product 3200,4/23/2026,1
Product 3201,4/23/2026,7
Product 3202,4/23/2026,1
Product 1337,4/23/2026,1
Product 1965,4/23/2026,1
Product 1370,4/23/2026,1
Product 933,4/23/2026,1
Product 1001,4/23/2026,1
Product 2756,4/23/2026,1
Product 146,4/23/2026,1
Product 1372,4/23/2026,1
Product 1378,4/23/2026,1
Product 3203,4/23/2026,1
Product 2944,4/23/2026,1
Product 1283,4/23/2026,1
Product 130,4/23/2026,1
Product 79,4/23/2026,1
Product 58,4/23/2026,1
Product 3204,4/23/2026,1
Product 252,4/23/2026,1
Product 658,4/23/2026,1
Product 2296,4/23/2026,1
Product 68,4/23/2026,1
Product 929,4/23/2026,1
Product 142,4/23/2026,1
Product 1953,4/23/2026,1
Product 1954,4/23/2026,1
Product 1956,4/23/2026,1
Product 2749,4/23/2026,1
Product 937,4/23/2026,1
Product 1704,4/23/2026,1
Product 3205,4/23/2026,1
Product 3206,4/23/2026,1
Product 26,4/23/2026,1
Product 892,4/23/2026,1
Product 2796,4/23/2026,1
Product 654,4/23/2026,1
Product 3207,4/23/2026,1
Product 1280,4/23/2026,1
Product 28,4/23/2026,1
Product 157,4/23/2026,1
Product 487,4/23/2026,1
Product 1170,4/23/2026,2
Product 3208,4/23/2026,1
Product 1403,4/23/2026,1
Product 3209,4/23/2026,1
Product 3210,4/23/2026,1
Product 3211,4/23/2026,1
Product 1188,4/23/2026,1
Product 740,4/23/2026,1
Product 2446,4/23/2026,1
Product 3212,4/23/2026,1
Product 3213,4/23/2026,1
Product 3214,4/23/2026,1
Product 1729,4/23/2026,1
Product 172,4/23/2026,1
Product 3215,4/23/2026,1
Product 3216,4/23/2026,1
Product 3217,4/23/2026,1
Product 3218,4/23/2026,1
Product 3219,4/23/2026,1
Product 166,4/23/2026,1
Product 3220,4/23/2026,1
Product 3221,4/23/2026,1
Product 1650,4/23/2026,1
Product 3222,4/23/2026,1
Product 279,4/23/2026,2
Product 3223,4/23/2026,1
Product 1858,4/23/2026,1
Product 581,4/23/2026,2
Product 3224,4/23/2026,1
Product 2087,4/23/2026,1
Product 3225,4/23/2026,1
Product 887,4/23/2026,1
Product 3226,4/23/2026,1
Product 2611,4/23/2026,1
Product 1802,4/23/2026,1
Product 2603,4/23/2026,1
Product 3227,4/23/2026,1
Product 643,4/23/2026,1
Product 3228,4/23/2026,1
Product 170,4/23/2026,1
Product 1022,4/23/2026,1
Product 470,4/23/2026,1
Product 1429,4/23/2026,1
Product 3229,4/23/2026,1
Product 1823,4/23/2026,1
Product 37,4/23/2026,1
Product 3012,4/23/2026,2
Product 3123,4/23/2026,4
Product 3230,4/23/2026,1
Product 2795,4/23/2026,1
Product 3231,4/23/2026,2
Product 3232,4/23/2026,1
Product 2042,4/23/2026,1
Product 2884,4/23/2026,4
Product 3070,4/23/2026,2
Product 1284,4/23/2026,1
Product 2539,4/23/2026,1
Product 3233,4/23/2026,1
Product 1589,4/23/2026,2
Product 3112,4/23/2026,1
Product 3191,4/23/2026,1
Product 3234,4/23/2026,1
Product 1232,4/23/2026,1
Product 1130,4/23/2026,1
Product 1072,4/23/2026,1
Product 3235,4/23/2026,1
Product 2160,4/23/2026,1
Product 1232,4/23/2026,1
Product 3236,4/23/2026,1
Product 1505,4/23/2026,1
Product 1082,4/23/2026,1
Product 3237,4/23/2026,3
Product 3238,4/23/2026,5
Product 2223,4/23/2026,1
Product 3239,4/23/2026,1
Product 3240,4/23/2026,1
Product 3241,4/23/2026,1
Product 971,4/23/2026,1
Product 3242,4/23/2026,1
Product 1598,4/23/2026,2
Product 1404,4/23/2026,1
Product 1113,4/23/2026,1
Product 3013,4/23/2026,4
Product 3069,4/23/2026,13
Product 3046,4/23/2026,1
Product 3243,4/23/2026,1
Product 1977,4/23/2026,1
Product 2057,4/23/2026,1
Product 3244,4/23/2026,1
Product 1288,4/23/2026,1
Product 524,4/23/2026,1
Product 3066,4/23/2026,1
Product 1498,4/23/2026,1
Product 3245,4/23/2026,50
Product 1123,4/23/2026,1
Product 1816,4/23/2026,1
Product 3246,4/23/2026,1
Product 250,4/23/2026,1
Product 2065,4/23/2026,1
Product 2981,4/23/2026,1
Product 515,4/23/2026,1
Product 269,4/23/2026,1
Product 502,4/23/2026,1
Product 504,4/23/2026,1
Product 1508,4/23/2026,2
Product 268,4/23/2026,1
Product 66,4/23/2026,1
Product 279,4/23/2026,1
Product 3247,4/23/2026,1
Product 293,4/23/2026,1
Product 2089,4/23/2026,1
Product 2182,4/23/2026,1
Product 1834,4/23/2026,1
Product 776,4/23/2026,2
Product 664,4/23/2026,1
Product 118,4/23/2026,1
Product 2614,4/23/2026,2
Product 1408,4/23/2026,1
Product 1170,4/23/2026,1
Product 858,4/23/2026,1
Product 953,4/23/2026,-1
Product 3248,4/23/2026,1
Product 3249,4/23/2026,1
Product 3250,4/23/2026,1
Product 1071,4/23/2026,1
Product 3251,4/23/2026,1
Product 1234,4/23/2026,2
Product 3252,4/23/2026,1
Product 3253,4/23/2026,1
Product 1533,4/23/2026,1
Product 1844,4/23/2026,1
Product 1444,4/23/2026,1
Product 2730,4/23/2026,1
Product 1296,4/23/2026,1
Product 3254,4/23/2026,1
Product 2467,4/23/2026,1
Product 648,4/23/2026,1
Product 2264,4/23/2026,1
Product 3255,4/23/2026,1
Product 313,4/23/2026,2
Product 1235,4/23/2026,10
Product 3256,4/23/2026,1
Product 3257,4/23/2026,2
Product 1192,4/23/2026,1
Product 554,4/23/2026,1
Product 1660,4/23/2026,1
Product 506,4/23/2026,1
Product 3258,4/23/2026,1
Product 2262,4/22/2026,1
Product 3259,4/22/2026,1
Product 3260,4/22/2026,1
Product 2511,4/22/2026,2
Product 3261,4/22/2026,1
Product 3262,4/22/2026,1
Product 2145,4/22/2026,2
Product 100,4/22/2026,1
Product 3263,4/22/2026,1
Product 3264,4/22/2026,1
Product 3265,4/22/2026,1
Product 2597,4/22/2026,1
Product 270,4/22/2026,1
Product 499,4/22/2026,1
Product 3266,4/22/2026,1
Product 2441,4/22/2026,1
Product 303,4/22/2026,1
Product 665,4/22/2026,1
Product 3267,4/22/2026,1
Product 3268,4/22/2026,1
Product 1235,4/22/2026,1
Product 2262,4/22/2026,1
Product 3269,4/22/2026,1
Product 3270,4/22/2026,2
Product 3271,4/22/2026,2
Product 3272,4/22/2026,2
Product 2629,4/22/2026,1
Product 3,4/22/2026,2
Product 2702,4/22/2026,1
Product 3273,4/22/2026,1
Product 2804,4/22/2026,1
Product 3274,4/22/2026,2
Product 2363,4/22/2026,1
Product 3275,4/22/2026,1
Product 3276,4/22/2026,1
Product 1865,4/22/2026,1
Product 1216,4/22/2026,1
Product 7,4/22/2026,1
Product 7,4/22/2026,1
Product 7,4/22/2026,1
Product 13,4/22/2026,1
Product 13,4/22/2026,1
Product 329,4/22/2026,1
Product 37,4/22/2026,4
Product 3277,4/22/2026,1
Product 3278,4/22/2026,1
Product 2793,4/22/2026,1
Product 1062,4/22/2026,1
Product 3279,4/22/2026,2
Product 3280,4/22/2026,1
Product 3281,4/22/2026,1
Product 2066,4/22/2026,1
Product 3210,4/22/2026,1
Product 3282,4/22/2026,1
Product 1640,4/22/2026,1
Product 3283,4/22/2026,1
Product 330,4/22/2026,1
Product 3284,4/22/2026,1
Product 3285,4/22/2026,1
Product 3286,4/22/2026,1
Product 1245,4/22/2026,1
Product 1356,4/22/2026,1
Product 1584,4/22/2026,1
Product 1248,4/22/2026,3
Product 3073,4/22/2026,1
Product 1296,4/22/2026,2
Product 338,4/22/2026,1
Product 3073,4/22/2026,1
Product 3287,4/22/2026,2
Product 1468,4/22/2026,1
Product 3288,4/22/2026,1
Product 280,4/22/2026,1
Product 3289,4/22/2026,1
Product 3212,4/22/2026,2
Product 3290,4/22/2026,1
Product 3291,4/22/2026,2
Product 1254,4/22/2026,2
Product 3292,4/22/2026,2
Product 3293,4/22/2026,1
Product 1400,4/22/2026,1
Product 37,4/22/2026,1
Product 3294,4/22/2026,1
Product 2343,4/22/2026,1
Product 3295,4/22/2026,3
Product 3296,4/22/2026,2
Product 3297,4/22/2026,1
Product 3298,4/22/2026,1
Product 2595,4/22/2026,3
Product 689,4/22/2026,1
Product 289,4/22/2026,1
Product 1234,4/22/2026,1
Product 737,4/22/2026,1
Product 3299,4/22/2026,2
Product 364,4/22/2026,1
Product 3300,4/22/2026,1
Product 22,4/22/2026,1
Product 3301,4/22/2026,1
Product 3302,4/22/2026,1
Product 3303,4/22/2026,1
Product 44,4/22/2026,1
Product 1903,4/22/2026,1
Product 1624,4/22/2026,1
Product 3304,4/22/2026,1
Product 3305,4/22/2026,1
Product 79,4/22/2026,2
Product 108,4/22/2026,1
Product 3306,4/22/2026,1
Product 1819,4/22/2026,1
Product 3252,4/22/2026,1
Product 1304,4/22/2026,3
Product 2916,4/22/2026,3
Product 3068,4/22/2026,1
Product 566,4/22/2026,1
Product 2155,4/22/2026,1
Product 2147,4/22/2026,1
Product 2682,4/22/2026,1
Product 1094,4/22/2026,3
Product 2141,4/22/2026,1
Product 504,4/22/2026,3
Product 689,4/22/2026,1
Product 380,4/22/2026,2
Product 3307,4/22/2026,1
Product 2888,4/22/2026,1
Product 4,4/22/2026,2
Product 1289,4/22/2026,2
Product 3308,4/22/2026,1
Product 3309,4/22/2026,1
Product 1559,4/22/2026,1
Product 3310,4/22/2026,1
Product 1558,4/22/2026,1
Product 2487,4/22/2026,1
Product 1630,4/22/2026,1
Product 3311,4/22/2026,1
Product 3312,4/22/2026,1
Product 3313,4/22/2026,1
Product 598,4/22/2026,1
Product 3314,4/22/2026,1
Product 965,4/22/2026,1
Product 3315,4/22/2026,1
Product 713,4/22/2026,1
Product 390,4/22/2026,2
Product 3316,4/22/2026,1
Product 3317,4/22/2026,1
Product 900,4/22/2026,2
Product 3318,4/22/2026,2
Product 931,4/22/2026,1
Product 1377,4/22/2026,1
Product 956,4/22/2026,1
Product 3319,4/22/2026,1
Product 563,4/22/2026,1
Product 2550,4/22/2026,1
Product 1228,4/22/2026,1
Product 502,4/22/2026,2
Product 3320,4/22/2026,1
Product 3321,4/22/2026,1
Product 3322,4/22/2026,2
Product 394,4/22/2026,2
Product 1998,4/22/2026,1
Product 3323,4/22/2026,1
Product 2985,4/22/2026,1
Product 797,4/22/2026,1
Product 3324,4/22/2026,1
Product 2188,4/22/2026,1
Product 3325,4/22/2026,2
Product 399,4/22/2026,1
Product 134,4/22/2026,2
Product 3326,4/22/2026,1
Product 79,4/22/2026,1
Product 3327,4/22/2026,1
Product 3328,4/22/2026,1
Product 1729,4/22/2026,1
Product 3329,4/22/2026,1
Product 79,4/22/2026,1
Product 3330,4/22/2026,1
Product 3331,4/22/2026,1
Product 692,4/22/2026,1
Product 3332,4/22/2026,2
Product 3333,4/22/2026,1
Product 79,4/22/2026,1
Product 79,4/22/2026,1
Product 3334,4/22/2026,1
Product 37,4/22/2026,1
Product 3335,4/22/2026,1
Product 3336,4/22/2026,1
Product 3337,4/22/2026,1
Product 2433,4/22/2026,1
Product 1267,4/22/2026,1
Product 3338,4/22/2026,6
Product 3192,4/22/2026,1
Product 2928,4/22/2026,1
Product 858,4/22/2026,2
Product 3339,4/22/2026,1
Product 3340,4/22/2026,2
Product 144,4/22/2026,3
Product 3341,4/22/2026,1
Product 3342,4/22/2026,1
Product 1258,4/22/2026,1
Product 3207,4/22/2026,1
Product 3343,4/22/2026,1
Product 810,4/22/2026,2
Product 3344,4/22/2026,3
Product 3345,4/22/2026,1
Product 2553,4/22/2026,1
Product 1611,4/22/2026,1
Product 3346,4/22/2026,1
Product 741,4/22/2026,1
Product 3347,4/22/2026,2
Product 3348,4/22/2026,3
Product 3349,4/22/2026,-3
Product 1480,4/22/2026,1
Product 3004,4/22/2026,1
Product 1481,4/22/2026,1
Product 2373,4/22/2026,1
Product 3350,4/22/2026,1
Product 3351,4/22/2026,1
Product 1535,4/22/2026,1
Product 3352,4/22/2026,2
Product 3353,4/22/2026,1
Product 3354,4/22/2026,2
Product 1101,4/22/2026,1
Product 242,4/22/2026,1
Product 3355,4/22/2026,1
Product 3356,4/22/2026,1
Product 2660,4/22/2026,1
Product 3357,4/22/2026,1
Product 3358,4/22/2026,1
Product 3359,4/22/2026,2
Product 3360,4/22/2026,1
Product 3361,4/22/2026,1
Product 3362,4/22/2026,1
Product 3363,4/22/2026,2
Product 3364,4/22/2026,1
Product 3365,4/22/2026,1
Product 3366,4/22/2026,1
Product 429,4/22/2026,1
Product 3367,4/22/2026,2
Product 32,4/22/2026,1
Product 2355,4/22/2026,1
Product 2460,4/22/2026,1
Product 752,4/22/2026,1
Product 352,4/22/2026,1
Product 3368,4/22/2026,6
Product 3369,4/22/2026,1
Product 2596,4/22/2026,1
Product 1500,4/22/2026,1
Product 1752,4/22/2026,1
Product 2439,4/22/2026,3
Product 3370,4/22/2026,1
Product 3371,4/22/2026,1
Product 495,4/22/2026,1
Product 1713,4/22/2026,1
Product 2602,4/22/2026,1
Product 3372,4/22/2026,1
Product 1506,4/22/2026,1
Product 502,4/22/2026,1
Product 792,4/22/2026,1
Product 1536,4/22/2026,2
Product 504,4/22/2026,1
Product 717,4/22/2026,1
Product 65,4/22/2026,1
Product 3373,4/22/2026,1
Product 1509,4/22/2026,1
Product 1244,4/22/2026,4
Product 503,4/22/2026,2
Product 279,4/22/2026,1
Product 285,4/22/2026,2
Product 3374,4/22/2026,2
Product 3375,4/22/2026,1
Product 3376,4/22/2026,1
Product 3377,4/22/2026,1
Product 3378,4/22/2026,1
Product 3379,4/22/2026,1
Product 3380,4/22/2026,1
Product 1827,4/22/2026,1
Product 1828,4/22/2026,1
Product 3381,4/22/2026,1
Product 1839,4/22/2026,1
Product 2615,4/22/2026,1
Product 532,4/22/2026,1
Product 3248,4/22/2026,1
Product 3249,4/22/2026,1
Product 3382,4/22/2026,1
Product 427,4/22/2026,1
Product 1978,4/22/2026,1
Product 186,4/22/2026,1
Product 2725,4/22/2026,1
Product 3254,4/22/2026,1
Product 3383,4/22/2026,1
Product 3384,4/22/2026,1
Product 3194,4/22/2026,1
Product 2672,4/22/2026,1
Product 191,4/22/2026,1
Product 1642,4/22/2026,1
Product 3385,4/22/2026,2
Product 3386,4/22/2026,1
Product 1174,4/22/2026,1
Product 3387,4/22/2026,1
Product 58,4/22/2026,1
Product 1418,4/22/2026,1
Product 3388,4/22/2026,1
Product 3389,4/22/2026,1
Product 1419,4/22/2026,1
Product 3390,4/22/2026,1
Product 2384,4/22/2026,1
Product 478,4/22/2026,1
Product 537,4/22/2026,1
Product 1543,4/22/2026,1
Product 3391,4/22/2026,3
Product 413,4/22/2026,2
Product 3392,4/22/2026,1
Product 2099,4/22/2026,1
Product 313,4/22/2026,1
Product 667,4/22/2026,1
Product 3393,4/22/2026,1
Product 2778,4/22/2026,1
Product 1,4/21/2026,1
Product 326,4/21/2026,1
Product 2,4/21/2026,1
Product 1489,4/21/2026,2
Product 2,4/21/2026,1
Product 6,4/21/2026,2
Product 6,4/21/2026,1
Product 6,4/21/2026,1
Product 548,4/21/2026,1
Product 551,4/21/2026,1
Product 1863,4/21/2026,1
Product 334,4/21/2026,1
Product 1245,4/21/2026,1
Product 3394,4/21/2026,2
Product 1618,4/21/2026,1
Product 1304,4/21/2026,3
Product 87,4/21/2026,1
Product 3395,4/21/2026,2
Product 23,4/21/2026,1
Product 643,4/21/2026,1
Product 754,4/21/2026,1
Product 2741,4/21/2026,1
Product 3396,4/21/2026,2
Product 3397,4/21/2026,1
Product 3398,4/21/2026,1
Product 3399,4/21/2026,4
Product 3400,4/21/2026,3
Product 3345,4/21/2026,2
Product 3401,4/21/2026,1
Product 3402,4/21/2026,1
Product 247,4/21/2026,1
Product 811,4/21/2026,1
Product 1852,4/21/2026,1
Product 2021,4/21/2026,1
Product 2328,4/21/2026,1
Product 162,4/21/2026,1
Product 1734,4/21/2026,2
Product 2402,4/21/2026,1
Product 3403,4/21/2026,1
Product 252,4/21/2026,1
Product 316,4/21/2026,1
Product 437,4/21/2026,1
Product 987,4/21/2026,1
Product 328,4/21/2026,2
Product 13,4/21/2026,2
Product 13,4/21/2026,1
Product 13,4/21/2026,1
Product 329,4/21/2026,1
Product 14,4/21/2026,1
Product 786,4/21/2026,1
Product 2711,4/21/2026,1
Product 3404,4/21/2026,2
Product 37,4/21/2026,3
Product 3405,4/21/2026,1
Product 333,4/21/2026,1
Product 3406,4/21/2026,1
Product 3407,4/21/2026,1
Product 2539,4/21/2026,1
Product 3408,4/21/2026,3
Product 382,4/21/2026,1
Product 1310,4/21/2026,1
Product 3409,4/21/2026,2
Product 3410,4/21/2026,1
Product 3411,4/21/2026,1
Product 3412,4/21/2026,2
Product 2441,4/21/2026,1
Product 3149,4/21/2026,1
Product 3384,4/21/2026,1
Product 3413,4/21/2026,1
Product 584,4/21/2026,1
Product 1742,4/21/2026,1
Product 412,4/21/2026,1
Product 3414,4/21/2026,1
Product 2664,4/21/2026,1
Product 3415,4/21/2026,1
Product 3416,4/21/2026,1
Product 419,4/21/2026,1
Product 823,4/21/2026,1
Product 35,4/21/2026,1
Product 35,4/21/2026,1
Product 3417,4/21/2026,1
Product 3418,4/21/2026,1
Product 2911,4/21/2026,1
Product 1603,4/21/2026,1
Product 3419,4/21/2026,1
Product 3420,4/21/2026,1
Product 1899,4/21/2026,2
Product 2142,4/21/2026,6
Product 3159,4/21/2026,1
Product 2682,4/21/2026,1
Product 3421,4/21/2026,1
Product 2601,4/21/2026,1
Product 3422,4/21/2026,1
Product 3406,4/21/2026,1
Product 54,4/21/2026,1
Product 2065,4/21/2026,1
Product 2147,4/21/2026,1
Product 3072,4/21/2026,1
Product 876,4/21/2026,1
Product 317,4/21/2026,1
Product 1308,4/21/2026,1
Product 3423,4/21/2026,1
Product 3424,4/21/2026,1
Product 3124,4/21/2026,1
Product 1660,4/21/2026,1
Product 3425,4/21/2026,1
Product 1020,4/21/2026,1
Product 570,4/21/2026,2
Product 380,4/21/2026,2
Product 3426,4/21/2026,2
Product 37,4/21/2026,1
Product 918,4/21/2026,2
Product 3427,4/21/2026,1
Product 3428,4/21/2026,1
Product 2355,4/21/2026,1
Product 1523,4/21/2026,1
Product 1802,4/21/2026,1
Product 1798,4/21/2026,1
Product 3093,4/21/2026,1
Product 2617,4/21/2026,1
Product 3429,4/21/2026,1
Product 3430,4/21/2026,1
Product 3431,4/21/2026,1
Product 3432,4/21/2026,2
Product 37,4/21/2026,1
Product 3433,4/21/2026,1
Product 3055,4/21/2026,2
Product 314,4/21/2026,4
Product 413,4/21/2026,1
Product 1690,4/21/2026,1
Product 3077,4/21/2026,1
Product 3434,4/21/2026,1
Product 3435,4/21/2026,2
Product 3436,4/21/2026,1
Product 2880,4/21/2026,1
Product 3437,4/21/2026,1
Product 2041,4/21/2026,1
Product 3438,4/21/2026,3
Product 280,4/21/2026,1
Product 3439,4/21/2026,1
Product 1099,4/21/2026,1
Product 599,4/21/2026,1
Product 3440,4/21/2026,1
Product 387,4/21/2026,1
Product 3441,4/21/2026,1
Product 3442,4/21/2026,1
Product 3224,4/21/2026,1
Product 434,4/21/2026,1
Product 123,4/21/2026,1
Product 390,4/21/2026,5
Product 936,4/21/2026,3
Product 3443,4/21/2026,1
Product 124,4/21/2026,1
Product 79,4/21/2026,2
Product 173,4/21/2026,1
Product 124,4/21/2026,1
Product 1707,4/21/2026,1
Product 3444,4/21/2026,1
Product 1274,4/21/2026,1
Product 1204,4/21/2026,1
Product 3445,4/21/2026,1
Product 52,4/21/2026,1
Product 2156,4/21/2026,1
Product 2284,4/21/2026,1
Product 656,4/21/2026,1
Product 2655,4/21/2026,1
Product 1979,4/21/2026,1
Product 2847,4/21/2026,1
Product 519,4/21/2026,1
Product 963,4/21/2026,2
Product 3446,4/21/2026,2
Product 995,4/21/2026,1
Product 2189,4/21/2026,1
Product 991,4/21/2026,1
Product 398,4/21/2026,2
Product 935,4/21/2026,1
Product 1582,4/21/2026,1
Product 3447,4/21/2026,1
Product 942,4/21/2026,1
Product 3448,4/21/2026,1
Product 2525,4/21/2026,1
Product 3449,4/21/2026,1
Product 871,4/21/2026,1
Product 1006,4/21/2026,1
Product 3450,4/21/2026,1
Product 3451,4/21/2026,3
Product 2899,4/21/2026,1
Product 3452,4/21/2026,1
Product 3453,4/21/2026,1
Product 1477,4/21/2026,2
Product 1366,4/21/2026,1
Product 3454,4/21/2026,1
Product 1366,4/21/2026,1
Product 2105,4/21/2026,2
Product 2768,4/21/2026,1
Product 3455,4/21/2026,1
Product 581,4/21/2026,1
Product 3456,4/21/2026,1
Product 3457,4/21/2026,1
Product 3458,4/21/2026,2
Product 645,4/21/2026,2
Product 3459,4/21/2026,1
Product 3460,4/21/2026,1
Product 79,4/21/2026,1
Product 3461,4/21/2026,2
Product 3462,4/21/2026,1
Product 3463,4/21/2026,1
Product 79,4/21/2026,1
Product 1076,4/21/2026,1
Product 3464,4/21/2026,1
Product 1840,4/21/2026,1
Product 1331,4/21/2026,1
Product 3465,4/21/2026,3
Product 503,4/21/2026,2
Product 53,4/21/2026,2
Product 3466,4/21/2026,2
Product 3467,4/21/2026,2
Product 3468,4/21/2026,1
Product 3469,4/21/2026,1
Product 3470,4/21/2026,1
Product 3471,4/21/2026,1
Product 144,4/21/2026,1
Product 3472,4/21/2026,1
Product 3473,4/21/2026,1
Product 3474,4/21/2026,1
Product 1238,4/21/2026,1
Product 653,4/21/2026,1
Product 1446,4/21/2026,1
Product 755,4/21/2026,1
Product 2660,4/21/2026,1
Product 435,4/21/2026,1
Product 3475,4/21/2026,1
Product 1071,4/21/2026,1
Product 2977,4/21/2026,1
Product 3476,4/21/2026,1
Product 3477,4/21/2026,1
Product 3478,4/21/2026,1
Product 1438,4/21/2026,1
Product 3359,4/21/2026,1
Product 1598,4/21/2026,2
Product 1439,4/21/2026,1
Product 3479,4/21/2026,1
Product 2305,4/21/2026,1
Product 3480,4/21/2026,1
Product 2096,4/21/2026,1
Product 3481,4/21/2026,-2
Product 2551,4/21/2026,1
Product 3243,4/21/2026,1
Product 3482,4/21/2026,1
Product 3367,4/21/2026,1
Product 537,4/21/2026,1
Product 1543,4/21/2026,3
Product 3483,4/21/2026,1
Product 3367,4/21/2026,1
Product 3327,4/21/2026,1
Product 3484,4/21/2026,1
Product 3485,4/21/2026,2
Product 1751,4/21/2026,1
Product 2595,4/21/2026,1
Product 1124,4/21/2026,1
Product 850,4/21/2026,1
Product 3486,4/21/2026,1
Product 3487,4/21/2026,1
Product 3488,4/21/2026,1
Product 3489,4/21/2026,1
Product 3490,4/21/2026,1
Product 3491,4/21/2026,1
Product 264,4/21/2026,1
Product 3022,4/21/2026,1
Product 3373,4/21/2026,1
Product 3406,4/21/2026,1
Product 824,4/21/2026,1
Product 65,4/21/2026,1
Product 268,4/21/2026,2
Product 717,4/21/2026,2
Product 3492,4/21/2026,1
Product 1599,4/21/2026,3
Product 2764,4/21/2026,1
Product 1418,4/21/2026,1
Product 1562,4/21/2026,1
Product 110,4/21/2026,1
Product 3493,4/21/2026,1
Product 3494,4/21/2026,1
Product 527,4/21/2026,1
Product 3495,4/21/2026,1
Product 3496,4/21/2026,1
Product 3497,4/21/2026,1
Product 3498,4/21/2026,1
Product 3499,4/21/2026,1
Product 727,4/21/2026,1
Product 727,4/21/2026,1
Product 2087,4/21/2026,1
Product 1408,4/21/2026,1
Product 3500,4/21/2026,1
Product 1532,4/21/2026,2
Product 3501,4/21/2026,2
Product 953,4/21/2026,1
Product 3502,4/21/2026,1
Product 3503,4/21/2026,1
Product 685,4/21/2026,2
Product 1129,4/21/2026,2
Product 3504,4/21/2026,1
Product 3505,4/21/2026,2
Product 3506,4/21/2026,1
Product 764,4/21/2026,1
Product 3507,4/21/2026,1
Product 3508,4/21/2026,1
Product 882,4/21/2026,1
Product 1183,4/21/2026,1
Product 2622,4/21/2026,1
Product 1544,4/21/2026,1
Product 1857,4/21/2026,3
Product 774,4/21/2026,1
Product 883,4/21/2026,1
Product 3509,4/21/2026,1
Product 1645,4/21/2026,1
Product 3510,4/21/2026,1
Product 752,4/21/2026,1
Product 2262,4/20/2026,1
Product 3511,4/20/2026,2
Product 3512,4/20/2026,1
Product 1329,4/20/2026,1
Product 3513,4/20/2026,2
Product 1330,4/20/2026,1
Product 1510,4/20/2026,1
Product 3514,4/20/2026,1
Product 3515,4/20/2026,1
Product 326,4/20/2026,1
Product 2,4/20/2026,2
Product 3,4/20/2026,1
Product 551,4/20/2026,1
Product 6,4/20/2026,1
Product 548,4/20/2026,1
Product 551,4/20/2026,1
Product 14,4/20/2026,1
Product 3516,4/20/2026,1
Product 50,4/20/2026,1
Product 3517,4/20/2026,1
Product 365,4/20/2026,2
Product 1325,4/20/2026,1
Product 328,4/20/2026,1
Product 13,4/20/2026,1
Product 329,4/20/2026,2
Product 556,4/20/2026,1
Product 1702,4/20/2026,1
Product 614,4/20/2026,2
Product 2188,4/20/2026,3
Product 17,4/20/2026,1
Product 3379,4/20/2026,1
Product 1583,4/20/2026,1
Product 1917,4/20/2026,1
Product 3518,4/20/2026,1
Product 274,4/20/2026,1
Product 18,4/20/2026,1
Product 339,4/20/2026,1
Product 1889,4/20/2026,1
Product 3519,4/20/2026,1
Product 363,4/20/2026,1
Product 366,4/20/2026,1
Product 3520,4/20/2026,1
Product 3521,4/20/2026,1
Product 2374,4/20/2026,2
Product 800,4/20/2026,1
Product 3522,4/20/2026,1
Product 805,4/20/2026,1
Product 3523,4/20/2026,1
Product 3524,4/20/2026,1
Product 3525,4/20/2026,1
Product 3526,4/20/2026,1
Product 2793,4/20/2026,1
Product 3331,4/20/2026,1
Product 3527,4/20/2026,1
Product 1028,4/20/2026,1
Product 3528,4/20/2026,1
Product 3529,4/20/2026,2
Product 2631,4/20/2026,2
Product 3479,4/20/2026,4
Product 3530,4/20/2026,1
Product 3531,4/20/2026,1
Product 3532,4/20/2026,1
Product 3533,4/20/2026,1
Product 3534,4/20/2026,4
Product 3535,4/20/2026,1
Product 3536,4/20/2026,1
Product 362,4/20/2026,5
Product 31,4/20/2026,1
Product 3537,4/20/2026,1
Product 3538,4/20/2026,1
Product 1069,4/20/2026,1
Product 3539,4/20/2026,5
Product 3540,4/20/2026,1
Product 3541,4/20/2026,2
Product 1311,4/20/2026,2
Product 3542,4/20/2026,3
Product 3543,4/20/2026,2
Product 591,4/20/2026,1
Product 2806,4/20/2026,3
Product 1454,4/20/2026,1
Product 3544,4/20/2026,1
Product 3415,4/20/2026,1
Product 85,4/20/2026,4
Product 1403,4/20/2026,1
Product 3545,4/20/2026,2
Product 3546,4/20/2026,2
Product 647,4/20/2026,2
Product 821,4/20/2026,1
Product 73,4/20/2026,2
Product 3547,4/20/2026,1
Product 717,4/20/2026,1
Product 2876,4/20/2026,2
Product 3548,4/20/2026,1
Product 2911,4/20/2026,2
Product 927,4/20/2026,1
Product 3549,4/20/2026,1
Product 1667,4/20/2026,1
Product 3550,4/20/2026,1
Product 349,4/20/2026,3
Product 2414,4/20/2026,1
Product 65,4/20/2026,1
Product 2911,4/20/2026,1
Product 3551,4/20/2026,2
Product 1925,4/20/2026,1
Product 3552,4/20/2026,3
Product 2291,4/20/2026,1
Product 3553,4/20/2026,1
Product 2142,4/20/2026,4
Product 3159,4/20/2026,1
Product 3554,4/20/2026,1
Product 3071,4/20/2026,1
Product 872,4/20/2026,1
Product 306,4/20/2026,1
Product 3555,4/20/2026,1
Product 414,4/20/2026,1
Product 3556,4/20/2026,1
Product 3557,4/20/2026,1
Product 520,4/20/2026,1
Product 2461,4/20/2026,1
Product 3558,4/20/2026,1
Product 3559,4/20/2026,1
Product 1915,4/20/2026,1
Product 2481,4/20/2026,1
Product 3560,4/20/2026,1
Product 37,4/20/2026,1
Product 3112,4/20/2026,1
Product 3561,4/20/2026,1
Product 3562,4/20/2026,1
Product 1020,4/20/2026,1
Product 3563,4/20/2026,1
Product 2695,4/20/2026,1
Product 3279,4/20/2026,1
Product 2715,4/20/2026,-1
Product 3564,4/20/2026,-1
Product 1328,4/20/2026,1
Product 1630,4/20/2026,1
Product 3565,4/20/2026,1
Product 3566,4/20/2026,1
Product 3313,4/20/2026,1
Product 1273,4/20/2026,1
Product 2007,4/20/2026,1
Product 3567,4/20/2026,2
Product 3568,4/20/2026,1
Product 577,4/20/2026,1
Product 3569,4/20/2026,1
Product 3570,4/20/2026,1
Product 1690,4/20/2026,1
Product 2226,4/20/2026,1
Product 3434,4/20/2026,1
Product 1925,4/20/2026,1
Product 990,4/20/2026,1
Product 1725,4/20/2026,1
Product 447,4/20/2026,1
Product 550,4/20/2026,1
Product 3571,4/20/2026,1
Product 3572,4/20/2026,1
Product 600,4/20/2026,1
Product 2511,4/20/2026,1
Product 2836,4/20/2026,1
Product 3573,4/20/2026,1
Product 3574,4/20/2026,1
Product 3575,4/20/2026,4
Product 168,4/20/2026,1
Product 1407,4/20/2026,1
Product 3576,4/20/2026,1
Product 325,4/20/2026,1
Product 258,4/20/2026,1
Product 2739,4/20/2026,1
Product 3577,4/20/2026,1
Product 3578,4/20/2026,1
Product 3579,4/20/2026,1
Product 392,4/20/2026,1
Product 966,4/20/2026,1
Product 1324,4/20/2026,1
Product 1816,4/20/2026,2
Product 3580,4/20/2026,1
Product 3581,4/20/2026,1
Product 3582,4/20/2026,1
Product 1988,4/20/2026,1
Product 3583,4/20/2026,1
Product 79,4/20/2026,2
Product 456,4/20/2026,1
Product 314,4/20/2026,2
Product 977,4/20/2026,1
Product 3584,4/20/2026,1
Product 2270,4/20/2026,1
Product 79,4/20/2026,1
Product 995,4/20/2026,1
Product 2749,4/20/2026,1
Product 11,4/20/2026,1
Product 1708,4/20/2026,1
Product 37,4/20/2026,1
Product 483,4/20/2026,1
Product 2418,4/20/2026,1
Product 3204,4/20/2026,1
Product 3585,4/20/2026,1
Product 3586,4/20/2026,1
Product 1642,4/20/2026,1
Product 3587,4/20/2026,1
Product 1403,4/20/2026,1
Product 37,4/20/2026,1
Product 2356,4/20/2026,1
Product 3588,4/20/2026,1
Product 3589,4/20/2026,1
Product 327,4/20/2026,1
Product 313,4/20/2026,1
Product 774,4/20/2026,1
Product 3590,4/20/2026,1
Product 2261,4/20/2026,2
Product 3591,4/20/2026,2
Product 2768,4/20/2026,1
Product 3455,4/20/2026,1
Product 3592,4/20/2026,1
Product 3593,4/20/2026,3
Product 1409,4/20/2026,1
Product 1410,4/20/2026,1
Product 1738,4/20/2026,1
Product 3112,4/20/2026,1
Product 1424,4/20/2026,1
Product 3594,4/20/2026,1
Product 3595,4/20/2026,4
Product 37,4/20/2026,3
Product 3596,4/20/2026,1
Product 90,4/20/2026,1
Product 664,4/20/2026,1
Product 3597,4/20/2026,1
Product 1850,4/20/2026,1
Product 1218,4/20/2026,1
Product 3598,4/20/2026,1
Product 1430,4/20/2026,1
Product 79,4/20/2026,1
Product 3599,4/20/2026,2
Product 3461,4/20/2026,1
Product 3600,4/20/2026,1
Product 727,4/20/2026,1
Product 1855,4/20/2026,1
Product 3509,4/20/2026,1
Product 79,4/20/2026,2
Product 1119,4/20/2026,1
Product 3601,4/20/2026,1
Product 3602,4/20/2026,1
Product 3603,4/20/2026,1
Product 3604,4/20/2026,1
Product 2886,4/20/2026,1
Product 3605,4/20/2026,1
Product 3606,4/20/2026,1
Product 3607,4/20/2026,1
Product 3608,4/20/2026,1
Product 2075,4/20/2026,1
Product 2992,4/20/2026,1
Product 3609,4/20/2026,1
Product 3610,4/20/2026,1
Product 3611,4/20/2026,1
Product 3612,4/20/2026,1
Product 2037,4/20/2026,1
Product 3613,4/20/2026,1
Product 219,4/20/2026,1
Product 745,4/20/2026,1
Product 3614,4/20/2026,1
Product 220,4/20/2026,1
Product 3615,4/20/2026,1
Product 2204,4/20/2026,1
Product 3218,4/20/2026,1
Product 3616,4/20/2026,1
Product 1476,4/20/2026,1
Product 209,4/20/2026,2
Product 3617,4/20/2026,1
Product 2224,4/20/2026,20
Product 3618,4/20/2026,4
Product 1107,4/20/2026,1
Product 3619,4/20/2026,1
Product 3620,4/20/2026,1
Product 3621,4/20/2026,2
Product 3622,4/20/2026,1
Product 972,4/20/2026,1
Product 1468,4/20/2026,1
Product 32,4/20/2026,1
Product 779,4/20/2026,3
Product 1179,4/20/2026,2
Product 1121,4/20/2026,1
Product 3623,4/20/2026,1
Product 3624,4/20/2026,1
Product 3625,4/20/2026,0
Product 713,4/20/2026,1
Product 1818,4/20/2026,1
Product 262,4/20/2026,1
Product 2439,4/20/2026,1
Product 495,4/20/2026,1
Product 3023,4/20/2026,1
Product 2981,4/20/2026,2
Product 2386,4/20/2026,2
Product 1764,4/20/2026,1
Product 2839,4/20/2026,1
Product 2351,4/20/2026,1
Product 1244,4/20/2026,1
Product 275,4/20/2026,1
Product 3626,4/20/2026,1
Product 1935,4/20/2026,1
Product 193,4/20/2026,1
Product 2084,4/20/2026,1
Product 3627,4/20/2026,1
Product 1161,4/20/2026,1
Product 247,4/20/2026,1
Product 3406,4/20/2026,1
Product 667,4/20/2026,1
Product 3628,4/20/2026,1
Product 2589,4/20/2026,1
Product 1165,4/20/2026,1
Product 583,4/20/2026,1
Product 2392,4/20/2026,1
Product 3629,4/20/2026,1
Product 3630,4/20/2026,1
Product 648,4/20/2026,1
Product 858,4/20/2026,1
Product 384,4/20/2026,1
Product 314,4/20/2026,1
Product 2690,4/20/2026,1
Product 1857,4/20/2026,4
Product 1538,4/20/2026,1
Product 3631,4/20/2026,1
Product 2260,4/20/2026,1
Product 1678,4/20/2026,1
Product 1197,4/20/2026,1
Product 3632,4/20/2026,1
Product 3269,4/19/2026,1
Product 1709,4/19/2026,1
Product 1,4/19/2026,1
Product 326,4/19/2026,1
Product 2,4/19/2026,2
Product 551,4/19/2026,3
Product 328,4/19/2026,3
Product 1865,4/19/2026,4
Product 7,4/19/2026,3
Product 79,4/19/2026,2
Product 1,4/19/2026,1
Product 3633,4/19/2026,1
Product 21,4/19/2026,2
Product 79,4/19/2026,9
Product 1412,4/19/2026,1
Product 2745,4/19/2026,1
Product 3634,4/19/2026,4
Product 109,4/19/2026,1
Product 48,4/19/2026,1
Product 3635,4/19/2026,2
Product 3636,4/19/2026,1
Product 3637,4/19/2026,1
Product 338,4/19/2026,1
Product 1150,4/19/2026,2
Product 3,4/19/2026,1
Product 6,4/19/2026,1
Product 6,4/19/2026,1
Product 329,4/19/2026,2
Product 13,4/19/2026,2
Product 551,4/19/2026,1
Product 1216,4/19/2026,1
Product 483,4/19/2026,1
Product 7,4/19/2026,3
Product 7,4/19/2026,1
Product 13,4/19/2026,1
Product 13,4/19/2026,1
Product 785,4/19/2026,1
Product 2302,4/19/2026,1
Product 3638,4/19/2026,1
Product 3639,4/19/2026,1
Product 2216,4/19/2026,1
Product 213,4/19/2026,1
Product 3640,4/19/2026,2
Product 2846,4/19/2026,2
Product 2902,4/19/2026,1
Product 785,4/19/2026,1
Product 14,4/19/2026,3
Product 2267,4/19/2026,2
Product 788,4/19/2026,1
Product 788,4/19/2026,2
Product 2292,4/19/2026,1
Product 330,4/19/2026,1
Product 31,4/19/2026,1
Product 1411,4/19/2026,1
Product 1332,4/19/2026,1
Product 74,4/19/2026,1
Product 1236,4/19/2026,1
Product 1680,4/19/2026,1
Product 2114,4/19/2026,1
Product 3641,4/19/2026,1
Product 3642,4/19/2026,2
Product 3641,4/19/2026,1
Product 3643,4/19/2026,2
Product 1257,4/19/2026,1
Product 3644,4/19/2026,1
Product 3645,4/19/2026,1
Product 638,4/19/2026,2
Product 3646,4/19/2026,1
Product 796,4/19/2026,1
Product 1022,4/19/2026,1
Product 3647,4/19/2026,1
Product 1245,4/19/2026,1
Product 2287,4/19/2026,1
Product 469,4/19/2026,2
Product 108,4/19/2026,1
Product 1583,4/19/2026,1
Product 20,4/19/2026,1
Product 2231,4/19/2026,1
Product 2180,4/19/2026,1
Product 3648,4/19/2026,1
Product 1584,4/19/2026,1
Product 3649,4/19/2026,1
Product 2948,4/19/2026,1
Product 989,4/19/2026,1
Product 399,4/19/2026,1
Product 97,4/19/2026,1
Product 3547,4/19/2026,1
Product 2656,4/19/2026,1
Product 3650,4/19/2026,1
Product 527,4/19/2026,1
Product 3651,4/19/2026,1
Product 1584,4/19/2026,1
Product 3652,4/19/2026,1
Product 1030,4/19/2026,1
Product 3653,4/19/2026,2
Product 308,4/19/2026,1
Product 430,4/19/2026,1
Product 3519,4/19/2026,1
Product 2906,4/19/2026,1
Product 804,4/19/2026,1
Product 2065,4/19/2026,1
Product 1818,4/19/2026,3
Product 805,4/19/2026,1
Product 1254,4/19/2026,4
Product 364,4/19/2026,1
Product 3654,4/19/2026,1
Product 37,4/19/2026,2
Product 2839,4/19/2026,1
Product 2956,4/19/2026,1
Product 3382,4/19/2026,1
Product 1260,4/19/2026,2
Product 1972,4/19/2026,1
Product 2940,4/19/2026,6
Product 927,4/19/2026,1
Product 22,4/19/2026,1
Product 2911,4/19/2026,1
Product 1669,4/19/2026,1
Product 3640,4/19/2026,2
Product 2984,4/19/2026,1
Product 1069,4/19/2026,1
Product 1104,4/19/2026,1
Product 1712,4/19/2026,1
Product 3655,4/19/2026,1
Product 3656,4/19/2026,1
Product 3657,4/19/2026,1
Product 3575,4/19/2026,3
Product 3296,4/19/2026,2
Product 3658,4/19/2026,1
Product 976,4/19/2026,1
Product 3659,4/19/2026,1
Product 2427,4/19/2026,1
Product 3036,4/19/2026,1
Product 3660,4/19/2026,1
Product 372,4/19/2026,1
Product 1296,4/19/2026,1
Product 35,4/19/2026,1
Product 42,4/19/2026,1
Product 3661,4/19/2026,1
Product 3662,4/19/2026,1
Product 3663,4/19/2026,1
Product 3547,4/19/2026,2
Product 811,4/19/2026,2
Product 3664,4/19/2026,4
Product 657,4/19/2026,1
Product 2296,4/19/2026,2
Product 826,4/19/2026,1
Product 2669,4/19/2026,3
Product 3665,4/19/2026,2
Product 3666,4/19/2026,1
Product 826,4/19/2026,1
Product 3667,4/19/2026,1
Product 3668,4/19/2026,1
Product 37,4/19/2026,3
Product 3669,4/19/2026,1
Product 246,4/19/2026,1
Product 3670,4/19/2026,1
Product 752,4/19/2026,1
Product 1623,4/19/2026,1
Product 3671,4/19/2026,1
Product 402,4/19/2026,1
Product 3672,4/19/2026,1
Product 2786,4/19/2026,1
Product 3221,4/19/2026,1
Product 3673,4/19/2026,1
Product 3674,4/19/2026,1
Product 2702,4/19/2026,1
Product 3224,4/19/2026,1
Product 1643,4/19/2026,1
Product 2919,4/19/2026,1
Product 45,4/19/2026,1
Product 3304,4/19/2026,1
Product 1304,4/19/2026,3
Product 305,4/19/2026,1
Product 2916,4/19/2026,1
Product 3675,4/19/2026,1
Product 3676,4/19/2026,1
Product 1625,4/19/2026,1
Product 874,4/19/2026,2
Product 91,4/19/2026,1
Product 3677,4/19/2026,1
Product 3678,4/19/2026,1
Product 3679,4/19/2026,1
Product 2579,4/19/2026,1
Product 3680,4/19/2026,1
Product 2833,4/19/2026,1
Product 1134,4/19/2026,1
Product 2950,4/19/2026,3
Product 381,4/19/2026,1
Product 3681,4/19/2026,1
Product 516,4/19/2026,1
Product 1971,4/19/2026,1
Product 2690,4/19/2026,1
Product 3682,4/19/2026,1
Product 3683,4/19/2026,2
Product 3684,4/19/2026,1
Product 1654,4/19/2026,1
Product 3071,4/19/2026,1
Product 3685,4/19/2026,1
Product 3686,4/19/2026,1
Product 66,4/19/2026,1
Product 8,4/19/2026,1
Product 317,4/19/2026,1
Product 8,4/19/2026,1
Product 3687,4/19/2026,1
Product 924,4/19/2026,1
Product 1704,4/19/2026,1
Product 3688,4/19/2026,1
Product 43,4/19/2026,1
Product 2248,4/19/2026,2
Product 3689,4/19/2026,1
Product 3690,4/19/2026,1
Product 1301,4/19/2026,1
Product 79,4/19/2026,1
Product 260,4/19/2026,1
Product 1538,4/19/2026,1
Product 2865,4/19/2026,1
Product 3691,4/19/2026,1
Product 3692,4/19/2026,1
Product 2478,4/19/2026,1
Product 696,4/19/2026,2
Product 3072,4/19/2026,1
Product 1244,4/19/2026,1
Product 275,4/19/2026,2
Product 63,4/19/2026,1
Product 1308,4/19/2026,2
Product 2449,4/19/2026,1
Product 3693,4/19/2026,1
Product 73,4/19/2026,1
Product 570,4/19/2026,1
Product 3694,4/19/2026,1
Product 3695,4/19/2026,1
Product 3696,4/19/2026,1
Product 3697,4/19/2026,1
Product 3547,4/19/2026,1
Product 2698,4/19/2026,1
Product 1928,4/19/2026,1
Product 3698,4/19/2026,1
Product 2464,4/19/2026,1
Product 1565,4/19/2026,1
Product 1850,4/19/2026,1
Product 3699,4/19/2026,1
Product 238,4/19/2026,1
Product 3700,4/19/2026,1
Product 898,4/19/2026,1
Product 2942,4/19/2026,1
Product 3701,4/19/2026,1
Product 3124,4/19/2026,1
Product 1559,4/19/2026,1
Product 1559,4/19/2026,1
Product 571,4/19/2026,3
Product 2095,4/19/2026,4
Product 2285,4/19/2026,1
Product 3189,4/19/2026,1
Product 2935,4/19/2026,1
Product 3702,4/19/2026,1
Product 3703,4/19/2026,1
Product 3704,4/19/2026,1
Product 3705,4/19/2026,1
Product 86,4/19/2026,1
Product 2485,4/19/2026,2
Product 2496,4/19/2026,1
Product 1630,4/19/2026,1
Product 1630,4/19/2026,1
Product 3706,4/19/2026,2
Product 2686,4/19/2026,1
Product 1941,4/19/2026,1
Product 3707,4/19/2026,1
Product 1134,4/19/2026,1
Product 3708,4/19/2026,1
Product 342,4/19/2026,1
Product 1944,4/19/2026,1
Product 3085,4/19/2026,1
Product 1601,4/19/2026,1
Product 2164,4/19/2026,1
Product 252,4/19/2026,1
Product 3709,4/19/2026,1
Product 3440,4/19/2026,1
Product 2666,4/19/2026,1
Product 666,4/19/2026,1
Product 3710,4/19/2026,1
Product 3711,4/19/2026,1
Product 3712,4/19/2026,1
Product 2703,4/19/2026,1
Product 128,4/19/2026,1
Product 3587,4/19/2026,1
Product 3713,4/19/2026,1
Product 79,4/19/2026,3
Product 101,4/19/2026,1
Product 3714,4/19/2026,1
Product 648,4/19/2026,1
Product 3715,4/19/2026,1
Product 3716,4/19/2026,3
Product 686,4/19/2026,1
Product 387,4/19/2026,1
Product 1714,4/19/2026,1
Product 2756,4/19/2026,1
Product 3717,4/19/2026,4
Product 1668,4/19/2026,1
Product 3718,4/19/2026,1
Product 398,4/19/2026,1
Product 373,4/19/2026,2
Product 2158,4/19/2026,2
Product 3719,4/19/2026,1
Product 90,4/19/2026,1
Product 2249,4/19/2026,1
Product 893,4/19/2026,2
Product 3720,4/19/2026,1
Product 2045,4/19/2026,1
Product 741,4/19/2026,1
Product 3721,4/19/2026,4
Product 3722,4/19/2026,2
Product 2272,4/19/2026,1
Product 3723,4/19/2026,1
Product 3224,4/19/2026,1
Product 2319,4/19/2026,1
Product 3724,4/19/2026,2
Product 3725,4/19/2026,1
Product 3726,4/19/2026,1
Product 2000,4/19/2026,1
Product 97,4/19/2026,1
Product 79,4/19/2026,3
Product 965,4/19/2026,1
Product 224,4/19/2026,1
Product 1200,4/19/2026,1
Product 2271,4/19/2026,1
Product 790,4/19/2026,1
Product 2369,4/19/2026,1
Product 2230,4/19/2026,1
Product 3249,4/19/2026,1
Product 2418,4/19/2026,2
Product 3727,4/19/2026,2
Product 2655,4/19/2026,1
Product 790,4/19/2026,1
Product 1821,4/19/2026,1
Product 1866,4/19/2026,1
Product 2268,4/19/2026,1
Product 3728,4/19/2026,1
Product 3729,4/19/2026,1
Product 375,4/19/2026,1
Product 1539,4/19/2026,1
Product 3730,4/19/2026,2
Product 1951,4/19/2026,1
Product 2269,4/19/2026,1
Product 3731,4/19/2026,1
Product 2189,4/19/2026,7
Product 926,4/19/2026,4
Product 1989,4/19/2026,3
Product 1953,4/19/2026,5
Product 1954,4/19/2026,5
Product 1955,4/19/2026,3
Product 1956,4/19/2026,2
Product 3732,4/19/2026,7
Product 939,4/19/2026,3
Product 1957,4/19/2026,3
Product 69,4/19/2026,1
Product 926,4/19/2026,1
Product 3733,4/19/2026,1
Product 1717,4/19/2026,1
Product 146,4/19/2026,2
Product 935,4/19/2026,3
Product 1582,4/19/2026,3
Product 1377,4/19/2026,1
Product 3124,4/19/2026,1
Product 460,4/19/2026,1
Product 3734,4/19/2026,1
Product 3735,4/19/2026,1
Product 2519,4/19/2026,3
Product 413,4/19/2026,1
Product 2402,4/19/2026,1
Product 3736,4/19/2026,1
Product 1974,4/19/2026,1
Product 344,4/19/2026,1
Product 1746,4/19/2026,1
Product 249,4/19/2026,1
Product 147,4/19/2026,1
Product 3210,4/19/2026,1
Product 1569,4/19/2026,1
Product 3194,4/19/2026,1
Product 3737,4/19/2026,1
Product 3738,4/19/2026,1
Product 581,4/19/2026,1
Product 2533,4/19/2026,1
Product 2783,4/19/2026,2
Product 2534,4/19/2026,2
Product 3634,4/19/2026,1
Product 3739,4/19/2026,1
Product 3740,4/19/2026,1
Product 3741,4/19/2026,1
Product 3450,4/19/2026,1
Product 3451,4/19/2026,1
Product 37,4/19/2026,2
Product 3742,4/19/2026,1
Product 3743,4/19/2026,2
Product 3744,4/19/2026,2
Product 3450,4/19/2026,1
Product 2296,4/19/2026,1
Product 3745,4/19/2026,1
Product 3746,4/19/2026,1
Product 3747,4/19/2026,1
Product 2278,4/19/2026,1
Product 2755,4/19/2026,2
Product 1021,4/19/2026,1
Product 3748,4/19/2026,1
Product 1731,4/19/2026,1
Product 2414,4/19/2026,1
Product 3749,4/19/2026,1
Product 1088,4/19/2026,1
Product 807,4/19/2026,1
Product 2029,4/19/2026,1
Product 3750,4/19/2026,1
Product 3751,4/19/2026,1
Product 3752,4/19/2026,1
Product 1244,4/19/2026,1
Product 164,4/19/2026,1
Product 3753,4/19/2026,1
Product 2228,4/19/2026,1
Product 1406,4/19/2026,1
Product 3219,4/19/2026,3
Product 3754,4/19/2026,3
Product 23,4/19/2026,1
Product 3755,4/19/2026,1
Product 875,4/19/2026,1
Product 3550,4/19/2026,1
Product 3756,4/19/2026,1
Product 696,4/19/2026,1
Product 3757,4/19/2026,1
Product 3758,4/19/2026,1
Product 3759,4/19/2026,1
Product 745,4/19/2026,1
Product 3760,4/19/2026,1
Product 3545,4/19/2026,1
Product 3761,4/19/2026,1
Product 3762,4/19/2026,1
Product 161,4/19/2026,1
Product 3167,4/19/2026,1
Product 2461,4/19/2026,1
Product 3422,4/19/2026,1
Product 3763,4/19/2026,2
Product 3764,4/19/2026,1
Product 3765,4/19/2026,1
Product 783,4/19/2026,1
Product 2873,4/19/2026,1
Product 1475,4/19/2026,1
Product 135,4/19/2026,1
Product 1147,4/19/2026,1
Product 3598,4/19/2026,1
Product 1398,4/19/2026,1
Product 3766,4/19/2026,1
Product 3767,4/19/2026,1
Product 2236,4/19/2026,1
Product 1817,4/19/2026,2
Product 3768,4/19/2026,2
Product 3769,4/19/2026,2
Product 37,4/19/2026,1
Product 811,4/19/2026,1
Product 1537,4/19/2026,1
Product 2215,4/19/2026,6
Product 1192,4/19/2026,1
Product 3770,4/19/2026,1
Product 351,4/19/2026,1
Product 2910,4/19/2026,1
Product 1660,4/19/2026,1
Product 422,4/19/2026,1
Product 3771,4/19/2026,1
Product 3772,4/19/2026,1
Product 768,4/19/2026,1
Product 2859,4/19/2026,1
Product 1446,4/19/2026,2
Product 3773,4/19/2026,1
Product 2420,4/19/2026,2
Product 657,4/19/2026,1
Product 2473,4/19/2026,1
Product 3774,4/19/2026,1
Product 3775,4/19/2026,1
Product 2185,4/19/2026,1
Product 80,4/19/2026,3
Product 2659,4/19/2026,1
Product 102,4/19/2026,1
Product 3776,4/19/2026,1
Product 32,4/19/2026,1
Product 2139,4/19/2026,1
Product 1891,4/19/2026,1
Product 2420,4/19/2026,1
Product 1281,4/19/2026,1
Product 3777,4/19/2026,1
Product 3224,4/19/2026,1
Product 3778,4/19/2026,4
Product 2259,4/19/2026,3
Product 3779,4/19/2026,3
Product 346,4/19/2026,1
Product 3121,4/19/2026,1
Product 3756,4/19/2026,1
Product 3124,4/19/2026,2
Product 1978,4/19/2026,1
Product 3780,4/19/2026,1
Product 1235,4/19/2026,1
Product 1446,4/19/2026,1
Product 144,4/19/2026,1
Product 144,4/19/2026,1
Product 144,4/19/2026,1
Product 538,4/19/2026,1
Product 199,4/19/2026,1
Product 671,4/19/2026,1
Product 3781,4/19/2026,1
Product 3782,4/19/2026,1
Product 294,4/19/2026,1
Product 11,4/19/2026,1
Product 1681,4/19/2026,1
Product 55,4/19/2026,1
Product 1776,4/19/2026,1
Product 3783,4/19/2026,1
Product 3784,4/19/2026,7
Product 696,4/19/2026,1
Product 3785,4/19/2026,1
Product 3786,4/19/2026,1
Product 219,4/19/2026,1
Product 2366,4/19/2026,1
Product 686,4/19/2026,1
Product 3264,4/19/2026,2
Product 1464,4/19/2026,1
Product 3620,4/19/2026,2
Product 3428,4/19/2026,1
Product 521,4/19/2026,1
Product 3787,4/19/2026,3
Product 3788,4/19/2026,1
Product 2625,4/19/2026,1
Product 321,4/19/2026,1
Product 3789,4/19/2026,1
Product 1779,4/19/2026,1
Product 3790,4/19/2026,1
Product 2659,4/19/2026,1
Product 3791,4/19/2026,1
Product 1088,4/19/2026,1
Product 1481,4/19/2026,1
Product 3792,4/19/2026,1
Product 3793,4/19/2026,1
Product 3794,4/19/2026,1
Product 1481,4/19/2026,1
Product 2018,4/19/2026,2
Product 279,4/19/2026,1
Product 3795,4/19/2026,1
Product 3473,4/19/2026,1
Product 717,4/19/2026,1
Product 488,4/19/2026,1
Product 2018,4/19/2026,1
Product 3796,4/19/2026,1
Product 2281,4/19/2026,3
Product 2025,4/19/2026,1
Product 1407,4/19/2026,1
Product 315,4/19/2026,1
Product 2127,4/19/2026,1
Product 697,4/19/2026,1
Product 3572,4/19/2026,1
Product 1496,4/19/2026,1
Product 1977,4/19/2026,1
Product 1356,4/19/2026,1
Product 2615,4/19/2026,1
Product 523,4/19/2026,1
Product 3797,4/19/2026,1
Product 1121,4/19/2026,1
Product 1124,4/19/2026,1
Product 3798,4/19/2026,1
Product 490,4/19/2026,1
Product 2625,4/19/2026,1
Product 2473,4/19/2026,1
Product 3799,4/19/2026,1
Product 1818,4/19/2026,1
Product 2439,4/19/2026,1
Product 2439,4/19/2026,1
Product 170,4/19/2026,1
Product 495,4/19/2026,1
Product 2601,4/19/2026,1
Product 267,4/19/2026,1
Product 3800,4/19/2026,1
Product 1244,4/19/2026,1
Product 65,4/19/2026,6
Product 717,4/19/2026,2
Product 3214,4/19/2026,1
Product 2840,4/19/2026,1
Product 249,4/19/2026,1
Product 279,4/19/2026,1
Product 279,4/19/2026,1
Product 1293,4/19/2026,5
Product 3801,4/19/2026,1
Product 3802,4/19/2026,1
Product 2083,4/19/2026,1
Product 3803,4/19/2026,1
Product 792,4/19/2026,1
Product 3804,4/19/2026,1
Product 3805,4/19/2026,1
Product 2599,4/19/2026,4
Product 1218,4/19/2026,1
Product 3354,4/19/2026,1
Product 3806,4/19/2026,2
Product 1830,4/19/2026,1
Product 725,4/19/2026,1
Product 3807,4/19/2026,1
Product 383,4/19/2026,1
Product 3755,4/19/2026,1
Product 1599,4/19/2026,1
Product 440,4/19/2026,1
Product 354,4/19/2026,1
Product 1601,4/19/2026,1
Product 520,4/19/2026,1
Product 1628,4/19/2026,1
Product 2389,4/19/2026,1
Product 162,4/19/2026,1
Product 526,4/19/2026,1
Product 3808,4/19/2026,1
Product 3809,4/19/2026,1
Product 151,4/19/2026,1
Product 1527,4/19/2026,1
Product 3128,4/19/2026,1
Product 1829,4/19/2026,1
Product 2062,4/19/2026,1
Product 3810,4/19/2026,1
Product 3811,4/19/2026,1
Product 3812,4/19/2026,1
Product 3813,4/19/2026,1
Product 3814,4/19/2026,1
Product 1408,4/19/2026,1
Product 522,4/19/2026,1
Product 3815,4/19/2026,1
Product 3816,4/19/2026,1
Product 183,4/19/2026,1
Product 1978,4/19/2026,1
Product 3817,4/19/2026,1
Product 408,4/19/2026,1
Product 301,4/19/2026,2
Product 1234,4/19/2026,1
Product 1234,4/19/2026,1
Product 2030,4/19/2026,1
Product 2156,4/19/2026,1
Product 2724,4/19/2026,1
Product 3256,4/19/2026,1
Product 10,4/19/2026,1
Product 1553,4/19/2026,1
Product 456,4/19/2026,1
Product 458,4/19/2026,1
Product 1176,4/19/2026,1
Product 3818,4/19/2026,1
Product 858,4/19/2026,1
Product 2384,4/19/2026,1
Product 537,4/19/2026,1
Product 631,4/19/2026,1
Product 737,4/19/2026,1
Product 313,4/19/2026,1
Product 313,4/19/2026,2
Product 3819,4/19/2026,1
Product 2132,4/19/2026,1
Product 1213,4/19/2026,1
Product 2476,4/19/2026,1
Product 3820,4/19/2026,1
Product 3821,4/19/2026,1
Product 2672,4/19/2026,1
Product 3727,4/19/2026,1
Product 117,4/19/2026,1
Product 745,4/19/2026,1
Product 616,4/19/2026,1
Product 145,4/19/2026,1
Product 795,4/19/2026,1
Product 1920,4/19/2026,4
Product 748,4/19/2026,1
Product 2787,4/19/2026,1
Product 3822,4/19/2026,3
Product 3475,4/19/2026,1
Product 750,4/19/2026,1
Product 3823,4/19/2026,1
Product 1538,4/19/2026,1
Product 2727,4/19/2026,-1
Product 1194,4/19/2026,1
Product 118,4/19/2026,1
Product 326,4/18/2026,1
Product 548,4/18/2026,1
Product 989,4/18/2026,1
Product 3824,4/18/2026,1
Product 79,4/18/2026,3
Product 2,4/18/2026,1
Product 545,4/18/2026,1
Product 3825,4/18/2026,1
Product 3769,4/18/2026,1
Product 3826,4/18/2026,1
Product 3827,4/18/2026,1
Product 3828,4/18/2026,1
Product 3829,4/18/2026,5
Product 3830,4/18/2026,1
Product 3831,4/18/2026,2
Product 3832,4/18/2026,1
Product 3640,4/18/2026,2
Product 2,4/18/2026,2
Product 1753,4/18/2026,1
Product 3833,4/18/2026,1
Product 1633,4/18/2026,1
Product 3834,4/18/2026,1
Product 6,4/18/2026,2
Product 6,4/18/2026,1
Product 2107,4/18/2026,1
Product 13,4/18/2026,1
Product 2267,4/18/2026,1
Product 3835,4/18/2026,1
Product 268,4/18/2026,4
Product 1223,4/18/2026,1
Product 1244,4/18/2026,2
Product 2264,4/18/2026,2
Product 3836,4/18/2026,1
Product 1240,4/18/2026,1
Product 17,4/18/2026,1
Product 3837,4/18/2026,2
Product 37,4/18/2026,5
Product 3838,4/18/2026,2
Product 3121,4/18/2026,1
Product 3050,4/18/2026,1
Product 3839,4/18/2026,1
Product 3520,4/18/2026,1
Product 144,4/18/2026,2
Product 3840,4/18/2026,1
Product 1584,4/18/2026,1
Product 233,4/18/2026,2
Product 335,4/18/2026,1
Product 1541,4/18/2026,1
Product 3841,4/18/2026,1
Product 3842,4/18/2026,1
Product 2908,4/18/2026,1
Product 3702,4/18/2026,1
Product 3634,4/18/2026,2
Product 804,4/18/2026,1
Product 805,4/18/2026,1
Product 3843,4/18/2026,1
Product 3367,4/18/2026,1
Product 3844,4/18/2026,1
Product 3124,4/18/2026,2
Product 3845,4/18/2026,1
Product 3192,4/18/2026,1
Product 338,4/18/2026,1
Product 339,4/18/2026,1
Product 3846,4/18/2026,3
Product 3847,4/18/2026,4
Product 3848,4/18/2026,2
Product 3849,4/18/2026,4
Product 696,4/18/2026,2
Product 3850,4/18/2026,1
Product 3342,4/18/2026,1
Product 2425,4/18/2026,1
Product 1254,4/18/2026,10
Product 316,4/18/2026,1
Product 1263,4/18/2026,1
Product 2108,4/18/2026,1
Product 1725,4/18/2026,2
Product 3288,4/18/2026,1
Product 3851,4/18/2026,1
Product 2185,4/18/2026,1
Product 3852,4/18/2026,1
Product 426,4/18/2026,1
Product 16,4/18/2026,1
Product 3853,4/18/2026,1
Product 3264,4/18/2026,1
Product 3854,4/18/2026,1
Product 3547,4/18/2026,3
Product 3855,4/18/2026,1
Product 3856,4/18/2026,1
Product 1858,4/18/2026,1
Product 3857,4/18/2026,1
Product 2673,4/18/2026,1
Product 2705,4/18/2026,1
Product 3858,4/18/2026,1
Product 3726,4/18/2026,1
Product 97,4/18/2026,1
Product 3859,4/18/2026,1
Product 3860,4/18/2026,1
Product 2721,4/18/2026,10
Product 2708,4/18/2026,1
Product 3861,4/18/2026,1
Product 1272,4/18/2026,1
Product 579,4/18/2026,1
Product 3862,4/18/2026,1
Product 3863,4/18/2026,1
Product 3864,4/18/2026,1
Product 1984,4/18/2026,1
Product 853,4/18/2026,1
Product 1298,4/18/2026,1
Product 1903,4/18/2026,3
Product 2516,4/18/2026,1
Product 37,4/18/2026,3
Product 3865,4/18/2026,1
Product 3866,4/18/2026,1
Product 2180,4/18/2026,2
Product 1490,4/18/2026,1
Product 246,4/18/2026,2
Product 495,4/18/2026,1
Product 3867,4/18/2026,1
Product 3868,4/18/2026,1
Product 1339,4/18/2026,1
Product 111,4/18/2026,1
Product 296,4/18/2026,1
Product 56,4/18/2026,3
Product 3501,4/18/2026,1
Product 1433,4/18/2026,6
Product 682,4/18/2026,3
Product 3406,4/18/2026,2
Product 1029,4/18/2026,1
Product 1434,4/18/2026,1
Product 1622,4/18/2026,2
Product 1444,4/18/2026,1
Product 139,4/18/2026,1
Product 2672,4/18/2026,1
Product 3773,4/18/2026,1
Product 561,4/18/2026,1
Product 3869,4/18/2026,1
Product 1600,4/18/2026,1
Product 820,4/18/2026,1
Product 3870,4/18/2026,10
Product 3871,4/18/2026,1
Product 1780,4/18/2026,1
Product 2597,4/18/2026,1
Product 275,4/18/2026,5
Product 3039,4/18/2026,1
Product 565,4/18/2026,1
Product 1928,4/18/2026,1
Product 3872,4/18/2026,1
Product 3873,4/18/2026,1
Product 3874,4/18/2026,1
Product 8,4/18/2026,1
Product 1559,4/18/2026,1
Product 1818,4/18/2026,1
Product 1146,4/18/2026,1
Product 358,4/18/2026,1
Product 3875,4/18/2026,1
Product 2447,4/18/2026,2
Product 1148,4/18/2026,2
Product 568,4/18/2026,3
Product 3876,4/18/2026,1
Product 3877,4/18/2026,1
Product 1232,4/18/2026,1
Product 2579,4/18/2026,1
Product 3547,4/18/2026,1
Product 569,4/18/2026,1
Product 3687,4/18/2026,1
Product 3506,4/18/2026,1
Product 2147,4/18/2026,1
Product 3878,4/18/2026,1
Product 142,4/18/2026,1
Product 1003,4/18/2026,1
Product 3879,4/18/2026,3
Product 1598,4/18/2026,1
Product 3479,4/18/2026,4
Product 1190,4/18/2026,1
Product 3880,4/18/2026,1
Product 652,4/18/2026,1
Product 3072,4/18/2026,1
Product 3881,4/18/2026,1
Product 3882,4/18/2026,1
Product 442,4/18/2026,1
Product 250,4/18/2026,1
Product 73,4/18/2026,4
Product 382,4/18/2026,1
Product 2935,4/18/2026,1
Product 3883,4/18/2026,1
Product 3884,4/18/2026,1
Product 346,4/18/2026,1
Product 3467,4/18/2026,1
Product 1411,4/18/2026,1
Product 1385,4/18/2026,1
Product 688,4/18/2026,4
Product 3588,4/18/2026,1
Product 875,4/18/2026,2
Product 3885,4/18/2026,2
Product 1505,4/18/2026,1
Product 2295,4/18/2026,1
Product 380,4/18/2026,2
Product 3312,4/18/2026,1
Product 3886,4/18/2026,1
Product 3887,4/18/2026,1
Product 2480,4/18/2026,1
Product 79,4/18/2026,2
Product 3008,4/18/2026,1
Product 3679,4/18/2026,1
Product 2968,4/18/2026,1
Product 365,4/18/2026,1
Product 2702,4/18/2026,1
Product 3888,4/18/2026,3
Product 3735,4/18/2026,1
Product 3889,4/18/2026,4
Product 3313,4/18/2026,1
Product 2314,4/18/2026,2
Product 2171,4/18/2026,1
Product 2158,4/18/2026,1
Product 2315,4/18/2026,1
Product 2316,4/18/2026,1
Product 3890,4/18/2026,1
Product 932,4/18/2026,1
Product 520,4/18/2026,1
Product 2088,4/18/2026,1
Product 3891,4/18/2026,2
Product 3892,4/18/2026,1
Product 3893,4/18/2026,1
Product 3894,4/18/2026,1
Product 382,4/18/2026,1
Product 3895,4/18/2026,1
Product 3896,4/18/2026,1
Product 37,4/18/2026,4
Product 2792,4/18/2026,1
Product 3897,4/18/2026,1
Product 3898,4/18/2026,1
Product 3899,4/18/2026,1
Product 3900,4/18/2026,1
Product 1062,4/18/2026,2
Product 3901,4/18/2026,1
Product 3902,4/18/2026,1
Product 1789,4/18/2026,1
Product 3547,4/18/2026,1
Product 3903,4/18/2026,1
Product 1326,4/18/2026,2
Product 3904,4/18/2026,1
Product 1938,4/18/2026,2
Product 2148,4/18/2026,1
Product 1334,4/18/2026,1
Product 3905,4/18/2026,1
Product 2331,4/18/2026,1
Product 724,4/18/2026,1
Product 87,4/18/2026,1
Product 3906,4/18/2026,1
Product 3406,4/18/2026,2
Product 2862,4/18/2026,1
Product 771,4/18/2026,1
Product 795,4/18/2026,1
Product 1690,4/18/2026,1
Product 603,4/18/2026,1
Product 128,4/18/2026,1
Product 398,4/18/2026,2
Product 399,4/18/2026,2
Product 3907,4/18/2026,1
Product 2734,4/18/2026,1
Product 392,4/18/2026,1
Product 394,4/18/2026,1
Product 2009,4/18/2026,1
Product 660,4/18/2026,2
Product 3224,4/18/2026,1
Product 2355,4/18/2026,1
Product 2460,4/18/2026,1
Product 3908,4/18/2026,1
Product 3909,4/18/2026,1
Product 340,4/18/2026,1
Product 1972,4/18/2026,1
Product 921,4/18/2026,1
Product 11,4/18/2026,1
Product 3910,4/18/2026,1
Product 3086,4/18/2026,1
Product 1973,4/18/2026,1
Product 3085,4/18/2026,1
Product 2514,4/18/2026,1
Product 2744,4/18/2026,1
Product 3911,4/18/2026,1
Product 1370,4/18/2026,1
Product 1360,4/18/2026,1
Product 1990,4/18/2026,1
Product 140,4/18/2026,1
Product 3890,4/18/2026,1
Product 1715,4/18/2026,1
Product 2109,4/18/2026,1
Product 1378,4/18/2026,2
Product 942,4/18/2026,1
Product 1003,4/18/2026,1
Product 2808,4/18/2026,1
Product 369,4/18/2026,1
Product 2932,4/18/2026,1
Product 2366,4/18/2026,1
Product 1357,4/18/2026,1
Product 2003,4/18/2026,1
Product 133,4/18/2026,1
Product 2148,4/18/2026,1
Product 2518,4/18/2026,1
Product 3912,4/18/2026,1
Product 1702,4/18/2026,1
Product 614,4/18/2026,1
Product 927,4/18/2026,1
Product 2002,4/18/2026,1
Product 3890,4/18/2026,1
Product 3913,4/18/2026,1
Product 934,4/18/2026,1
Product 308,4/18/2026,1
Product 1703,4/18/2026,1
Product 131,4/18/2026,1
Product 399,4/18/2026,2
Product 1191,4/18/2026,1
Product 1665,4/18/2026,2
Product 3914,4/18/2026,1
Product 519,4/18/2026,1
Product 926,4/18/2026,1
Product 2756,4/18/2026,1
Product 2751,4/18/2026,1
Product 991,4/18/2026,1
Product 3915,4/18/2026,1
Product 1976,4/18/2026,1
Product 2977,4/18/2026,1
Product 279,4/18/2026,4
Product 1989,4/18/2026,1
Product 3916,4/18/2026,1
Product 1368,4/18/2026,1
Product 71,4/18/2026,1
Product 3917,4/18/2026,1
Product 935,4/18/2026,1
Product 871,4/18/2026,1
Product 1006,4/18/2026,1
Product 154,4/18/2026,1
Product 2959,4/18/2026,1
Product 3918,4/18/2026,1
Product 2009,4/18/2026,1
Product 127,4/18/2026,1
Product 3919,4/18/2026,4
Product 246,4/18/2026,1
Product 264,4/18/2026,3
Product 2331,4/18/2026,2
Product 3738,4/18/2026,1
Product 3920,4/18/2026,1
Product 3224,4/18/2026,2
Product 3921,4/18/2026,1
Product 3920,4/18/2026,2
Product 3634,4/18/2026,2
Product 3922,4/18/2026,1
Product 3923,4/18/2026,1
Product 3924,4/18/2026,1
Product 3925,4/18/2026,1
Product 246,4/18/2026,2
Product 3909,4/18/2026,1
Product 2324,4/18/2026,1
Product 2207,4/18/2026,1
Product 37,4/18/2026,2
Product 488,4/18/2026,1
Product 325,4/18/2026,1
Product 3768,4/18/2026,1
Product 3926,4/18/2026,1
Product 3927,4/18/2026,1
Product 963,4/18/2026,1
Product 2535,4/18/2026,1
Product 418,4/18/2026,1
Product 3928,4/18/2026,3
Product 3929,4/18/2026,2
Product 3339,4/18/2026,1
Product 3888,4/18/2026,1
Product 3088,4/18/2026,1
Product 2985,4/18/2026,1
Product 3930,4/18/2026,1
Product 1192,4/18/2026,2
Product 3931,4/18/2026,1
Product 2105,4/18/2026,1
Product 1660,4/18/2026,1
Product 3141,4/18/2026,1
Product 998,4/18/2026,1
Product 437,4/18/2026,1
Product 3932,4/18/2026,1
Product 3933,4/18/2026,1
Product 3934,4/18/2026,1
Product 822,4/18/2026,1
Product 2865,4/18/2026,1
Product 2627,4/18/2026,1
Product 644,4/18/2026,1
Product 2779,4/18/2026,1
Product 2678,4/18/2026,1
Product 3935,4/18/2026,2
Product 3936,4/18/2026,1
Product 1104,4/18/2026,1
Product 1935,4/18/2026,1
Product 3937,4/18/2026,2
Product 3938,4/18/2026,1
Product 3939,4/18/2026,1
Product 2091,4/18/2026,1
Product 2121,4/18/2026,1
Product 3242,4/18/2026,1
Product 3465,4/18/2026,1
Product 1235,4/18/2026,1
Product 2550,4/18/2026,2
Product 79,4/18/2026,4
Product 1790,4/18/2026,1
Product 246,4/18/2026,1
Product 3940,4/18/2026,1
Product 3941,4/18/2026,1
Product 3942,4/18/2026,1
Product 3943,4/18/2026,1
Product 543,4/18/2026,1
Product 657,4/18/2026,1
Product 3360,4/18/2026,1
Product 3944,4/18/2026,1
Product 3945,4/18/2026,1
Product 3946,4/18/2026,1
Product 3947,4/18/2026,1
Product 37,4/18/2026,1
Product 3948,4/18/2026,3
Product 3949,4/18/2026,1
Product 3349,4/18/2026,3
Product 246,4/18/2026,1
Product 1551,4/18/2026,1
Product 2806,4/18/2026,1
Product 1769,4/18/2026,1
Product 215,4/18/2026,1
Product 3221,4/18/2026,2
Product 913,4/18/2026,1
Product 1538,4/18/2026,1
Product 3058,4/18/2026,1
Product 3950,4/18/2026,1
Product 3951,4/18/2026,1
Product 2190,4/18/2026,1
Product 3806,4/18/2026,1
Product 3480,4/18/2026,1
Product 144,4/18/2026,1
Product 2807,4/18/2026,1
Product 661,4/18/2026,1
Product 321,4/18/2026,2
Product 2435,4/18/2026,1
Product 3316,4/18/2026,1
Product 3191,4/18/2026,1
Product 3234,4/18/2026,1
Product 406,4/18/2026,1
Product 3952,4/18/2026,1
Product 215,4/18/2026,1
Product 3953,4/18/2026,-1
Product 2409,4/18/2026,1
Product 2439,4/18/2026,2
Product 683,4/18/2026,1
Product 3954,4/18/2026,1
Product 1075,4/18/2026,1
Product 1077,4/18/2026,1
Product 1346,4/18/2026,1
Product 550,4/18/2026,1
Product 3955,4/18/2026,20
Product 3956,4/18/2026,10
Product 691,4/18/2026,1
Product 2881,4/18/2026,1
Product 2229,4/18/2026,1
Product 3957,4/18/2026,1
Product 3958,4/18/2026,1
Product 3959,4/18/2026,1
Product 1555,4/18/2026,1
Product 1235,4/18/2026,1
Product 1691,4/18/2026,1
Product 3960,4/18/2026,4
Product 3215,4/18/2026,1
Product 3961,4/18/2026,1
Product 692,4/18/2026,1
Product 3962,4/18/2026,1
Product 3670,4/18/2026,1
Product 3963,4/18/2026,1
Product 3964,4/18/2026,1
Product 3965,4/18/2026,1
Product 3966,4/18/2026,1
Product 3967,4/18/2026,1
Product 3968,4/18/2026,0
Product 3473,4/18/2026,1
Product 3969,4/18/2026,1
Product 332,4/18/2026,4
Product 3970,4/18/2026,1
Product 3971,4/18/2026,1
Product 955,4/18/2026,1
Product 1446,4/18/2026,1
Product 3194,4/18/2026,1
Product 2672,4/18/2026,1
Product 3972,4/18/2026,1
Product 2018,4/18/2026,3
Product 3372,4/18/2026,1
Product 224,4/18/2026,1
Product 3973,4/18/2026,1
Product 3974,4/18/2026,4
Product 3975,4/18/2026,3
Product 246,4/18/2026,1
Product 511,4/18/2026,1
Product 3976,4/18/2026,1
Product 3977,4/18/2026,1
Product 2127,4/18/2026,1
Product 722,4/18/2026,1
Product 1160,4/18/2026,2
Product 3124,4/18/2026,1
Product 3486,4/18/2026,1
Product 3978,4/18/2026,2
Product 3979,4/18/2026,1
Product 1845,4/18/2026,1
Product 3178,4/18/2026,2
Product 631,4/18/2026,1
Product 428,4/18/2026,2
Product 3547,4/18/2026,1
Product 2836,4/18/2026,1
Product 3817,4/18/2026,1
Product 3507,4/18/2026,1
Product 3046,4/18/2026,1
Product 3547,4/18/2026,1
Product 65,4/18/2026,1
Product 3980,4/18/2026,2
Product 1023,4/18/2026,2
Product 3981,4/18/2026,1
Product 698,4/18/2026,-1
Product 3982,4/18/2026,1
Product 1709,4/18/2026,3
Product 661,4/18/2026,1
Product 1689,4/18/2026,1
Product 1123,4/18/2026,1
Product 1781,4/18/2026,1
Product 3983,4/18/2026,1
Product 707,4/18/2026,1
Product 3984,4/18/2026,1
Product 689,4/18/2026,1
Product 260,4/18/2026,1
Product 2065,4/18/2026,1
Product 260,4/18/2026,1
Product 2834,4/18/2026,1
Product 3985,4/18/2026,1
Product 717,4/18/2026,1
Product 2066,4/18/2026,1
Product 1820,4/18/2026,6
Product 265,4/18/2026,1
Product 815,4/18/2026,1
Product 3986,4/18/2026,1
Product 3987,4/18/2026,1
Product 500,4/18/2026,2
Product 782,4/18/2026,1
Product 782,4/18/2026,3
Product 1146,4/18/2026,2
Product 1094,4/18/2026,2
Product 1508,4/18/2026,1
Product 712,4/18/2026,1
Product 2385,4/18/2026,3
Product 2839,4/18/2026,1
Product 502,4/18/2026,1
Product 1017,4/18/2026,1
Product 504,4/18/2026,1
Product 65,4/18/2026,1
Product 268,4/18/2026,-2
Product 689,4/18/2026,2
Product 1146,4/18/2026,3
Product 503,4/18/2026,1
Product 249,4/18/2026,1
Product 280,4/18/2026,1
Product 280,4/18/2026,1
Product 723,4/18/2026,1
Product 3988,4/18/2026,1
Product 3989,4/18/2026,1
Product 3990,4/18/2026,1
Product 3991,4/18/2026,1
Product 3992,4/18/2026,1
Product 3993,4/18/2026,1
Product 3994,4/18/2026,1
Product 1840,4/18/2026,1
Product 3995,4/18/2026,1
Product 3996,4/18/2026,1
Product 3997,4/18/2026,1
Product 3998,4/18/2026,1
Product 137,4/18/2026,1
Product 3999,4/18/2026,1
Product 4000,4/18/2026,2
Product 4001,4/18/2026,1
Product 529,4/18/2026,1
Product 4002,4/18/2026,1
Product 1475,4/18/2026,1
Product 1843,4/18/2026,1
Product 4003,4/18/2026,2
Product 1555,4/18/2026,1
Product 3210,4/18/2026,1
Product 300,4/18/2026,1
Product 4004,4/18/2026,1
Product 4005,4/18/2026,1
Product 1898,4/18/2026,1
Product 3601,4/18/2026,1
Product 4006,4/18/2026,1
Product 1734,4/18/2026,1
Product 632,4/18/2026,1
Product 648,4/18/2026,1
Product 454,4/18/2026,1
Product 3049,4/18/2026,1
Product 284,4/18/2026,1
Product 4007,4/18/2026,1
Product 313,4/18/2026,2
Product 739,4/18/2026,1
Product 1190,4/18/2026,1
Product 4008,4/18/2026,1
Product 75,4/18/2026,1
Product 2581,4/18/2026,1
Product 1104,4/18/2026,1
Product 419,4/18/2026,1
Product 2102,4/18/2026,1
Product 2102,4/18/2026,1
Product 748,4/18/2026,1
Product 1537,4/18/2026,1
Product 2295,4/18/2026,1
Product 2731,4/18/2026,1
Product 3403,4/18/2026,1
Product 543,4/18/2026,1
Product 2778,4/18/2026,1
Product 4009,4/18/2026,1
Product 3270,4/17/2026,1
Product 326,4/17/2026,1
Product 326,4/17/2026,1
Product 3,4/17/2026,1
Product 551,4/17/2026,1
Product 37,4/17/2026,2
Product 3547,4/17/2026,3
Product 4010,4/17/2026,2
Product 794,4/17/2026,2
Product 117,4/17/2026,1
Product 4011,4/17/2026,2
Product 1231,4/17/2026,1
Product 334,4/17/2026,1
Product 1583,4/17/2026,1
Product 280,4/17/2026,1
Product 2755,4/17/2026,2
Product 4012,4/17/2026,1
Product 4013,4/17/2026,1
Product 246,4/17/2026,1
Product 1118,4/17/2026,1
Product 4014,4/17/2026,2
Product 4015,4/17/2026,3
Product 998,4/17/2026,1
Product 506,4/17/2026,1
Product 1584,4/17/2026,1
Product 2331,4/17/2026,2
Product 804,4/17/2026,1
Product 79,4/17/2026,3
Product 800,4/17/2026,1
Product 48,4/17/2026,1
Product 805,4/17/2026,1
Product 806,4/17/2026,1
Product 104,4/17/2026,1
Product 3844,4/17/2026,1
Product 1902,4/17/2026,1
Product 1248,4/17/2026,3
Product 1569,4/17/2026,1
Product 37,4/17/2026,4
Product 285,4/17/2026,1
Product 2028,4/17/2026,1
Product 512,4/17/2026,4
Product 4016,4/17/2026,2
Product 1599,4/17/2026,1
Product 355,4/17/2026,1
Product 4017,4/17/2026,2
Product 2684,4/17/2026,1
Product 4018,4/17/2026,1
Product 4019,4/17/2026,1
Product 4020,4/17/2026,2
Product 3104,4/17/2026,1
Product 4021,4/17/2026,1
Product 3276,4/17/2026,1
Product 4022,4/17/2026,1
Product 4023,4/17/2026,1
Product 3750,4/17/2026,1
Product 4024,4/17/2026,1
Product 81,4/17/2026,1
Product 2745,4/17/2026,1
Product 3224,4/17/2026,1
Product 362,4/17/2026,3
Product 3408,4/17/2026,1
Product 2355,4/17/2026,1
Product 4025,4/17/2026,1
Product 4026,4/17/2026,1
Product 364,4/17/2026,1
Product 4027,4/17/2026,2
Product 815,4/17/2026,1
Product 4028,4/17/2026,1
Product 1261,4/17/2026,1
Product 3862,4/17/2026,1
Product 570,4/17/2026,2
Product 44,4/17/2026,1
Product 4029,4/17/2026,1
Product 1446,4/17/2026,1
Product 1190,4/17/2026,1
Product 44,4/17/2026,2
Product 1624,4/17/2026,1
Product 37,4/17/2026,4
Product 4030,4/17/2026,1
Product 4031,4/17/2026,1
Product 3638,4/17/2026,1
Product 2698,4/17/2026,2
Product 1316,4/17/2026,2
Product 1644,4/17/2026,1
Product 2497,4/17/2026,1
Product 601,4/17/2026,2
Product 4032,4/17/2026,1
Product 3444,4/17/2026,1
Product 4033,4/17/2026,1
Product 3640,4/17/2026,1
Product 1287,4/17/2026,1
Product 2855,4/17/2026,1
Product 4034,4/17/2026,1
Product 413,4/17/2026,2
Product 360,4/17/2026,1
Product 1213,4/17/2026,1
Product 1735,4/17/2026,1
Product 1218,4/17/2026,1
Product 4035,4/17/2026,1
Product 4036,4/17/2026,1
Product 1670,4/17/2026,1
Product 4037,4/17/2026,0
Product 2494,4/17/2026,1
Product 1655,4/17/2026,1
Product 2315,4/17/2026,1
Product 4038,4/17/2026,1
Product 925,4/17/2026,2
Product 4039,4/17/2026,1
Product 4040,4/17/2026,1
Product 79,4/17/2026,4
Product 145,4/17/2026,1
Product 2715,4/17/2026,1
Product 2959,4/17/2026,1
Product 3564,4/17/2026,1
Product 3634,4/17/2026,1
Product 4041,4/17/2026,1
Product 4042,4/17/2026,3
Product 4043,4/17/2026,1
Product 2814,4/17/2026,3
Product 2487,4/17/2026,1
Product 3721,4/17/2026,2
Product 919,4/17/2026,2
Product 2686,4/17/2026,1
Product 87,4/17/2026,1
Product 1964,4/17/2026,1
Product 4044,4/17/2026,1
Product 4045,4/17/2026,1
Product 2170,4/17/2026,1
Product 398,4/17/2026,1
Product 2514,4/17/2026,1
Product 3722,4/17/2026,1
Product 2319,4/17/2026,1
Product 2739,4/17/2026,1
Product 3124,4/17/2026,1
Product 1817,4/17/2026,1
Product 1586,4/17/2026,1
Product 4046,4/17/2026,1
Product 3446,4/17/2026,2
Product 4047,4/17/2026,1
Product 4048,4/17/2026,1
Product 4049,4/17/2026,1
Product 4050,4/17/2026,1
Product 375,4/17/2026,1
Product 4051,4/17/2026,1
Product 3766,4/17/2026,1
Product 3241,4/17/2026,1
Product 246,4/17/2026,1
Product 3710,4/17/2026,1
Product 2507,4/17/2026,1
Product 4052,4/17/2026,1
Product 37,4/17/2026,1
Product 4053,4/17/2026,1
Product 2948,4/17/2026,1
Product 398,4/17/2026,1
Product 173,4/17/2026,1
Product 373,4/17/2026,2
Product 2954,4/17/2026,1
Product 3087,4/17/2026,1
Product 2749,4/17/2026,1
Product 1002,4/17/2026,1
Product 938,4/17/2026,1
Product 2687,4/17/2026,1
Product 1262,4/17/2026,2
Product 1366,4/17/2026,1
Product 79,4/17/2026,2
Product 4054,4/17/2026,1
Product 1994,4/17/2026,1
Product 657,4/17/2026,1
Product 4055,4/17/2026,1
Product 4056,4/17/2026,1
Product 4057,4/17/2026,1
Product 3444,4/17/2026,1
Product 3593,4/17/2026,1
Product 1281,4/17/2026,1
Product 1410,4/17/2026,1
Product 1392,4/17/2026,1
Product 4058,4/17/2026,1
Product 2549,4/17/2026,1
Product 4059,4/17/2026,1
Product 4060,4/17/2026,3
Product 4061,4/17/2026,1
Product 4062,4/17/2026,3
Product 1267,4/17/2026,1
Product 4063,4/17/2026,1
Product 301,4/17/2026,1
Product 1891,4/17/2026,1
Product 2097,4/17/2026,1
Product 667,4/17/2026,1
Product 3880,4/17/2026,3
Product 1423,4/17/2026,1
Product 1749,4/17/2026,1
Product 3929,4/17/2026,1
Product 3249,4/17/2026,1
Product 4064,4/17/2026,1
Product 1891,4/17/2026,1
Product 1437,4/17/2026,1
Product 2203,4/17/2026,1
Product 3081,4/17/2026,1
Product 2727,4/17/2026,1
Product 543,4/17/2026,1
Product 4065,4/17/2026,1
Product 1755,4/17/2026,1
Product 188,4/17/2026,1
Product 983,4/17/2026,1
Product 4066,4/17/2026,1
Product 2993,4/17/2026,1
Product 4067,4/17/2026,1
Product 2830,4/17/2026,1
Product 1606,4/17/2026,2
Product 3710,4/17/2026,1
Product 4068,4/17/2026,1
Product 3632,4/17/2026,2
Product 37,4/17/2026,1
Product 423,4/17/2026,1
Product 745,4/17/2026,1
Product 656,4/17/2026,1
Product 1211,4/17/2026,1
Product 4069,4/17/2026,2
Product 4070,4/17/2026,1
Product 3640,4/17/2026,1
Product 536,4/17/2026,1
Product 672,4/17/2026,1
Product 2967,4/17/2026,1
Product 2533,4/17/2026,1
Product 4071,4/17/2026,1
Product 4033,4/17/2026,1
Product 2358,4/17/2026,1
Product 546,4/17/2026,1
Product 792,4/17/2026,1
Product 4072,4/17/2026,1
Product 1192,4/17/2026,1
Product 144,4/17/2026,1
Product 4073,4/17/2026,3
Product 683,4/17/2026,1
Product 4074,4/17/2026,1
Product 1755,4/17/2026,1
Product 1750,4/17/2026,1
Product 4075,4/17/2026,1
Product 3477,4/17/2026,1
Product 4076,4/17/2026,1
Product 4077,4/17/2026,2
Product 4078,4/17/2026,1
Product 3118,4/17/2026,1
Product 1468,4/17/2026,1
Product 3363,4/17/2026,1
Product 4079,4/17/2026,1
Product 3124,4/17/2026,1
Product 4080,4/17/2026,1
Product 4081,4/17/2026,1
Product 2317,4/17/2026,1
Product 440,4/17/2026,1
Product 4082,4/17/2026,1
Product 727,4/17/2026,1
Product 1520,4/17/2026,1
Product 3384,4/17/2026,1
Product 3124,4/17/2026,1
Product 4083,4/17/2026,1
Product 4084,4/17/2026,1
Product 4085,4/17/2026,1
Product 4086,4/17/2026,1
Product 4087,4/17/2026,2
Product 4088,4/17/2026,1
Product 4089,4/17/2026,-2
Product 4090,4/17/2026,1
Product 4091,4/17/2026,1
Product 4092,4/17/2026,1
Product 476,4/17/2026,2
Product 950,4/17/2026,1
Product 2383,4/17/2026,1
Product 4093,4/17/2026,1
Product 4094,4/17/2026,1
Product 1124,4/17/2026,1
Product 705,4/17/2026,1
Product 439,4/17/2026,1
Product 487,4/17/2026,1
Product 1501,4/17/2026,1
Product 1501,4/17/2026,1
Product 4095,4/17/2026,-1
Product 707,4/17/2026,1
Product 1140,4/17/2026,1
Product 2185,4/17/2026,1
Product 782,4/17/2026,1
Product 1538,4/17/2026,1
Product 2141,4/17/2026,1
Product 648,4/17/2026,1
Product 2385,4/17/2026,1
Product 502,4/17/2026,1
Product 268,4/17/2026,1
Product 502,4/17/2026,1
Product 1822,4/17/2026,1
Product 2473,4/17/2026,1
Product 689,4/17/2026,1
Product 2351,4/17/2026,1
Product 2910,4/17/2026,1
Product 1509,4/17/2026,1
Product 3800,4/17/2026,1
Product 1151,4/17/2026,1
Product 4096,4/17/2026,1
Product 3360,4/17/2026,1
Product 110,4/17/2026,1
Product 776,4/17/2026,1
Product 336,4/17/2026,1
Product 2321,4/17/2026,1
Product 4097,4/17/2026,2
Product 4098,4/17/2026,1
Product 3609,4/17/2026,2
Product 4099,4/17/2026,1
Product 704,4/17/2026,1
Product 2993,4/17/2026,1
Product 2090,4/17/2026,1
Product 2024,4/17/2026,1
Product 1181,4/17/2026,1
Product 4100,4/17/2026,1
Product 4101,4/17/2026,1
Product 2604,4/17/2026,1
Product 4102,4/17/2026,1
Product 907,4/17/2026,1
Product 2045,4/17/2026,1
Product 547,4/17/2026,1
Product 2095,4/17/2026,1
Product 276,4/17/2026,1
Product 2094,4/17/2026,1
Product 956,4/17/2026,1
Product 4103,4/17/2026,1
Product 631,4/17/2026,1
Product 29,4/17/2026,1
Product 525,4/17/2026,1
Product 2217,4/17/2026,1
Product 4104,4/17/2026,1
Product 319,4/17/2026,1
Product 2133,4/17/2026,1
Product 320,4/17/2026,1
Product 320,4/17/2026,1
Product 531,4/17/2026,1
Product 359,4/17/2026,1
Product 2285,4/17/2026,1
Product 1538,4/17/2026,1
Product 2292,4/17/2026,-1
Product 2727,4/17/2026,1
Product 543,4/17/2026,1
Product 1,4/16/2026,1
Product 2,4/16/2026,1
Product 4105,4/16/2026,1
Product 545,4/16/2026,1
Product 785,4/16/2026,1
Product 129,4/16/2026,1
Product 1662,4/16/2026,1
Product 4106,4/16/2026,2
Product 79,4/16/2026,2
Product 3,4/16/2026,1
Product 1584,4/16/2026,1
Product 4107,4/16/2026,1
Product 800,4/16/2026,1
Product 364,4/16/2026,1
Product 2525,4/16/2026,1
Product 3449,4/16/2026,1
Product 871,4/16/2026,1
Product 79,4/16/2026,1
Product 3634,4/16/2026,1
Product 4108,4/16/2026,6
Product 2384,4/16/2026,1
Product 3045,4/16/2026,1
Product 415,4/16/2026,3
Product 3537,4/16/2026,1
Product 249,4/16/2026,3
Product 4109,4/16/2026,1
Product 3566,4/16/2026,1
Product 1706,4/16/2026,1
Product 989,4/16/2026,1
Product 925,4/16/2026,1
Product 4110,4/16/2026,1
Product 4111,4/16/2026,1
Product 3714,4/16/2026,1
Product 1518,4/16/2026,1
Product 1519,4/16/2026,1
Product 2845,4/16/2026,1
Product 4112,4/16/2026,1
Product 4113,4/16/2026,1
Product 4114,4/16/2026,1
Product 4115,4/16/2026,1
Product 559,4/16/2026,1
Product 4116,4/16/2026,1
Product 1022,4/16/2026,1
Product 4117,4/16/2026,1
Product 3789,4/16/2026,1
Product 3857,4/16/2026,1
Product 4118,4/16/2026,1
Product 1268,4/16/2026,1
Product 4119,4/16/2026,1
Product 4120,4/16/2026,1
Product 3124,4/16/2026,1
Product 4121,4/16/2026,1
Product 1363,4/16/2026,1
Product 1361,4/16/2026,1
Product 4122,4/16/2026,1
Product 79,4/16/2026,4
Product 4123,4/16/2026,1
Product 80,4/16/2026,1
Product 2510,4/16/2026,1
Product 3547,4/16/2026,2
Product 4124,4/16/2026,1
Product 4125,4/16/2026,1
Product 2082,4/16/2026,1
Product 295,4/16/2026,1
Product 1661,4/16/2026,1
Product 2147,4/16/2026,1
Product 1308,4/16/2026,1
Product 67,4/16/2026,2
Product 4126,4/16/2026,2
Product 4127,4/16/2026,1
Product 1698,4/16/2026,1
Product 2697,4/16/2026,1
Product 579,4/16/2026,1
Product 3189,4/16/2026,1
Product 501,4/16/2026,1
Product 4128,4/16/2026,1
Product 4129,4/16/2026,1
Product 4130,4/16/2026,10
Product 4131,4/16/2026,1
Product 3705,4/16/2026,1
Product 963,4/16/2026,1
Product 3195,4/16/2026,1
Product 4132,4/16/2026,1
Product 4133,4/16/2026,1
Product 37,4/16/2026,3
Product 4134,4/16/2026,1
Product 2098,4/16/2026,1
Product 4135,4/16/2026,1
Product 4136,4/16/2026,1
Product 90,4/16/2026,1
Product 3439,4/16/2026,1
Product 2733,4/16/2026,1
Product 1964,4/16/2026,1
Product 3634,4/16/2026,1
Product 1356,4/16/2026,3
Product 707,4/16/2026,1
Product 858,4/16/2026,1
Product 4137,4/16/2026,1
Product 4138,4/16/2026,2
Product 3665,4/16/2026,2
Product 340,4/16/2026,1
Product 37,4/16/2026,1
Product 346,4/16/2026,1
Product 4139,4/16/2026,1
Product 4140,4/16/2026,1
Product 4141,4/16/2026,1
Product 3547,4/16/2026,1
Product 3248,4/16/2026,1
Product 3735,4/16/2026,1
Product 4142,4/16/2026,1
Product 4143,4/16/2026,1
Product 4144,4/16/2026,1
Product 4145,4/16/2026,1
Product 1228,4/16/2026,1
Product 3634,4/16/2026,1
Product 3124,4/16/2026,1
Product 3721,4/16/2026,1
Product 509,4/16/2026,3
Product 3721,4/16/2026,1
Product 919,4/16/2026,1
Product 2751,4/16/2026,1
Product 4146,4/16/2026,1
Product 4147,4/16/2026,1
Product 314,4/16/2026,2
Product 1355,4/16/2026,1
Product 1982,4/16/2026,1
Product 398,4/16/2026,1
Product 1956,4/16/2026,1
Product 935,4/16/2026,1
Product 1000,4/16/2026,1
Product 3054,4/16/2026,1
Product 2663,4/16/2026,2
Product 2536,4/16/2026,1
Product 644,4/16/2026,2
Product 4148,4/16/2026,1
Product 4149,4/16/2026,2
Product 2679,4/16/2026,1
Product 4150,4/16/2026,1
Product 4151,4/16/2026,1
Product 4152,4/16/2026,1
Product 2680,4/16/2026,1
Product 3640,4/16/2026,1
Product 4153,4/16/2026,1
Product 966,4/16/2026,2
Product 1076,4/16/2026,1
Product 4154,4/16/2026,2
Product 573,4/16/2026,2
Product 4155,4/16/2026,1
Product 4156,4/16/2026,1
Product 4157,4/16/2026,1
Product 398,4/16/2026,1
Product 1666,4/16/2026,1
Product 4047,4/16/2026,2
Product 2756,4/16/2026,1
Product 3732,4/16/2026,1
Product 2952,4/16/2026,3
Product 1002,4/16/2026,1
Product 939,4/16/2026,1
Product 2109,4/16/2026,1
Product 2525,4/16/2026,5
Product 2323,4/16/2026,1
Product 4158,4/16/2026,1
Product 3726,4/16/2026,1
Product 696,4/16/2026,1
Product 65,4/16/2026,1
Product 4159,4/16/2026,1
Product 4160,4/16/2026,1
Product 3486,4/16/2026,1
Product 4161,4/16/2026,1
Product 664,4/16/2026,1
Product 1533,4/16/2026,1
Product 1114,4/16/2026,2
Product 4040,4/16/2026,1
Product 4162,4/16/2026,1
Product 4163,4/16/2026,1
Product 4032,4/16/2026,1
Product 2786,4/16/2026,4
Product 4164,4/16/2026,2
Product 4165,4/16/2026,1
Product 4166,4/16/2026,1
Product 4167,4/16/2026,1
Product 4168,4/16/2026,1
Product 79,4/16/2026,1
Product 4169,4/16/2026,1
Product 3547,4/16/2026,1
Product 408,4/16/2026,3
Product 306,4/16/2026,3
Product 2129,4/16/2026,1
Product 4011,4/16/2026,1
Product 618,4/16/2026,1
Product 37,4/16/2026,2
Product 4095,4/16/2026,1
Product 4170,4/16/2026,1
Product 4171,4/16/2026,1
Product 4172,4/16/2026,1
Product 144,4/16/2026,1
Product 4173,4/16/2026,1
Product 4174,4/16/2026,1
Product 3600,4/16/2026,1
Product 4175,4/16/2026,1
Product 275,4/16/2026,2
Product 2160,4/16/2026,1
Product 2347,4/16/2026,1
Product 4176,4/16/2026,1
Product 2647,4/16/2026,1
Product 472,4/16/2026,1
Product 3634,4/16/2026,1
Product 1164,4/16/2026,2
Product 260,4/16/2026,2
Product 3547,4/16/2026,1
Product 4177,4/16/2026,1
Product 696,4/16/2026,1
Product 4178,4/16/2026,2
Product 2348,4/16/2026,2
Product 910,4/16/2026,1
Product 479,4/16/2026,1
Product 698,4/16/2026,1
Product 2592,4/16/2026,1
Product 2381,4/16/2026,1
Product 661,4/16/2026,2
Product 2830,4/16/2026,1
Product 1324,4/16/2026,1
Product 872,4/16/2026,1
Product 3300,4/16/2026,1
Product 4179,4/16/2026,1
Product 4180,4/16/2026,1
Product 259,4/16/2026,1
Product 4181,4/16/2026,2
Product 1140,4/16/2026,1
Product 815,4/16/2026,1
Product 3022,4/16/2026,1
Product 4182,4/16/2026,1
Product 2906,4/16/2026,1
Product 4183,4/16/2026,1
Product 2266,4/16/2026,1
Product 120,4/16/2026,1
Product 1142,4/16/2026,1
Product 4184,4/16/2026,2
Product 3024,4/16/2026,1
Product 2839,4/16/2026,1
Product 4185,4/16/2026,1
Product 3947,4/16/2026,1
Product 504,4/16/2026,2
Product 918,4/16/2026,1
Product 3921,4/16/2026,1
Product 275,4/16/2026,1
Product 664,4/16/2026,1
Product 752,4/16/2026,1
Product 1784,4/16/2026,2
Product 3991,4/16/2026,2
Product 4186,4/16/2026,3
Product 1831,4/16/2026,1
Product 1599,4/16/2026,1
Product 2076,4/16/2026,1
Product 4187,4/16/2026,1
Product 2811,4/16/2026,1
Product 4188,4/16/2026,1
Product 4183,4/16/2026,1
Product 2389,4/16/2026,1
Product 11,4/16/2026,1
Product 2332,4/16/2026,1
Product 3100,4/16/2026,1
Product 4189,4/16/2026,1
Product 356,4/16/2026,1
Product 4190,4/16/2026,1
Product 2589,4/16/2026,1
Product 4191,4/16/2026,1
Product 4192,4/16/2026,1
Product 336,4/16/2026,1
Product 4193,4/16/2026,24
Product 1173,4/16/2026,30
Product 2442,4/16/2026,1
Product 3346,4/16/2026,18
Product 4194,4/16/2026,9
Product 4195,4/16/2026,2
Product 4196,4/16/2026,5
Product 4197,4/16/2026,1
Product 756,4/16/2026,2
Product 4198,4/16/2026,1
Product 4199,4/16/2026,10
Product 1970,4/16/2026,10
Product 667,4/16/2026,20
Product 3683,4/16/2026,9
Product 4200,4/16/2026,6
Product 1923,4/16/2026,10
Product 2024,4/16/2026,1
Product 10,4/16/2026,1
Product 4201,4/16/2026,1
Product 61,4/16/2026,1
Product 4202,4/16/2026,1
Product 4203,4/16/2026,1
Product 857,4/16/2026,1
Product 4204,4/16/2026,2
Product 1064,4/16/2026,1
Product 4205,4/16/2026,1
Product 381,4/16/2026,3
Product 4206,4/16/2026,2
Product 2328,4/16/2026,1
Product 2660,4/16/2026,1
Product 315,4/16/2026,-1
Product 11,4/16/2026,1
Product 745,4/16/2026,1
Product 316,4/16/2026,1
Product 2473,4/16/2026,2
Product 616,4/16/2026,3
Product 1681,4/16/2026,1
Product 3964,4/16/2026,1
Product 4207,4/16/2026,1
Product 3393,4/16/2026,1
Product 994,4/16/2026,1
Product 3,4/15/2026,1
Product 6,4/15/2026,1
Product 548,4/15/2026,1
Product 548,4/15/2026,1
Product 551,4/15/2026,1
Product 7,4/15/2026,1
Product 4208,4/15/2026,2
Product 4209,4/15/2026,1
Product 2414,4/15/2026,1
Product 1259,4/15/2026,1
Product 285,4/15/2026,2
Product 1223,4/15/2026,1
Product 1233,4/15/2026,2
Product 1872,4/15/2026,1
Product 1240,4/15/2026,2
Product 85,4/15/2026,1
Product 128,4/15/2026,1
Product 2000,4/15/2026,1
Product 79,4/15/2026,1
Product 4210,4/15/2026,1
Product 796,4/15/2026,1
Product 4211,4/15/2026,1
Product 4212,4/15/2026,0
Product 4213,4/15/2026,1
Product 744,4/15/2026,1
Product 4214,4/15/2026,1
Product 4215,4/15/2026,1
Product 4216,4/15/2026,1
Product 775,4/15/2026,1
Product 1253,4/15/2026,1
Product 362,4/15/2026,2
Product 2264,4/15/2026,1
Product 4217,4/15/2026,1
Product 1264,4/15/2026,1
Product 4218,4/15/2026,1
Product 3367,4/15/2026,2
Product 3303,4/15/2026,1
Product 1625,4/15/2026,1
Product 4219,4/15/2026,1
Product 3547,4/15/2026,1
Product 2390,4/15/2026,1
Product 3499,4/15/2026,1
Product 4220,4/15/2026,1
Product 1663,4/15/2026,1
Product 825,4/15/2026,1
Product 835,4/15/2026,1
Product 755,4/15/2026,1
Product 4124,4/15/2026,1
Product 4221,4/15/2026,1
Product 3304,4/15/2026,1
Product 4222,4/15/2026,1
Product 4223,4/15/2026,1
Product 4224,4/15/2026,1
Product 1335,4/15/2026,1
Product 4225,4/15/2026,1
Product 4226,4/15/2026,1
Product 4227,4/15/2026,1
Product 37,4/15/2026,1
Product 1068,4/15/2026,2
Product 3124,4/15/2026,2
Product 4228,4/15/2026,1
Product 4229,4/15/2026,1
Product 1689,4/15/2026,2
Product 4230,4/15/2026,2
Product 4231,4/15/2026,1
Product 4232,4/15/2026,1
Product 4233,4/15/2026,1
Product 707,4/15/2026,3
Product 3029,4/15/2026,1
Product 4234,4/15/2026,1
Product 3945,4/15/2026,1
Product 3946,4/15/2026,1
Product 3134,4/15/2026,1
Product 4235,4/15/2026,1
Product 3631,4/15/2026,1
Product 1307,4/15/2026,1
Product 2697,4/15/2026,1
Product 3846,4/15/2026,2
Product 2886,4/15/2026,1
Product 4236,4/15/2026,1
Product 4237,4/15/2026,1
Product 4238,4/15/2026,1
Product 4239,4/15/2026,1
Product 2508,4/15/2026,1
Product 2333,4/15/2026,1
Product 1703,4/15/2026,1
Product 696,4/15/2026,2
Product 1816,4/15/2026,1
Product 1134,4/15/2026,1
Product 4240,4/15/2026,1
Product 2588,4/15/2026,1
Product 3100,4/15/2026,1
Product 4241,4/15/2026,1
Product 4242,4/15/2026,1
Product 1792,4/15/2026,1
Product 4243,4/15/2026,1
Product 4244,4/15/2026,1
Product 4245,4/15/2026,1
Product 3085,4/15/2026,1
Product 2659,4/15/2026,1
Product 596,4/15/2026,1
Product 3430,4/15/2026,1
Product 1920,4/15/2026,1
Product 1690,4/15/2026,1
Product 4246,4/15/2026,1
Product 392,4/15/2026,3
Product 4247,4/15/2026,1
Product 4248,4/15/2026,1
Product 3547,4/15/2026,1
Product 597,4/15/2026,1
Product 275,4/15/2026,1
Product 727,4/15/2026,1
Product 1038,4/15/2026,1
Product 238,4/15/2026,1
Product 562,4/15/2026,1
Product 977,4/15/2026,2
Product 1747,4/15/2026,1
Product 696,4/15/2026,1
Product 1179,4/15/2026,1
Product 1851,4/15/2026,2
Product 1197,4/15/2026,2
Product 4249,4/15/2026,1
Product 1050,4/15/2026,1
Product 4004,4/15/2026,1
Product 3733,4/15/2026,1
Product 1990,4/15/2026,1
Product 936,4/15/2026,1
Product 2175,4/15/2026,1
Product 4250,4/15/2026,1
Product 1001,4/15/2026,1
Product 1715,4/15/2026,1
Product 341,4/15/2026,1
Product 1760,4/15/2026,1
Product 4251,4/15/2026,1
Product 4251,4/15/2026,1
Product 1380,4/15/2026,1
Product 3560,4/15/2026,1
Product 4252,4/15/2026,2
Product 106,4/15/2026,1
Product 1380,4/15/2026,1
Product 1366,4/15/2026,1
Product 3920,4/15/2026,1
Product 37,4/15/2026,1
Product 3634,4/15/2026,1
Product 2386,4/15/2026,2
Product 2097,4/15/2026,1
Product 4253,4/15/2026,1
Product 638,4/15/2026,1
Product 160,4/15/2026,1
Product 2774,4/15/2026,1
Product 4254,4/15/2026,1
Product 4255,4/15/2026,1
Product 1616,4/15/2026,1
Product 2121,4/15/2026,1
Product 23,4/15/2026,1
Product 3456,4/15/2026,1
Product 4256,4/15/2026,1
Product 4257,4/15/2026,2
Product 4258,4/15/2026,1
Product 552,4/15/2026,1
Product 4259,4/15/2026,1
Product 79,4/15/2026,1
Product 108,4/15/2026,1
Product 2439,4/15/2026,2
Product 170,4/15/2026,1
Product 4260,4/15/2026,1
Product 79,4/15/2026,1
Product 4261,4/15/2026,1
Product 1541,4/15/2026,1
Product 313,4/15/2026,1
Product 4262,4/15/2026,1
Product 144,4/15/2026,1
Product 4263,4/15/2026,1
Product 4264,4/15/2026,2
Product 3224,4/15/2026,1
Product 2533,4/15/2026,1
Product 1072,4/15/2026,1
Product 4265,4/15/2026,1
Product 4266,4/15/2026,1
Product 3224,4/15/2026,1
Product 3113,4/15/2026,1
Product 4267,4/15/2026,1
Product 3297,4/15/2026,1
Product 4268,4/15/2026,1
Product 4269,4/15/2026,4
Product 3120,4/15/2026,1
Product 472,4/15/2026,1
Product 963,4/15/2026,1
Product 1407,4/15/2026,0
Product 4270,4/15/2026,0
Product 774,4/15/2026,0
Product 3634,4/15/2026,1
Product 813,4/15/2026,2
Product 454,4/15/2026,1
Product 3257,4/15/2026,2
Product 4271,4/15/2026,2
Product 1867,4/15/2026,1
Product 3813,4/15/2026,1
Product 4272,4/15/2026,1
Product 737,4/15/2026,1
Product 4273,4/15/2026,1
Product 2127,4/15/2026,1
Product 3572,4/15/2026,-1
Product 4274,4/15/2026,1
Product 4275,4/15/2026,1
Product 275,4/15/2026,1
Product 4276,4/15/2026,1
Product 4277,4/15/2026,2
Product 4278,4/15/2026,1
Product 3227,4/15/2026,1
Product 355,4/15/2026,1
Product 4279,4/15/2026,1
Product 4280,4/15/2026,1
Product 4281,4/15/2026,1
Product 528,4/15/2026,1
Product 3406,4/15/2026,1
Product 3105,4/15/2026,1
Product 4002,4/15/2026,1
Product 2883,4/15/2026,1
Product 171,4/15/2026,1
Product 3192,4/15/2026,1
Product 3855,4/15/2026,2
Product 306,4/15/2026,1
Product 4282,4/15/2026,1
Product 318,4/15/2026,1
Product 3328,4/15/2026,1
Product 4283,4/15/2026,1
Product 3775,4/15/2026,1
Product 381,4/15/2026,3
Product 318,4/15/2026,1
Product 735,4/15/2026,1
Product 564,4/15/2026,1
Product 658,4/15/2026,1
Product 2295,4/15/2026,1
Product 1591,4/15/2026,1
Product 11,4/15/2026,1
Product 745,4/15/2026,1
Product 4284,4/15/2026,2
Product 4285,4/15/2026,1
Product 656,4/15/2026,3
Product 1193,4/15/2026,2
Product 543,4/15/2026,1
Product 75,4/15/2026,1
Product 2403,4/15/2026,1
Product 3,4/14/2026,1
Product 548,4/14/2026,1
Product 7,4/14/2026,1
Product 14,4/14/2026,2
Product 330,4/14/2026,1
Product 65,4/14/2026,1
Product 3641,4/14/2026,1
Product 3405,4/14/2026,1
Product 4165,4/14/2026,1
Product 3124,4/14/2026,2
Product 280,4/14/2026,1
Product 408,4/14/2026,1
Product 3192,4/14/2026,1
Product 4286,4/14/2026,1
Product 79,4/14/2026,4
Product 2365,4/14/2026,1
Product 65,4/14/2026,1
Product 875,4/14/2026,1
Product 3047,4/14/2026,1
Product 17,4/14/2026,1
Product 403,4/14/2026,1
Product 2289,4/14/2026,1
Product 4287,4/14/2026,1
Product 2935,4/14/2026,1
Product 85,4/14/2026,5
Product 4288,4/14/2026,3
Product 4289,4/14/2026,2
Product 4290,4/14/2026,1
Product 3124,4/14/2026,1
Product 279,4/14/2026,1
Product 456,4/14/2026,1
Product 1890,4/14/2026,1
Product 4291,4/14/2026,1
Product 1616,4/14/2026,2
Product 4292,4/14/2026,1
Product 3393,4/14/2026,1
Product 963,4/14/2026,3
Product 1759,4/14/2026,2
Product 805,4/14/2026,1
Product 1248,4/14/2026,1
Product 79,4/14/2026,1
Product 4293,4/14/2026,2
Product 1256,4/14/2026,1
Product 37,4/14/2026,2
Product 24,4/14/2026,1
Product 4146,4/14/2026,1
Product 4105,4/14/2026,1
Product 1263,4/14/2026,1
Product 555,4/14/2026,1
Product 577,4/14/2026,1
Product 296,4/14/2026,1
Product 2908,4/14/2026,1
Product 4294,4/14/2026,1
Product 2291,4/14/2026,1
Product 1393,4/14/2026,2
Product 4120,4/14/2026,1
Product 3547,4/14/2026,2
Product 4125,4/14/2026,1
Product 565,4/14/2026,1
Product 79,4/14/2026,1
Product 2971,4/14/2026,1
Product 267,4/14/2026,1
Product 2447,4/14/2026,1
Product 4295,4/14/2026,1
Product 4296,4/14/2026,1
Product 3634,4/14/2026,1
Product 4297,4/14/2026,1
Product 4298,4/14/2026,1
Product 4299,4/14/2026,1
Product 4300,4/14/2026,1
Product 5,4/14/2026,1
Product 876,4/14/2026,1
Product 876,4/14/2026,1
Product 3882,4/14/2026,1
Product 3308,4/14/2026,1
Product 4301,4/14/2026,1
Product 246,4/14/2026,1
Product 3506,4/14/2026,1
Product 73,4/14/2026,2
Product 570,4/14/2026,2
Product 365,4/14/2026,1
Product 37,4/14/2026,3
Product 1067,4/14/2026,1
Product 4302,4/14/2026,1
Product 4303,4/14/2026,2
Product 3124,4/14/2026,2
Product 4304,4/14/2026,1
Product 4131,4/14/2026,1
Product 1938,4/14/2026,1
Product 4305,4/14/2026,1
Product 4306,4/14/2026,1
Product 3430,4/14/2026,1
Product 4307,4/14/2026,1
Product 2550,4/14/2026,1
Product 4033,4/14/2026,1
Product 1551,4/14/2026,1
Product 1548,4/14/2026,1
Product 4308,4/14/2026,1
Product 4309,4/14/2026,1
Product 4310,4/14/2026,1
Product 2176,4/14/2026,1
Product 1926,4/14/2026,1
Product 2314,4/14/2026,1
Product 2316,4/14/2026,1
Product 2514,4/14/2026,2
Product 3722,4/14/2026,2
Product 3227,4/14/2026,1
Product 957,4/14/2026,2
Product 1702,4/14/2026,2
Product 398,4/14/2026,1
Product 373,4/14/2026,1
Product 1956,4/14/2026,1
Product 4311,4/14/2026,1
Product 3634,4/14/2026,1
Product 1017,4/14/2026,1
Product 397,4/14/2026,1
Product 732,4/14/2026,1
Product 1209,4/14/2026,1
Product 4312,4/14/2026,1
Product 2271,4/14/2026,2
Product 4313,4/14/2026,1
Product 4314,4/14/2026,1
Product 2954,4/14/2026,1
Product 1001,4/14/2026,1
Product 1715,4/14/2026,1
Product 2754,4/14/2026,1
Product 1953,4/14/2026,1
Product 1904,4/14/2026,1
Product 610,4/14/2026,1
Product 4315,4/14/2026,3
Product 932,4/14/2026,2
Product 133,4/14/2026,1
Product 2183,4/14/2026,1
Product 2524,4/14/2026,2
Product 37,4/14/2026,1
Product 313,4/14/2026,1
Product 2762,4/14/2026,1
Product 4316,4/14/2026,1
Product 2207,4/14/2026,1
Product 4317,4/14/2026,2
Product 23,4/14/2026,1
Product 3373,4/14/2026,2
Product 280,4/14/2026,2
Product 1410,4/14/2026,1
Product 671,4/14/2026,1
Product 2509,4/14/2026,2
Product 325,4/14/2026,1
Product 1759,4/14/2026,2
Product 2773,4/14/2026,1
Product 170,4/14/2026,1
Product 677,4/14/2026,1
Product 79,4/14/2026,5
Product 37,4/14/2026,2
Product 2044,4/14/2026,1
Product 653,4/14/2026,1
Product 1501,4/14/2026,1
Product 4318,4/14/2026,1
Product 426,4/14/2026,1
Product 335,4/14/2026,1
Product 1386,4/14/2026,1
Product 456,4/14/2026,4
Product 100,4/14/2026,1
Product 555,4/14/2026,1
Product 988,4/14/2026,1
Product 3828,4/14/2026,5
Product 755,4/14/2026,2
Product 3640,4/14/2026,2
Product 4319,4/14/2026,1
Product 696,4/14/2026,2
Product 4320,4/14/2026,1
Product 3772,4/14/2026,1
Product 4302,4/14/2026,1
Product 2032,4/14/2026,1
Product 3547,4/14/2026,1
Product 1576,4/14/2026,1
Product 3081,4/14/2026,1
Product 4321,4/14/2026,1
Product 3003,4/14/2026,1
Product 352,4/14/2026,1
Product 4322,4/14/2026,1
Product 4323,4/14/2026,1
Product 2580,4/14/2026,1
Product 336,4/14/2026,2
Product 4324,4/14/2026,1
Product 4067,4/14/2026,1
Product 223,4/14/2026,1
Product 4325,4/14/2026,2
Product 315,4/14/2026,1
Product 3124,4/14/2026,1
Product 1356,4/14/2026,2
Product 1064,4/14/2026,1
Product 4326,4/14/2026,1
Product 3963,4/14/2026,1
Product 4327,4/14/2026,2
Product 1971,4/14/2026,2
Product 1813,4/14/2026,1
Product 596,4/14/2026,1
Product 1816,4/14/2026,1
Product 673,4/14/2026,1
Product 2128,4/14/2026,1
Product 11,4/14/2026,1
Product 3799,4/14/2026,4
Product 717,4/14/2026,4
Product 498,4/14/2026,1
Product 2331,4/14/2026,1
Product 782,4/14/2026,1
Product 1508,4/14/2026,2
Product 275,4/14/2026,6
Product 2796,4/14/2026,1
Product 4328,4/14/2026,1
Product 4329,4/14/2026,1
Product 336,4/14/2026,2
Product 4330,4/14/2026,1
Product 4331,4/14/2026,1
Product 4332,4/14/2026,1
Product 4333,4/14/2026,1
Product 2603,4/14/2026,1
Product 4334,4/14/2026,5
Product 3493,4/14/2026,1
Product 1663,4/14/2026,1
Product 2370,4/14/2026,1
Product 316,4/14/2026,1
Product 183,4/14/2026,1
Product 524,4/14/2026,1
Product 4335,4/14/2026,2
Product 202,4/14/2026,1
Product 4336,4/14/2026,1
Product 982,4/14/2026,1
Product 733,4/14/2026,1
Product 4337,4/14/2026,1
Product 4338,4/14/2026,1
Product 4339,4/14/2026,2
Product 4340,4/14/2026,1
Product 1133,4/14/2026,1
Product 277,4/14/2026,1
Product 3597,4/14/2026,1
Product 2121,4/14/2026,1
Product 1766,4/14/2026,1
Product 984,4/14/2026,1
Product 4300,4/14/2026,1
Product 984,4/14/2026,1
Product 3139,4/14/2026,1
Product 1857,4/14/2026,1
Product 2262,4/13/2026,1
Product 3270,4/13/2026,1
Product 326,4/13/2026,1
Product 2,4/13/2026,1
Product 3846,4/13/2026,2
Product 3640,4/13/2026,1
Product 4341,4/13/2026,2
Product 4342,4/13/2026,1
Product 277,4/13/2026,1
Product 3586,4/13/2026,1
Product 3,4/13/2026,1
Product 6,4/13/2026,1
Product 79,4/13/2026,2
Product 2987,4/13/2026,1
Product 4343,4/13/2026,1
Product 4344,4/13/2026,1
Product 1572,4/13/2026,0
Product 3634,4/13/2026,1
Product 4345,4/13/2026,1
Product 2331,4/13/2026,1
Product 271,4/13/2026,2
Product 509,4/13/2026,2
Product 1529,4/13/2026,1
Product 1280,4/13/2026,1
Product 3289,4/13/2026,1
Product 548,4/13/2026,1
Product 144,4/13/2026,3
Product 551,4/13/2026,1
Product 7,4/13/2026,2
Product 329,4/13/2026,10
Product 788,4/13/2026,1
Product 4346,4/13/2026,1
Product 4347,4/13/2026,1
Product 4348,4/13/2026,1
Product 85,4/13/2026,2
Product 3904,4/13/2026,1
Product 897,4/13/2026,1
Product 4349,4/13/2026,1
Product 343,4/13/2026,2
Product 3262,4/13/2026,1
Product 1034,4/13/2026,1
Product 3472,4/13/2026,1
Product 686,4/13/2026,1
Product 3634,4/13/2026,2
Product 3290,4/13/2026,1
Product 744,4/13/2026,2
Product 1935,4/13/2026,1
Product 2292,4/13/2026,2
Product 963,4/13/2026,2
Product 1240,4/13/2026,1
Product 4308,4/13/2026,2
Product 390,4/13/2026,1
Product 977,4/13/2026,2
Product 4350,4/13/2026,1
Product 2880,4/13/2026,1
Product 2809,4/13/2026,1
Product 208,4/13/2026,1
Product 3838,4/13/2026,2
Product 2355,4/13/2026,1
Product 1819,4/13/2026,1
Product 4351,4/13/2026,1
Product 184,4/13/2026,1
Product 915,4/13/2026,1
Product 2928,4/13/2026,1
Product 4194,4/13/2026,1
Product 337,4/13/2026,2
Product 337,4/13/2026,1
Product 4352,4/13/2026,2
Product 1578,4/13/2026,1
Product 18,4/13/2026,1
Product 364,4/13/2026,1
Product 79,4/13/2026,3
Product 3640,4/13/2026,4
Product 183,4/13/2026,1
Product 858,4/13/2026,5
Product 2622,4/13/2026,1
Product 2395,4/13/2026,2
Product 4353,4/13/2026,1
Product 4354,4/13/2026,2
Product 3159,4/13/2026,1
Product 1999,4/13/2026,1
Product 3668,4/13/2026,1
Product 4355,4/13/2026,1
Product 2908,4/13/2026,1
Product 1624,4/13/2026,1
Product 3547,4/13/2026,5
Product 3999,4/13/2026,1
Product 4356,4/13/2026,1
Product 4357,4/13/2026,1
Product 3693,4/13/2026,1
Product 4358,4/13/2026,1
Product 835,4/13/2026,1
Product 4359,4/13/2026,2
Product 37,4/13/2026,3
Product 4360,4/13/2026,1
Product 4361,4/13/2026,1
Product 4362,4/13/2026,1
Product 4363,4/13/2026,1
Product 3572,4/13/2026,1
Product 4364,4/13/2026,1
Product 2142,4/13/2026,8
Product 3640,4/13/2026,3
Product 3159,4/13/2026,1
Product 3634,4/13/2026,3
Product 4120,4/13/2026,2
Product 2909,4/13/2026,2
Product 4365,4/13/2026,1
Product 365,4/13/2026,1
Product 3602,4/13/2026,1
Product 3124,4/13/2026,1
Product 3061,4/13/2026,1
Product 3161,4/13/2026,1
Product 2702,4/13/2026,1
Product 2477,4/13/2026,1
Product 3692,4/13/2026,1
Product 2147,4/13/2026,1
Product 67,4/13/2026,1
Product 1307,4/13/2026,1
Product 4366,4/13/2026,1
Product 4367,4/13/2026,1
Product 4367,4/13/2026,1
Product 3562,4/13/2026,1
Product 4368,4/13/2026,2
Product 1185,4/13/2026,1
Product 3420,4/13/2026,1
Product 3481,4/13/2026,2
Product 696,4/13/2026,1
Product 571,4/13/2026,3
Product 2432,4/13/2026,1
Product 2333,4/13/2026,1
Product 3224,4/13/2026,1
Product 2038,4/13/2026,1
Product 2039,4/13/2026,1
Product 4369,4/13/2026,1
Product 4370,4/13/2026,1
Product 3189,4/13/2026,1
Product 2931,4/13/2026,1
Product 4371,4/13/2026,1
Product 1325,4/13/2026,1
Product 3547,4/13/2026,1
Product 2658,4/13/2026,1
Product 3660,4/13/2026,1
Product 2715,4/13/2026,1
Product 2625,4/13/2026,1
Product 87,4/13/2026,1
Product 2501,4/13/2026,1
Product 100,4/13/2026,1
Product 4372,4/13/2026,1
Product 2279,4/13/2026,1
Product 3224,4/13/2026,1
Product 2910,4/13/2026,1
Product 121,4/13/2026,1
Product 4373,4/13/2026,1
Product 97,4/13/2026,1
Product 2309,4/13/2026,1
Product 3813,4/13/2026,1
Product 851,4/13/2026,1
Product 2508,4/13/2026,1
Product 130,4/13/2026,1
Product 2749,4/13/2026,1
Product 2642,4/13/2026,1
Product 3859,4/13/2026,1
Product 4374,4/13/2026,1
Product 4375,4/13/2026,1
Product 531,4/13/2026,1
Product 2857,4/13/2026,1
Product 3735,4/13/2026,1
Product 316,4/13/2026,1
Product 4376,4/13/2026,2
Product 1520,4/13/2026,1
Product 953,4/13/2026,1
Product 763,4/13/2026,1
Product 685,4/13/2026,1
Product 1187,4/13/2026,1
Product 4377,4/13/2026,1
Product 4378,4/13/2026,1
Product 131,4/13/2026,1
Product 398,4/13/2026,8
Product 1964,4/13/2026,1
Product 4379,4/13/2026,1
Product 390,4/13/2026,1
Product 4380,4/13/2026,1
Product 246,4/13/2026,1
Product 390,4/13/2026,1
Product 128,4/13/2026,1
Product 2151,4/13/2026,1
Product 97,4/13/2026,1
Product 3547,4/13/2026,1
Product 3282,4/13/2026,1
Product 4381,4/13/2026,1
Product 769,4/13/2026,1
Product 919,4/13/2026,2
Product 4382,4/13/2026,1
Product 4383,4/13/2026,1
Product 392,4/13/2026,2
Product 966,4/13/2026,2
Product 79,4/13/2026,2
Product 2507,4/13/2026,1
Product 315,4/13/2026,1
Product 128,4/13/2026,1
Product 3959,4/13/2026,1
Product 4384,4/13/2026,1
Product 1665,4/13/2026,1
Product 999,4/13/2026,1
Product 1667,4/13/2026,1
Product 3143,4/13/2026,1
Product 321,4/13/2026,1
Product 2473,4/13/2026,1
Product 1477,4/13/2026,1
Product 399,4/13/2026,2
Product 934,4/13/2026,1
Product 928,4/13/2026,1
Product 1372,4/13/2026,1
Product 2195,4/13/2026,1
Product 3450,4/13/2026,1
Product 1262,4/13/2026,1
Product 4385,4/13/2026,1
Product 3572,4/13/2026,2
Product 3209,4/13/2026,1
Product 3470,4/13/2026,1
Product 4106,4/13/2026,1
Product 4386,4/13/2026,1
Product 918,4/13/2026,1
Product 638,4/13/2026,1
Product 581,4/13/2026,1
Product 887,4/13/2026,1
Product 905,4/13/2026,1
Product 4387,4/13/2026,1
Product 4388,4/13/2026,1
Product 4389,4/13/2026,1
Product 4390,4/13/2026,1
Product 419,4/13/2026,1
Product 4391,4/13/2026,1
Product 1712,4/13/2026,1
Product 1935,4/13/2026,1
Product 2102,4/13/2026,1
Product 2970,4/13/2026,1
Product 643,4/13/2026,1
Product 4392,4/13/2026,1
Product 3933,4/13/2026,1
Product 4393,4/13/2026,1
Product 4394,4/13/2026,2
Product 4395,4/13/2026,1
Product 2343,4/13/2026,1
Product 3780,4/13/2026,1
Product 632,4/13/2026,1
Product 652,4/13/2026,1
Product 4396,4/13/2026,1
Product 956,4/13/2026,1
Product 4397,4/13/2026,1
Product 1095,4/13/2026,1
Product 2814,4/13/2026,1
Product 648,4/13/2026,1
Product 4398,4/13/2026,1
Product 79,4/13/2026,3
Product 4399,4/13/2026,1
Product 1612,4/13/2026,1
Product 2928,4/13/2026,2
Product 3124,4/13/2026,1
Product 2237,4/13/2026,1
Product 2045,4/13/2026,1
Product 2095,4/13/2026,1
Product 1853,4/13/2026,1
Product 592,4/13/2026,2
Product 3230,4/13/2026,1
Product 4400,4/13/2026,1
Product 37,4/13/2026,1
Product 258,4/13/2026,2
Product 144,4/13/2026,1
Product 199,4/13/2026,1
Product 4401,4/13/2026,1
Product 144,4/13/2026,1
Product 4402,4/13/2026,0
Product 4403,4/13/2026,1
Product 4404,4/13/2026,1
Product 446,4/13/2026,1
Product 1416,4/13/2026,1
Product 216,4/13/2026,1
Product 447,4/13/2026,2
Product 215,4/13/2026,1
Product 3634,4/13/2026,1
Product 2156,4/13/2026,2
Product 2045,4/13/2026,1
Product 736,4/13/2026,1
Product 4405,4/13/2026,1
Product 349,4/13/2026,2
Product 2106,4/13/2026,1
Product 4406,4/13/2026,1
Product 2257,4/13/2026,3
Product 3663,4/13/2026,1
Product 1773,4/13/2026,1
Product 218,4/13/2026,1
Product 218,4/13/2026,1
Product 4407,4/13/2026,2
Product 1500,4/13/2026,1
Product 4408,4/13/2026,1
Product 696,4/13/2026,1
Product 4409,4/13/2026,1
Product 4410,4/13/2026,1
Product 202,4/13/2026,1
Product 220,4/13/2026,1
Product 1095,4/13/2026,15
Product 4411,4/13/2026,1
Product 2395,4/13/2026,1
Product 3973,4/13/2026,1
Product 2292,4/13/2026,1
Product 657,4/13/2026,1
Product 4412,4/13/2026,1
Product 1119,4/13/2026,1
Product 4413,4/13/2026,1
Product 4414,4/13/2026,1
Product 698,4/13/2026,1
Product 2382,4/13/2026,1
Product 1124,4/13/2026,1
Product 1124,4/13/2026,1
Product 3798,4/13/2026,1
Product 108,4/13/2026,1
Product 815,4/13/2026,1
Product 2331,4/13/2026,2
Product 555,4/13/2026,1
Product 4415,4/13/2026,1
Product 782,4/13/2026,1
Product 4416,4/13/2026,1
Product 689,4/13/2026,1
Product 3921,4/13/2026,2
Product 249,4/13/2026,1
Product 285,4/13/2026,1
Product 2876,4/13/2026,2
Product 1523,4/13/2026,1
Product 193,4/13/2026,0
Product 4417,4/13/2026,1
Product 1530,4/13/2026,1
Product 282,4/13/2026,1
Product 4418,4/13/2026,2
Product 4419,4/13/2026,1
Product 4000,4/13/2026,2
Product 3309,4/13/2026,1
Product 1165,4/13/2026,1
Product 583,4/13/2026,1
Product 3105,4/13/2026,1
Product 952,4/13/2026,1
Product 4087,4/13/2026,1
Product 4088,4/13/2026,1
Product 534,4/13/2026,1
Product 3192,4/13/2026,1
Product 3851,4/13/2026,1
Product 4420,4/13/2026,1
Product 1236,4/13/2026,1
Product 308,4/13/2026,1
Product 648,4/13/2026,1
Product 1711,4/13/2026,1
Product 875,4/13/2026,1
Product 384,4/13/2026,1
Product 4421,4/13/2026,1
Product 1418,4/13/2026,1
Product 773,4/13/2026,2
Product 2096,4/13/2026,1
Product 1289,4/13/2026,1
Product 53,4/13/2026,1
Product 3821,4/13/2026,1
Product 1591,4/13/2026,1
Product 117,4/13/2026,1
Product 4422,4/13/2026,1
Product 4423,4/13/2026,1
Product 2021,4/13/2026,3
Product 4424,4/13/2026,1
Product 4425,4/13/2026,2
Product 61,4/13/2026,1
Product 486,4/13/2026,1
Product 359,4/13/2026,1
Product 1935,4/13/2026,1
Product 4284,4/13/2026,1
Product 1888,4/13/2026,1
Product 435,4/13/2026,1
Product 2400,4/13/2026,1
Product 1537,4/13/2026,1
Product 2791,4/13/2026,1
Product 2129,4/13/2026,1
Product 519,4/13/2026,2
Product 963,4/13/2026,3
Product 258,4/13/2026,2
Product 3133,4/13/2026,2
Product 1,4/12/2026,1
Product 183,4/12/2026,1
Product 326,4/12/2026,1
Product 548,4/12/2026,1
Product 4426,4/12/2026,1
Product 4427,4/12/2026,1
Product 2522,4/12/2026,1
Product 4428,4/12/2026,1
Product 2807,4/12/2026,2
Product 3640,4/12/2026,1
Product 502,4/12/2026,1
Product 717,4/12/2026,1
Product 1927,4/12/2026,2
Product 53,4/12/2026,2
Product 2260,4/12/2026,1
Product 1281,4/12/2026,1
Product 2,4/12/2026,1
Product 545,4/12/2026,1
Product 3,4/12/2026,1
Product 6,4/12/2026,1
Product 7,4/12/2026,7
Product 261,4/12/2026,1
Product 13,4/12/2026,1
Product 785,4/12/2026,2
Product 785,4/12/2026,1
Product 4429,4/12/2026,1
Product 14,4/12/2026,1
Product 14,4/12/2026,1
Product 786,4/12/2026,2
Product 2872,4/12/2026,1
Product 543,4/12/2026,1
Product 788,4/12/2026,1
Product 79,4/12/2026,3
Product 249,4/12/2026,2
Product 516,4/12/2026,1
Product 4430,4/12/2026,1
Product 2535,4/12/2026,1
Product 4431,4/12/2026,1
Product 3643,4/12/2026,2
Product 1257,4/12/2026,1
Product 296,4/12/2026,1
Product 1231,4/12/2026,1
Product 79,4/12/2026,2
Product 2377,4/12/2026,1
Product 4432,4/12/2026,1
Product 10,4/12/2026,1
Product 2864,4/12/2026,1
Product 4433,4/12/2026,1
Product 2915,4/12/2026,1
Product 493,4/12/2026,1
Product 333,4/12/2026,1
Product 364,4/12/2026,2
Product 1889,4/12/2026,1
Product 4434,4/12/2026,2
Product 2662,4/12/2026,1
Product 31,4/12/2026,1
Product 4435,4/12/2026,1
Product 4436,4/12/2026,1
Product 4437,4/12/2026,1
Product 2814,4/12/2026,1
Product 3547,4/12/2026,1
Product 1135,4/12/2026,1
Product 170,4/12/2026,1
Product 1094,4/12/2026,2
Product 689,4/12/2026,1
Product 4438,4/12/2026,1
Product 4439,4/12/2026,1
Product 85,4/12/2026,1
Product 453,4/12/2026,1
Product 1135,4/12/2026,1
Product 3077,4/12/2026,1
Product 918,4/12/2026,1
Product 488,4/12/2026,1
Product 1772,4/12/2026,1
Product 337,4/12/2026,1
Product 959,4/12/2026,3
Product 798,4/12/2026,1
Product 1584,4/12/2026,1
Product 1176,4/12/2026,1
Product 4440,4/12/2026,1
Product 1253,4/12/2026,1
Product 1266,4/12/2026,2
Product 2487,4/12/2026,3
Product 37,4/12/2026,5
Product 2076,4/12/2026,1
Product 3266,4/12/2026,2
Product 915,4/12/2026,1
Product 4441,4/12/2026,6
Product 491,4/12/2026,2
Product 4348,4/12/2026,1
Product 4442,4/12/2026,1
Product 4443,4/12/2026,1
Product 1254,4/12/2026,1
Product 2905,4/12/2026,1
Product 3799,4/12/2026,1
Product 33,4/12/2026,1
Product 781,4/12/2026,1
Product 279,4/12/2026,2
Product 4444,4/12/2026,1
Product 3303,4/12/2026,1
Product 1628,4/12/2026,1
Product 294,4/12/2026,2
Product 202,4/12/2026,1
Product 823,4/12/2026,1
Product 44,4/12/2026,1
Product 2617,4/12/2026,1
Product 4445,4/12/2026,1
Product 4352,4/12/2026,1
Product 1272,4/12/2026,1
Product 614,4/12/2026,1
Product 79,4/12/2026,3
Product 3547,4/12/2026,1
Product 4446,4/12/2026,1
Product 302,4/12/2026,1
Product 1681,4/12/2026,1
Product 4447,4/12/2026,1
Product 4448,4/12/2026,4
Product 44,4/12/2026,1
Product 696,4/12/2026,3
Product 1525,4/12/2026,4
Product 314,4/12/2026,4
Product 4449,4/12/2026,1
Product 2296,4/12/2026,1
Product 4450,4/12/2026,1
Product 4451,4/12/2026,0
Product 2908,4/12/2026,1
Product 1294,4/12/2026,1
Product 4452,4/12/2026,1
Product 4294,4/12/2026,1
Product 4453,4/12/2026,1
Product 4454,4/12/2026,1
Product 524,4/12/2026,1
Product 1624,4/12/2026,1
Product 4455,4/12/2026,1
Product 2450,4/12/2026,1
Product 2919,4/12/2026,1
Product 2474,4/12/2026,2
Product 2479,4/12/2026,4
Product 570,4/12/2026,4
Product 380,4/12/2026,2
Product 3124,4/12/2026,3
Product 616,4/12/2026,1
Product 4456,4/12/2026,1
Product 809,4/12/2026,1
Product 1305,4/12/2026,1
Product 2103,4/12/2026,1
Product 4457,4/12/2026,2
Product 4458,4/12/2026,1
Product 4459,4/12/2026,1
Product 1913,4/12/2026,1
Product 2292,4/12/2026,1
Product 4460,4/12/2026,1
Product 2154,4/12/2026,1
Product 87,4/12/2026,1
Product 4461,4/12/2026,1
Product 2713,4/12/2026,1
Product 4462,4/12/2026,1
Product 3547,4/12/2026,1
Product 4463,4/12/2026,1
Product 4464,4/12/2026,1
Product 1524,4/12/2026,1
Product 2588,4/12/2026,1
Product 2078,4/12/2026,1
Product 4465,4/12/2026,1
Product 28,4/12/2026,1
Product 795,4/12/2026,3
Product 1192,4/12/2026,1
Product 4466,4/12/2026,1
Product 956,4/12/2026,1
Product 4467,4/12/2026,1
Product 958,4/12/2026,1
Product 1644,4/12/2026,1
Product 2306,4/12/2026,1
Product 582,4/12/2026,1
Product 85,4/12/2026,2
Product 4468,4/12/2026,1
Product 300,4/12/2026,3
Product 1937,4/12/2026,1
Product 3568,4/12/2026,1
Product 3640,4/12/2026,2
Product 4469,4/12/2026,1
Product 3362,4/12/2026,1
Product 3947,4/12/2026,1
Product 762,4/12/2026,1
Product 300,4/12/2026,2
Product 4470,4/12/2026,1
Product 4471,4/12/2026,1
Product 4472,4/12/2026,1
Product 4473,4/12/2026,1
Product 367,4/12/2026,1
Product 966,4/12/2026,1
Product 2270,4/12/2026,1
Product 370,4/12/2026,1
Product 4474,4/12/2026,1
Product 3854,4/12/2026,1
Product 3298,4/12/2026,1
Product 877,4/12/2026,1
Product 4475,4/12/2026,4
Product 696,4/12/2026,1
Product 1920,4/12/2026,1
Product 4476,4/12/2026,1
Product 4477,4/12/2026,2
Product 4478,4/12/2026,0
Product 392,4/12/2026,0
Product 3995,4/12/2026,1
Product 1972,4/12/2026,1
Product 2744,4/12/2026,1
Product 4380,4/12/2026,1
Product 2500,4/12/2026,1
Product 696,4/12/2026,1
Product 3190,4/12/2026,1
Product 4210,4/12/2026,2
Product 4479,4/12/2026,4
Product 916,4/12/2026,1
Product 1923,4/12/2026,1
Product 4480,4/12/2026,-1
Product 3721,4/12/2026,2
Product 2891,4/12/2026,1
Product 3724,4/12/2026,1
Product 1585,4/12/2026,1
Product 402,4/12/2026,1
Product 4481,4/12/2026,1
Product 37,4/12/2026,2
Product 3113,4/12/2026,1
Product 3634,4/12/2026,1
Product 495,4/12/2026,1
Product 2461,4/12/2026,1
Product 3207,4/12/2026,1
Product 427,4/12/2026,1
Product 308,4/12/2026,1
Product 2244,4/12/2026,1
Product 4306,4/12/2026,1
Product 966,4/12/2026,1
Product 1324,4/12/2026,1
Product 1816,4/12/2026,1
Product 1998,4/12/2026,1
Product 3877,4/12/2026,2
Product 210,4/12/2026,1
Product 2180,4/12/2026,1
Product 1094,4/12/2026,1
Product 1146,4/12/2026,2
Product 4482,4/12/2026,1
Product 4278,4/12/2026,1
Product 2332,4/12/2026,1
Product 3100,4/12/2026,1
Product 4483,4/12/2026,1
Product 1296,4/12/2026,1
Product 4484,4/12/2026,2
Product 4485,4/12/2026,1
Product 544,4/12/2026,1
Product 2507,4/12/2026,1
Product 3503,4/12/2026,1
Product 2507,4/12/2026,1
Product 2050,4/12/2026,1
Product 1221,4/12/2026,2
Product 2333,4/12/2026,1
Product 1332,4/12/2026,1
Product 790,4/12/2026,1
Product 399,4/12/2026,1
Product 2189,4/12/2026,1
Product 928,4/12/2026,1
Product 1378,4/12/2026,1
Product 3729,4/12/2026,1
Product 1360,4/12/2026,1
Product 4486,4/12/2026,1
Product 147,4/12/2026,1
Product 619,4/12/2026,1
Product 1956,4/12/2026,1
Product 3634,4/12/2026,1
Product 2593,4/12/2026,1
Product 489,4/12/2026,2
Product 1518,4/12/2026,2
Product 1905,4/12/2026,1
Product 3671,4/12/2026,1
Product 1122,4/12/2026,1
Product 400,4/12/2026,1
Product 4487,4/12/2026,1
Product 621,4/12/2026,1
Product 4488,4/12/2026,1
Product 4489,4/12/2026,1
Product 3449,4/12/2026,1
Product 4490,4/12/2026,1
Product 4491,4/12/2026,1
Product 4492,4/12/2026,2
Product 4493,4/12/2026,4
Product 2634,4/12/2026,1
Product 3224,4/12/2026,2
Product 2660,4/12/2026,1
Product 97,4/12/2026,1
Product 3249,4/12/2026,1
Product 183,4/12/2026,1
Product 53,4/12/2026,1
Product 2960,4/12/2026,1
Product 2397,4/12/2026,1
Product 1366,4/12/2026,1
Product 2200,4/12/2026,1
Product 4494,4/12/2026,1
Product 3778,4/12/2026,3
Product 3922,4/12/2026,1
Product 2015,4/12/2026,1
Product 2975,4/12/2026,1
Product 638,4/12/2026,1
Product 1529,4/12/2026,1
Product 3825,4/12/2026,1
Product 4495,4/12/2026,1
Product 403,4/12/2026,1
Product 1410,4/12/2026,1
Product 4496,4/12/2026,1
Product 4497,4/12/2026,2
Product 1611,4/12/2026,1
Product 246,4/12/2026,1
Product 689,4/12/2026,2
Product 2773,4/12/2026,2
Product 1274,4/12/2026,1
Product 2706,4/12/2026,1
Product 1477,4/12/2026,1
Product 963,4/12/2026,1
Product 2536,4/12/2026,1
Product 1551,4/12/2026,1
Product 446,4/12/2026,1
Product 865,4/12/2026,1
Product 4498,4/12/2026,1
Product 2975,4/12/2026,1
Product 696,4/12/2026,1
Product 4499,4/12/2026,1
Product 2264,4/12/2026,1
Product 359,4/12/2026,1
Product 286,4/12/2026,2
Product 2082,4/12/2026,2
Product 4500,4/12/2026,2
Product 3227,4/12/2026,1
Product 3653,4/12/2026,1
Product 2086,4/12/2026,1
Product 872,4/12/2026,1
Product 2622,4/12/2026,1
Product 3735,4/12/2026,2
Product 4501,4/12/2026,1
Product 37,4/12/2026,1
Product 2418,4/12/2026,1
Product 2261,4/12/2026,2
Product 72,4/12/2026,2
Product 37,4/12/2026,2
Product 4502,4/12/2026,1
Product 2839,4/12/2026,1
Product 4503,4/12/2026,1
Product 2967,4/12/2026,1
Product 3112,4/12/2026,1
Product 3640,4/12/2026,1
Product 4262,4/12/2026,1
Product 442,4/12/2026,1
Product 1494,4/12/2026,2
Product 1501,4/12/2026,1
Product 2573,4/12/2026,1
Product 1842,4/12/2026,1
Product 1711,4/12/2026,1
Product 2094,4/12/2026,1
Product 144,4/12/2026,1
Product 502,4/12/2026,1
Product 280,4/12/2026,1
Product 2991,4/12/2026,1
Product 217,4/12/2026,1
Product 4504,4/12/2026,1
Product 2782,4/12/2026,1
Product 3547,4/12/2026,1
Product 3406,4/12/2026,1
Product 2328,4/12/2026,1
Product 2630,4/12/2026,5
Product 4073,4/12/2026,6
Product 710,4/12/2026,1
Product 1142,4/12/2026,1
Product 1170,4/12/2026,2
Product 4505,4/12/2026,1
Product 4506,4/12/2026,2
Product 858,4/12/2026,1
Product 116,4/12/2026,1
Product 4507,4/12/2026,1
Product 4508,4/12/2026,1
Product 4252,4/12/2026,1
Product 249,4/12/2026,2
Product 4509,4/12/2026,1
Product 222,4/12/2026,1
Product 4510,4/12/2026,1
Product 3767,4/12/2026,1
Product 4511,4/12/2026,1
Product 80,4/12/2026,2
Product 550,4/12/2026,1
Product 4512,4/12/2026,1
Product 1095,4/12/2026,1
Product 4513,4/12/2026,1
Product 915,4/12/2026,1
Product 491,4/12/2026,1
Product 3264,4/12/2026,1
Product 2263,4/12/2026,1
Product 4514,4/12/2026,1
Product 3617,4/12/2026,1
Product 1134,4/12/2026,1
Product 4515,4/12/2026,1
Product 712,4/12/2026,3
Product 65,4/12/2026,1
Product 1691,4/12/2026,2
Product 4516,4/12/2026,1
Product 4517,4/12/2026,2
Product 4518,4/12/2026,1
Product 4519,4/12/2026,1
Product 4520,4/12/2026,1
Product 661,4/12/2026,1
Product 103,4/12/2026,1
Product 1094,4/12/2026,1
Product 244,4/12/2026,1
Product 184,4/12/2026,1
Product 4115,4/12/2026,1
Product 4521,4/12/2026,1
Product 693,4/12/2026,1
Product 4269,4/12/2026,1
Product 3774,4/12/2026,1
Product 4522,4/12/2026,1
Product 3634,4/12/2026,2
Product 4523,4/12/2026,1
Product 2019,4/12/2026,1
Product 4524,4/12/2026,1
Product 11,4/12/2026,1
Product 3974,4/12/2026,1
Product 4525,4/12/2026,1
Product 112,4/12/2026,1
Product 2127,4/12/2026,1
Product 2676,4/12/2026,1
Product 1170,4/12/2026,1
Product 4526,4/12/2026,0
Product 661,4/12/2026,1
Product 4527,4/12/2026,1
Product 1121,4/12/2026,1
Product 4094,4/12/2026,1
Product 2595,4/12/2026,1
Product 251,4/12/2026,1
Product 2526,4/12/2026,1
Product 2065,4/12/2026,1
Product 2834,4/12/2026,1
Product 108,4/12/2026,1
Product 2439,4/12/2026,1
Product 3372,4/12/2026,1
Product 782,4/12/2026,2
Product 2141,4/12/2026,2
Product 501,4/12/2026,1
Product 274,4/12/2026,1
Product 504,4/12/2026,1
Product 65,4/12/2026,1
Product 1824,4/12/2026,1
Product 2351,4/12/2026,1
Product 2152,4/12/2026,1
Product 2045,4/12/2026,1
Product 718,4/12/2026,1
Product 3800,4/12/2026,1
Product 719,4/12/2026,1
Product 503,4/12/2026,1
Product 249,4/12/2026,1
Product 2625,4/12/2026,1
Product 1858,4/12/2026,1
Product 266,4/12/2026,2
Product 280,4/12/2026,1
Product 507,4/12/2026,1
Product 1104,4/12/2026,1
Product 818,4/12/2026,1
Product 818,4/12/2026,1
Product 300,4/12/2026,1
Product 509,4/12/2026,2
Product 3376,4/12/2026,1
Product 4528,4/12/2026,1
Product 4529,4/12/2026,1
Product 4530,4/12/2026,1
Product 2194,4/12/2026,1
Product 728,4/12/2026,1
Product 2082,4/12/2026,1
Product 2191,4/12/2026,1
Product 4531,4/12/2026,1
Product 4191,4/12/2026,1
Product 4532,4/12/2026,1
Product 4414,4/12/2026,1
Product 1038,4/12/2026,1
Product 4086,4/12/2026,1
Product 4533,4/12/2026,2
Product 1978,4/12/2026,1
Product 4441,4/12/2026,1
Product 4534,4/12/2026,1
Product 300,4/12/2026,1
Product 665,4/12/2026,1
Product 486,4/12/2026,2
Product 524,4/12/2026,1
Product 536,4/12/2026,1
Product 1133,4/12/2026,1
Product 4535,4/12/2026,1
Product 1545,4/12/2026,1
Product 2724,4/12/2026,1
Product 3039,4/12/2026,1
Product 1850,4/12/2026,1
Product 2860,4/12/2026,1
Product 536,4/12/2026,1
Product 1114,4/12/2026,1
Product 1614,4/12/2026,1
Product 4536,4/12/2026,1
Product 3192,4/12/2026,1
Product 2045,4/12/2026,1
Product 3509,4/12/2026,1
Product 648,4/12/2026,1
Product 3775,4/12/2026,1
Product 858,4/12/2026,3
Product 1543,4/12/2026,1
Product 2258,4/12/2026,1
Product 313,4/12/2026,2
Product 739,4/12/2026,1
Product 314,4/12/2026,2
Product 955,4/12/2026,1
Product 955,4/12/2026,1
Product 4537,4/12/2026,1
Product 538,4/12/2026,1
Product 3052,4/12/2026,3
Product 1046,4/12/2026,1
Product 616,4/12/2026,1
Product 1547,4/12/2026,1
Product 1189,4/12/2026,1
Product 1247,4/12/2026,1
Product 985,4/12/2026,1
Product 2185,4/12/2026,1
Product 316,4/12/2026,1
Product 2257,4/12/2026,1
Product 4396,4/12/2026,1
Product 1194,4/12/2026,1
Product 519,4/12/2026,1
Product 3269,4/11/2026,1
Product 1248,4/11/2026,1
Product 79,4/11/2026,1
Product 3224,4/11/2026,2
Product 3629,4/11/2026,1
Product 2476,4/11/2026,1
Product 1,4/11/2026,1
Product 326,4/11/2026,1
Product 326,4/11/2026,1
Product 2,4/11/2026,1
Product 3,4/11/2026,1
Product 6,4/11/2026,1
Product 4538,4/11/2026,1
Product 1548,4/11/2026,1
Product 6,4/11/2026,1
Product 1372,4/11/2026,1
Product 375,4/11/2026,1
Product 1378,4/11/2026,1
Product 4539,4/11/2026,1
Product 2942,4/11/2026,3
Product 3602,4/11/2026,1
Product 3382,4/11/2026,1
Product 6,4/11/2026,2
Product 548,4/11/2026,1
Product 551,4/11/2026,1
Product 2142,4/11/2026,1
Product 2107,4/11/2026,1
Product 7,4/11/2026,2
Product 2288,4/11/2026,11
Product 823,4/11/2026,1
Product 4540,4/11/2026,1
Product 2463,4/11/2026,1
Product 8,4/11/2026,1
Product 3692,4/11/2026,1
Product 874,4/11/2026,4
Product 876,4/11/2026,2
Product 3701,4/11/2026,1
Product 1271,4/11/2026,1
Product 79,4/11/2026,1
Product 4541,4/11/2026,1
Product 3658,4/11/2026,1
Product 246,4/11/2026,1
Product 3248,4/11/2026,1
Product 456,4/11/2026,2
Product 1766,4/11/2026,1
Product 4391,4/11/2026,1
Product 2292,4/11/2026,1
Product 329,4/11/2026,1
Product 14,4/11/2026,3
Product 14,4/11/2026,1
Product 330,4/11/2026,1
Product 79,4/11/2026,7
Product 4542,4/11/2026,1
Product 1437,4/11/2026,1
Product 1473,4/11/2026,1
Product 4543,4/11/2026,1
Product 3182,4/11/2026,1
Product 3679,4/11/2026,1
Product 66,4/11/2026,1
Product 4544,4/11/2026,1
Product 330,4/11/2026,1
Product 4545,4/11/2026,1
Product 1872,4/11/2026,1
Product 331,4/11/2026,1
Product 4546,4/11/2026,1
Product 1624,4/11/2026,2
Product 1625,4/11/2026,2
Product 4547,4/11/2026,1
Product 1231,4/11/2026,1
Product 3652,4/11/2026,1
Product 73,4/11/2026,2
Product 4548,4/11/2026,1
Product 4549,4/11/2026,1
Product 3124,4/11/2026,3
Product 1139,4/11/2026,1
Product 1545,4/11/2026,1
Product 319,4/11/2026,1
Product 4433,4/11/2026,1
Product 2426,4/11/2026,1
Product 509,4/11/2026,1
Product 556,4/11/2026,1
Product 20,4/11/2026,2
Product 4550,4/11/2026,1
Product 3547,4/11/2026,2
Product 4551,4/11/2026,1
Product 3891,4/11/2026,1
Product 556,4/11/2026,1
Product 639,4/11/2026,1
Product 337,4/11/2026,1
Product 4552,4/11/2026,1
Product 1643,4/11/2026,1
Product 1538,4/11/2026,1
Product 1245,4/11/2026,1
Product 375,4/11/2026,1
Product 1022,4/11/2026,1
Product 2975,4/11/2026,1
Product 4262,4/11/2026,1
Product 2752,4/11/2026,1
Product 3634,4/11/2026,1
Product 1500,4/11/2026,4
Product 713,4/11/2026,2
Product 3807,4/11/2026,1
Product 414,4/11/2026,1
Product 1236,4/11/2026,1
Product 2287,4/11/2026,1
Product 798,4/11/2026,1
Product 1584,4/11/2026,3
Product 3124,4/11/2026,1
Product 3422,4/11/2026,1
Product 300,4/11/2026,2
Product 1251,4/11/2026,1
Product 4553,4/11/2026,1
Product 804,4/11/2026,1
Product 4554,4/11/2026,1
Product 805,4/11/2026,1
Product 4216,4/11/2026,1
Product 2059,4/11/2026,1
Product 542,4/11/2026,2
Product 1046,4/11/2026,1
Product 4555,4/11/2026,1
Product 495,4/11/2026,1
Product 338,4/11/2026,1
Product 2622,4/11/2026,1
Product 338,4/11/2026,1
Product 3967,4/11/2026,1
Product 2351,4/11/2026,3
Product 3255,4/11/2026,1
Product 1935,4/11/2026,1
Product 1681,4/11/2026,1
Product 4348,4/11/2026,1
Product 4293,4/11/2026,1
Product 364,4/11/2026,1
Product 3060,4/11/2026,1
Product 152,4/11/2026,1
Product 31,4/11/2026,1
Product 1309,4/11/2026,3
Product 4556,4/11/2026,1
Product 274,4/11/2026,1
Product 4557,4/11/2026,1
Product 4558,4/11/2026,1
Product 2541,4/11/2026,1
Product 314,4/11/2026,2
Product 2664,4/11/2026,1
Product 2665,4/11/2026,1
Product 819,4/11/2026,1
Product 4559,4/11/2026,2
Product 199,4/11/2026,1
Product 4560,4/11/2026,1
Product 956,4/11/2026,2
Product 35,4/11/2026,1
Product 4561,4/11/2026,1
Product 3124,4/11/2026,1
Product 1875,4/11/2026,2
Product 4037,4/11/2026,2
Product 4294,4/11/2026,1
Product 2960,4/11/2026,1
Product 4562,4/11/2026,1
Product 2809,4/11/2026,1
Product 4454,4/11/2026,1
Product 571,4/11/2026,3
Product 1779,4/11/2026,1
Product 3547,4/11/2026,1
Product 3675,4/11/2026,1
Product 1504,4/11/2026,1
Product 4240,4/11/2026,1
Product 2614,4/11/2026,2
Product 2541,4/11/2026,1
Product 3381,4/11/2026,1
Product 4563,4/11/2026,2
Product 3506,4/11/2026,2
Product 1070,4/11/2026,1
Product 45,4/11/2026,1
Product 1559,4/11/2026,1
Product 4564,4/11/2026,1
Product 3547,4/11/2026,1
Product 4565,4/11/2026,1
Product 4367,4/11/2026,1
Product 37,4/11/2026,2
Product 3003,4/11/2026,1
Product 4566,4/11/2026,1
Product 3634,4/11/2026,1
Product 4567,4/11/2026,1
Product 4025,4/11/2026,1
Product 3105,4/11/2026,1
Product 3406,4/11/2026,1
Product 314,4/11/2026,2
Product 2463,4/11/2026,1
Product 3064,4/11/2026,1
Product 4568,4/11/2026,2
Product 4569,4/11/2026,1
Product 8,4/11/2026,1
Product 144,4/11/2026,2
Product 569,4/11/2026,1
Product 102,4/11/2026,1
Product 2180,4/11/2026,1
Product 2921,4/11/2026,1
Product 576,4/11/2026,1
Product 3224,4/11/2026,1
Product 3072,4/11/2026,1
Product 892,4/11/2026,1
Product 2848,4/11/2026,1
Product 2084,4/11/2026,1
Product 1154,4/11/2026,1
Product 4570,4/11/2026,1
Product 4571,4/11/2026,1
Product 3037,4/11/2026,1
Product 1127,4/11/2026,1
Product 1128,4/11/2026,1
Product 510,4/11/2026,1
Product 1307,4/11/2026,1
Product 730,4/11/2026,1
Product 2794,4/11/2026,1
Product 1446,4/11/2026,1
Product 1591,4/11/2026,1
Product 478,4/11/2026,1
Product 2915,4/11/2026,2
Product 2568,4/11/2026,2
Product 3547,4/11/2026,1
Product 4572,4/11/2026,1
Product 1489,4/11/2026,4
Product 2915,4/11/2026,1
Product 4321,4/11/2026,1
Product 4573,4/11/2026,1
Product 4574,4/11/2026,1
Product 4575,4/11/2026,1
Product 4576,4/11/2026,1
Product 219,4/11/2026,1
Product 4577,4/11/2026,1
Product 366,4/11/2026,1
Product 79,4/11/2026,4
Product 4578,4/11/2026,2
Product 2931,4/11/2026,1
Product 4579,4/11/2026,1
Product 1271,4/11/2026,1
Product 4580,4/11/2026,1
Product 4581,4/11/2026,1
Product 453,4/11/2026,1
Product 246,4/11/2026,1
Product 2492,4/11/2026,1
Product 2777,4/11/2026,1
Product 994,4/11/2026,1
Product 4582,4/11/2026,1
Product 1703,4/11/2026,1
Product 1593,4/11/2026,1
Product 1244,4/11/2026,2
Product 249,4/11/2026,2
Product 4583,4/11/2026,1
Product 2522,4/11/2026,1
Product 4584,4/11/2026,1
Product 673,4/11/2026,1
Product 457,4/11/2026,2
Product 829,4/11/2026,1
Product 4238,4/11/2026,1
Product 2540,4/11/2026,1
Product 3873,4/11/2026,1
Product 4585,4/11/2026,1
Product 257,4/11/2026,1
Product 300,4/11/2026,1
Product 2292,4/11/2026,1
Product 87,4/11/2026,1
Product 4244,4/11/2026,1
Product 3907,4/11/2026,1
Product 4586,4/11/2026,1
Product 817,4/11/2026,1
Product 4587,4/11/2026,1
Product 3720,4/11/2026,1
Product 3585,4/11/2026,1
Product 2313,4/11/2026,1
Product 4588,4/11/2026,1
Product 2944,4/11/2026,1
Product 614,4/11/2026,1
Product 2003,4/11/2026,1
Product 503,4/11/2026,2
Product 249,4/11/2026,2
Product 2733,4/11/2026,1
Product 4589,4/11/2026,1
Product 4590,4/11/2026,1
Product 2917,4/11/2026,2
Product 1972,4/11/2026,1
Product 921,4/11/2026,1
Product 2952,4/11/2026,1
Product 1959,4/11/2026,2
Product 1244,4/11/2026,2
Product 249,4/11/2026,2
Product 4590,4/11/2026,1
Product 3313,4/11/2026,1
Product 4591,4/11/2026,1
Product 1968,4/11/2026,1
Product 2518,4/11/2026,1
Product 1951,4/11/2026,2
Product 1668,4/11/2026,1
Product 1377,4/11/2026,1
Product 1772,4/11/2026,2
Product 1854,4/11/2026,1
Product 2519,4/11/2026,1
Product 413,4/11/2026,1
Product 618,4/11/2026,1
Product 3142,4/11/2026,2
Product 1964,4/11/2026,1
Product 4592,4/11/2026,1
Product 4593,4/11/2026,2
Product 4594,4/11/2026,1
Product 4441,4/11/2026,1
Product 1693,4/11/2026,1
Product 1968,4/11/2026,1
Product 921,4/11/2026,1
Product 1989,4/11/2026,4
Product 132,4/11/2026,4
Product 4595,4/11/2026,1
Product 4596,4/11/2026,1
Product 1338,4/11/2026,3
Product 611,4/11/2026,1
Product 71,4/11/2026,1
Product 945,4/11/2026,1
Product 4597,4/11/2026,2
Product 4598,4/11/2026,2
Product 1702,4/11/2026,1
Product 614,4/11/2026,2
Product 4599,4/11/2026,1
Product 935,4/11/2026,2
Product 936,4/11/2026,1
Product 4600,4/11/2026,1
Product 397,4/11/2026,2
Product 4601,4/11/2026,2
Product 3965,4/11/2026,1
Product 2269,4/11/2026,1
Product 4602,4/11/2026,1
Product 3981,4/11/2026,1
Product 4603,4/11/2026,1
Product 4275,4/11/2026,1
Product 2271,4/11/2026,1
Product 2189,4/11/2026,1
Product 1409,4/11/2026,2
Product 1420,4/11/2026,1
Product 4604,4/11/2026,1
Product 3683,4/11/2026,1
Product 2188,4/11/2026,1
Product 4605,4/11/2026,1
Product 1124,4/11/2026,1
Product 1369,4/11/2026,2
Product 140,4/11/2026,2
Product 133,4/11/2026,4
Product 1717,4/11/2026,2
Product 2750,4/11/2026,3
Product 1004,4/11/2026,3
Product 1988,4/11/2026,1
Product 68,4/11/2026,1
Product 925,4/11/2026,1
Product 1714,4/11/2026,1
Product 3583,4/11/2026,1
Product 1668,4/11/2026,1
Product 1377,4/11/2026,1
Product 1372,4/11/2026,1
Product 2109,4/11/2026,1
Product 940,4/11/2026,1
Product 1957,4/11/2026,1
Product 4606,4/11/2026,1
Product 3323,4/11/2026,1
Product 4607,4/11/2026,1
Product 923,4/11/2026,1
Product 1361,4/11/2026,1
Product 1760,4/11/2026,1
Product 1989,4/11/2026,1
Product 3729,4/11/2026,1
Product 3087,4/11/2026,1
Product 937,4/11/2026,1
Product 1704,4/11/2026,1
Product 2109,4/11/2026,1
Product 147,4/11/2026,1
Product 1371,4/11/2026,1
Product 936,4/11/2026,1
Product 682,4/11/2026,1
Product 4608,4/11/2026,4
Product 4609,4/11/2026,1
Product 97,4/11/2026,1
Product 3422,4/11/2026,2
Product 4110,4/11/2026,1
Product 154,4/11/2026,1
Product 1725,4/11/2026,1
Product 775,4/11/2026,1
Product 97,4/11/2026,1
Product 4610,4/11/2026,1
Product 37,4/11/2026,3
Product 4611,4/11/2026,1
Product 3634,4/11/2026,1
Product 4612,4/11/2026,1
Product 1628,4/11/2026,1
Product 3381,4/11/2026,1
Product 4613,4/11/2026,1
Product 2762,4/11/2026,1
Product 1403,4/11/2026,1
Product 4614,4/11/2026,2
Product 4612,4/11/2026,1
Product 4162,4/11/2026,2
Product 591,4/11/2026,1
Product 2966,4/11/2026,1
Product 4615,4/11/2026,2
Product 4032,4/11/2026,1
Product 3219,4/11/2026,1
Product 2338,4/11/2026,2
Product 4616,4/11/2026,1
Product 1420,4/11/2026,1
Product 4074,4/11/2026,1
Product 4617,4/11/2026,1
Product 2923,4/11/2026,1
Product 1094,4/11/2026,1
Product 2141,4/11/2026,2
Product 135,4/11/2026,2
Product 2537,4/11/2026,1
Product 4618,4/11/2026,1
Product 1401,4/11/2026,1
Product 2365,4/11/2026,1
Product 4619,4/11/2026,1
Product 4620,4/11/2026,1
Product 3547,4/11/2026,1
Product 58,4/11/2026,1
Product 4621,4/11/2026,1
Product 4622,4/11/2026,1
Product 4623,4/11/2026,1
Product 4624,4/11/2026,1
Product 79,4/11/2026,1
Product 477,4/11/2026,1
Product 3555,4/11/2026,1
Product 3289,4/11/2026,1
Product 4625,4/11/2026,1
Product 305,4/11/2026,1
Product 2397,4/11/2026,1
Product 3256,4/11/2026,2
Product 196,4/11/2026,1
Product 1213,4/11/2026,1
Product 1755,4/11/2026,1
Product 4626,4/11/2026,2
Product 3914,4/11/2026,1
Product 4627,4/11/2026,1
Product 4628,4/11/2026,1
Product 3124,4/11/2026,1
Product 4629,4/11/2026,1
Product 4630,4/11/2026,1
Product 667,4/11/2026,1
Product 4631,4/11/2026,1
Product 4632,4/11/2026,1
Product 4633,4/11/2026,4
Product 37,4/11/2026,2
Product 4634,4/11/2026,1
Product 1755,4/11/2026,1
Product 696,4/11/2026,1
Product 1821,4/11/2026,1
Product 4635,4/11/2026,1
Product 2839,4/11/2026,2
Product 315,4/11/2026,1
Product 2655,4/11/2026,2
Product 987,4/11/2026,2
Product 2591,4/11/2026,1
Product 2658,4/11/2026,1
Product 37,4/11/2026,1
Product 209,4/11/2026,3
Product 2375,4/11/2026,2
Product 1813,4/11/2026,1
Product 497,4/11/2026,3
Product 1234,4/11/2026,1
Product 1064,4/11/2026,3
Product 2967,4/11/2026,1
Product 615,4/11/2026,1
Product 4636,4/11/2026,1
Product 144,4/11/2026,1
Product 4637,4/11/2026,1
Product 2886,4/11/2026,1
Product 754,4/11/2026,1
Product 2539,4/11/2026,1
Product 531,4/11/2026,1
Product 2362,4/11/2026,1
Product 1497,4/11/2026,1
Product 4638,4/11/2026,1
Product 4639,4/11/2026,1
Product 1238,4/11/2026,1
Product 4640,4/11/2026,1
Product 1103,4/11/2026,1
Product 3766,4/11/2026,1
Product 225,4/11/2026,1
Product 3879,4/11/2026,1
Product 3479,4/11/2026,2
Product 4641,4/11/2026,1
Product 4642,4/11/2026,2
Product 2042,4/11/2026,3
Product 2160,4/11/2026,1
Product 1095,4/11/2026,1
Product 2510,4/11/2026,1
Product 3234,4/11/2026,1
Product 1417,4/11/2026,1
Product 2263,4/11/2026,2
Product 648,4/11/2026,4
Product 463,4/11/2026,1
Product 4643,4/11/2026,1
Product 4644,4/11/2026,1
Product 4645,4/11/2026,1
Product 4646,4/11/2026,1
Product 4335,4/11/2026,1
Product 184,4/11/2026,1
Product 2044,4/11/2026,1
Product 2813,4/11/2026,1
Product 2162,4/11/2026,1
Product 3004,4/11/2026,1
Product 1088,4/11/2026,1
Product 969,4/11/2026,1
Product 502,4/11/2026,1
Product 4647,4/11/2026,2
Product 4648,4/11/2026,2
Product 4649,4/11/2026,1
Product 4243,4/11/2026,1
Product 4650,4/11/2026,2
Product 1078,4/11/2026,4
Product 4651,4/11/2026,1
Product 2161,4/11/2026,20
Product 1818,4/11/2026,1
Product 3003,4/11/2026,1
Product 1214,4/11/2026,1
Product 4652,4/11/2026,1
Product 3775,4/11/2026,1
Product 491,4/11/2026,1
Product 4653,4/11/2026,1
Product 2820,4/11/2026,1
Product 4362,4/11/2026,1
Product 3776,4/11/2026,1
Product 4324,4/11/2026,1
Product 469,4/11/2026,1
Product 3120,4/11/2026,1
Product 4096,4/11/2026,1
Product 3121,4/11/2026,1
Product 4654,4/11/2026,1
Product 4655,4/11/2026,1
Product 246,4/11/2026,1
Product 668,4/11/2026,1
Product 3374,4/11/2026,2
Product 4656,4/11/2026,1
Product 2127,4/11/2026,1
Product 2380,4/11/2026,1
Product 300,4/11/2026,1
Product 2056,4/11/2026,1
Product 2797,4/11/2026,1
Product 4097,4/11/2026,1
Product 3309,4/11/2026,1
Product 2405,4/11/2026,1
Product 1388,4/11/2026,1
Product 2326,4/11/2026,1
Product 4657,4/11/2026,1
Product 4657,4/11/2026,1
Product 4658,4/11/2026,1
Product 3092,4/11/2026,1
Product 487,4/11/2026,1
Product 1752,4/11/2026,1
Product 959,4/11/2026,1
Product 872,4/11/2026,2
Product 1816,4/11/2026,1
Product 108,4/11/2026,1
Product 4081,4/11/2026,1
Product 2603,4/11/2026,1
Product 336,4/11/2026,1
Product 238,4/11/2026,1
Product 858,4/11/2026,1
Product 4659,4/11/2026,1
Product 493,4/11/2026,1
Product 1510,4/11/2026,1
Product 4660,4/11/2026,1
Product 4661,4/11/2026,1
Product 260,4/11/2026,2
Product 3985,4/11/2026,1
Product 4191,4/11/2026,1
Product 2971,4/11/2026,1
Product 2601,4/11/2026,1
Product 3372,4/11/2026,1
Product 267,4/11/2026,1
Product 1506,4/11/2026,1
Product 4662,4/11/2026,1
Product 2838,4/11/2026,2
Product 4184,4/11/2026,1
Product 1144,4/11/2026,1
Product 2984,4/11/2026,1
Product 1145,4/11/2026,1
Product 2389,4/11/2026,1
Product 713,4/11/2026,1
Product 268,4/11/2026,1
Product 1236,4/11/2026,2
Product 918,4/11/2026,1
Product 4663,4/11/2026,1
Product 3921,4/11/2026,1
Product 503,4/11/2026,3
Product 279,4/11/2026,1
Product 507,4/11/2026,1
Product 66,4/11/2026,2
Product 508,4/11/2026,1
Product 508,4/11/2026,2
Product 4664,4/11/2026,1
Product 1520,4/11/2026,1
Product 2898,4/11/2026,1
Product 2906,4/11/2026,1
Product 4665,4/11/2026,1
Product 4666,4/11/2026,1
Product 1157,4/11/2026,1
Product 2899,4/11/2026,1
Product 2332,4/11/2026,1
Product 1445,4/11/2026,1
Product 1161,4/11/2026,1
Product 1510,4/11/2026,1
Product 1841,4/11/2026,1
Product 114,4/11/2026,1
Product 4667,4/11/2026,1
Product 295,4/11/2026,1
Product 1475,4/11/2026,1
Product 4668,4/11/2026,1
Product 4669,4/11/2026,1
Product 4670,4/11/2026,1
Product 300,4/11/2026,1
Product 53,4/11/2026,1
Product 4671,4/11/2026,1
Product 4672,4/11/2026,1
Product 4673,4/11/2026,1
Product 1193,4/11/2026,1
Product 4108,4/11/2026,3
Product 3406,4/11/2026,2
Product 3755,4/11/2026,1
Product 648,4/11/2026,1
Product 2384,4/11/2026,1
Product 1543,4/11/2026,1
Product 737,4/11/2026,1
Product 313,4/11/2026,1
Product 1289,4/11/2026,2
Product 4674,4/11/2026,1
Product 53,4/11/2026,2
Product 314,4/11/2026,2
Product 1186,4/11/2026,1
Product 314,4/11/2026,2
Product 542,4/11/2026,1
Product 1681,4/11/2026,2
Product 1935,4/11/2026,1
Product 1046,4/11/2026,1
Product 1190,4/11/2026,1
Product 1772,4/11/2026,1
Product 592,4/11/2026,1
Product 2790,4/11/2026,1
Product 316,4/11/2026,1
Product 543,4/11/2026,1
Product 749,4/11/2026,1
Product 4675,4/11/2026,1
Product 4676,4/11/2026,1
Product 4677,4/11/2026,1
Product 1,4/10/2026,1
Product 827,4/10/2026,1
Product 4457,4/10/2026,1
Product 4678,4/10/2026,1
Product 3124,4/10/2026,2
Product 4679,4/10/2026,1
Product 4680,4/10/2026,1
Product 1139,4/10/2026,1
Product 326,4/10/2026,1
Product 329,4/10/2026,1
Product 3,4/10/2026,1
Product 1638,4/10/2026,1
Product 2551,4/10/2026,1
Product 419,4/10/2026,1
Product 11,4/10/2026,1
Product 6,4/10/2026,2
Product 551,4/10/2026,1
Product 329,4/10/2026,2
Product 4681,4/10/2026,1
Product 4682,4/10/2026,1
Product 737,4/10/2026,1
Product 1233,4/10/2026,1
Product 2158,4/10/2026,2
Product 4683,4/10/2026,1
Product 4684,4/10/2026,1
Product 3553,4/10/2026,1
Product 334,4/10/2026,1
Product 2142,4/10/2026,9
Product 4685,4/10/2026,1
Product 4686,4/10/2026,2
Product 1332,4/10/2026,1
Product 3634,4/10/2026,1
Product 495,4/10/2026,2
Product 1506,4/10/2026,3
Product 4687,4/10/2026,1
Product 1146,4/10/2026,1
Product 4688,4/10/2026,1
Product 2533,4/10/2026,1
Product 1555,4/10/2026,1
Product 1584,4/10/2026,2
Product 1252,4/10/2026,1
Product 2160,4/10/2026,1
Product 1095,4/10/2026,1
Product 805,4/10/2026,1
Product 4689,4/10/2026,1
Product 3547,4/10/2026,1
Product 4690,4/10/2026,1
Product 503,4/10/2026,1
Product 4691,4/10/2026,1
Product 4692,4/10/2026,1
Product 456,4/10/2026,1
Product 3631,4/10/2026,1
Product 4293,4/10/2026,1
Product 31,4/10/2026,1
Product 3775,4/10/2026,2
Product 1257,4/10/2026,1
Product 4693,4/10/2026,1
Product 4694,4/10/2026,1
Product 4695,4/10/2026,1
Product 4696,4/10/2026,1
Product 4697,4/10/2026,2
Product 4698,4/10/2026,1
Product 4699,4/10/2026,1
Product 3547,4/10/2026,2
Product 918,4/10/2026,1
Product 488,4/10/2026,1
Product 4700,4/10/2026,1
Product 4505,4/10/2026,1
Product 4100,4/10/2026,3
Product 955,4/10/2026,1
Product 4701,4/10/2026,1
Product 933,4/10/2026,1
Product 1953,4/10/2026,1
Product 1001,4/10/2026,1
Product 1957,4/10/2026,1
Product 3154,4/10/2026,1
Product 1559,4/10/2026,1
Product 37,4/10/2026,1
Product 1903,4/10/2026,1
Product 45,4/10/2026,1
Product 4702,4/10/2026,1
Product 891,4/10/2026,1
Product 3931,4/10/2026,1
Product 3304,4/10/2026,1
Product 820,4/10/2026,1
Product 1686,4/10/2026,1
Product 3634,4/10/2026,1
Product 1907,4/10/2026,1
Product 3109,4/10/2026,1
Product 3124,4/10/2026,1
Product 2614,4/10/2026,2
Product 2667,4/10/2026,1
Product 1301,4/10/2026,1
Product 2030,4/10/2026,1
Product 2474,4/10/2026,1
Product 570,4/10/2026,1
Product 380,4/10/2026,1
Product 4703,4/10/2026,1
Product 4704,4/10/2026,1
Product 1915,4/10/2026,2
Product 3551,4/10/2026,1
Product 2481,4/10/2026,2
Product 2479,4/10/2026,6
Product 570,4/10/2026,2
Product 1559,4/10/2026,1
Product 4705,4/10/2026,1
Product 398,4/10/2026,3
Product 3224,4/10/2026,1
Product 4706,4/10/2026,1
Product 4707,4/10/2026,1
Product 37,4/10/2026,3
Product 4708,4/10/2026,1
Product 3634,4/10/2026,2
Product 3909,4/10/2026,1
Product 3628,4/10/2026,1
Product 1309,4/10/2026,3
Product 4709,4/10/2026,1
Product 1335,4/10/2026,1
Product 696,4/10/2026,1
Product 4710,4/10/2026,1
Product 1080,4/10/2026,2
Product 570,4/10/2026,4
Product 4368,4/10/2026,1
Product 2391,4/10/2026,1
Product 4711,4/10/2026,1
Product 854,4/10/2026,1
Product 1289,4/10/2026,1
Product 2415,4/10/2026,1
Product 4712,4/10/2026,1
Product 79,4/10/2026,1
Product 4138,4/10/2026,2
Product 4713,4/10/2026,2
Product 1521,4/10/2026,2
Product 3702,4/10/2026,2
Product 3873,4/10/2026,4
Product 4714,4/10/2026,1
Product 4715,4/10/2026,1
Product 4716,4/10/2026,1
Product 4717,4/10/2026,1
Product 2642,4/10/2026,2
Product 3224,4/10/2026,1
Product 573,4/10/2026,2
Product 4718,4/10/2026,1
Product 3856,4/10/2026,1
Product 2353,4/10/2026,1
Product 4015,4/10/2026,1
Product 4719,4/10/2026,1
Product 2728,4/10/2026,1
Product 4586,4/10/2026,1
Product 772,4/10/2026,1
Product 4720,4/10/2026,1
Product 3313,4/10/2026,1
Product 4375,4/10/2026,2
Product 4721,4/10/2026,2
Product 96,4/10/2026,1
Product 3324,4/10/2026,2
Product 2188,4/10/2026,2
Product 37,4/10/2026,1
Product 987,4/10/2026,1
Product 916,4/10/2026,1
Product 397,4/10/2026,1
Product 4152,4/10/2026,2
Product 2680,4/10/2026,1
Product 2518,4/10/2026,2
Product 2537,4/10/2026,1
Product 2749,4/10/2026,1
Product 399,4/10/2026,2
Product 4477,4/10/2026,1
Product 1379,4/10/2026,1
Product 154,4/10/2026,1
Product 4722,4/10/2026,1
Product 1529,4/10/2026,1
Product 4040,4/10/2026,1
Product 4723,4/10/2026,1
Product 2231,4/10/2026,1
Product 3431,4/10/2026,1
Product 343,4/10/2026,1
Product 2198,4/10/2026,1
Product 4724,4/10/2026,1
Product 4725,4/10/2026,1
Product 4726,4/10/2026,1
Product 4727,4/10/2026,2
Product 4728,4/10/2026,1
Product 4729,4/10/2026,1
Product 667,4/10/2026,1
Product 457,4/10/2026,1
Product 634,4/10/2026,1
Product 1032,4/10/2026,1
Product 4730,4/10/2026,1
Product 4731,4/10/2026,1
Product 403,4/10/2026,1
Product 403,4/10/2026,1
Product 4553,4/10/2026,1
Product 3639,4/10/2026,1
Product 4732,4/10/2026,1
Product 4733,4/10/2026,1
Product 3432,4/10/2026,1
Product 3927,4/10/2026,1
Product 4734,4/10/2026,1
Product 1506,4/10/2026,1
Product 4398,4/10/2026,1
Product 4399,4/10/2026,1
Product 2834,4/10/2026,1
Product 2105,4/10/2026,1
Product 79,4/10/2026,1
Product 2245,4/10/2026,1
Product 4735,4/10/2026,1
Product 2282,4/10/2026,1
Product 2082,4/10/2026,1
Product 79,4/10/2026,1
Product 320,4/10/2026,1
Product 360,4/10/2026,1
Product 144,4/10/2026,4
Product 4736,4/10/2026,1
Product 4737,4/10/2026,1
Product 4738,4/10/2026,1
Product 683,4/10/2026,1
Product 2568,4/10/2026,1
Product 3234,4/10/2026,1
Product 648,4/10/2026,2
Product 1612,4/10/2026,1
Product 4739,4/10/2026,1
Product 4740,4/10/2026,1
Product 4741,4/10/2026,1
Product 4742,4/10/2026,1
Product 289,4/10/2026,1
Product 1088,4/10/2026,1
Product 4514,4/10/2026,5
Product 4743,4/10/2026,1
Product 1093,4/10/2026,1
Product 3879,4/10/2026,5
Product 692,4/10/2026,1
Product 2078,4/10/2026,1
Product 4744,4/10/2026,2
Product 268,4/10/2026,1
Product 899,4/10/2026,1
Product 4745,4/10/2026,5
Product 201,4/10/2026,1
Product 4746,4/10/2026,1
Product 1324,4/10/2026,1
Product 300,4/10/2026,1
Product 1132,4/10/2026,1
Product 2439,4/10/2026,2
Product 815,4/10/2026,1
Product 3874,4/10/2026,1
Product 3382,4/10/2026,1
Product 4747,4/10/2026,4
Product 4400,4/10/2026,1
Product 502,4/10/2026,2
Product 2840,4/10/2026,1
Product 249,4/10/2026,2
Product 280,4/10/2026,2
Product 285,4/10/2026,1
Product 1518,4/10/2026,10
Product 2906,4/10/2026,1
Product 4748,4/10/2026,1
Product 2082,4/10/2026,1
Product 4418,4/10/2026,1
Product 1037,4/10/2026,1
Product 1774,4/10/2026,1
Product 4749,4/10/2026,1
Product 583,4/10/2026,1
Product 2616,4/10/2026,1
Product 4750,4/10/2026,1
Product 3445,4/10/2026,37
Product 4751,4/10/2026,17
Product 4752,4/10/2026,3
Product 3413,4/10/2026,6
Product 3289,4/10/2026,6
Product 319,4/10/2026,10
Product 320,4/10/2026,20
Product 3779,4/10/2026,15
Product 4753,4/10/2026,5
Product 183,4/10/2026,1
Product 186,4/10/2026,1
Product 664,4/10/2026,1
Product 857,4/10/2026,2
Product 3147,4/10/2026,2
Product 4188,4/10/2026,1
Product 2604,4/10/2026,1
Product 2250,4/10/2026,1
Product 2079,4/10/2026,3
Product 4754,4/10/2026,1
Product 1846,4/10/2026,1
Product 4322,4/10/2026,1
Product 2859,4/10/2026,1
Product 2264,4/10/2026,1
Product 284,4/10/2026,1
Product 313,4/10/2026,1
Product 313,4/10/2026,1
Product 3971,4/10/2026,1
Product 2395,4/10/2026,1
Product 2258,4/10/2026,1
Product 1591,4/10/2026,1
Product 3683,4/10/2026,1
Product 4755,4/10/2026,2
Product 1935,4/10/2026,1
Product 11,4/10/2026,1
Product 1681,4/10/2026,1
Product 359,4/10/2026,1
Product 2292,4/10/2026,3
Product 2628,4/10/2026,1
Product 3632,4/10/2026,1
Product 752,4/10/2026,1
Product 907,4/10/2026,1
Product 4756,4/10/2026,1
Product 326,4/9/2026,1
Product 2,4/9/2026,1
Product 3833,4/9/2026,2
Product 864,4/9/2026,1
Product 4757,4/9/2026,1
Product 644,4/9/2026,1
Product 2779,4/9/2026,1
Product 2678,4/9/2026,1
Product 2679,4/9/2026,1
Product 3770,4/9/2026,1
Product 4758,4/9/2026,1
Product 4759,4/9/2026,1
Product 3640,4/9/2026,2
Product 3589,4/9/2026,1
Product 2778,4/9/2026,1
Product 1550,4/9/2026,1
Product 3822,4/9/2026,1
Product 6,4/9/2026,1
Product 548,4/9/2026,1
Product 1264,4/9/2026,1
Product 2261,4/9/2026,2
Product 72,4/9/2026,2
Product 1216,4/9/2026,1
Product 329,4/9/2026,2
Product 3853,4/9/2026,1
Product 2702,4/9/2026,1
Product 2769,4/9/2026,1
Product 1411,4/9/2026,1
Product 696,4/9/2026,1
Product 1070,4/9/2026,1
Product 329,4/9/2026,1
Product 329,4/9/2026,2
Product 4760,4/9/2026,1
Product 4720,4/9/2026,1
Product 3313,4/9/2026,1
Product 3085,4/9/2026,1
Product 37,4/9/2026,1
Product 246,4/9/2026,1
Product 4761,4/9/2026,1
Product 4441,4/9/2026,1
Product 1190,4/9/2026,1
Product 4762,4/9/2026,2
Product 3637,4/9/2026,1
Product 1308,4/9/2026,1
Product 1309,4/9/2026,3
Product 4067,4/9/2026,1
Product 17,4/9/2026,3
Product 2287,4/9/2026,2
Product 4763,4/9/2026,1
Product 805,4/9/2026,1
Product 537,4/9/2026,1
Product 4764,4/9/2026,1
Product 4765,4/9/2026,1
Product 1598,4/9/2026,1
Product 4766,4/9/2026,2
Product 493,4/9/2026,1
Product 2292,4/9/2026,1
Product 3060,4/9/2026,1
Product 1889,4/9/2026,1
Product 31,4/9/2026,1
Product 4767,4/9/2026,1
Product 4768,4/9/2026,1
Product 858,4/9/2026,1
Product 4217,4/9/2026,1
Product 34,4/9/2026,1
Product 4444,4/9/2026,2
Product 2108,4/9/2026,1
Product 3851,4/9/2026,1
Product 656,4/9/2026,1
Product 4501,4/9/2026,1
Product 2664,4/9/2026,1
Product 279,4/9/2026,1
Product 3382,4/9/2026,1
Product 3775,4/9/2026,1
Product 2284,4/9/2026,1
Product 3303,4/9/2026,1
Product 2908,4/9/2026,1
Product 4454,4/9/2026,1
Product 4769,4/9/2026,2
Product 2450,4/9/2026,1
Product 1644,4/9/2026,1
Product 3672,4/9/2026,2
Product 4148,4/9/2026,2
Product 2679,4/9/2026,2
Product 3834,4/9/2026,6
Product 4770,4/9/2026,1
Product 2218,4/9/2026,1
Product 4771,4/9/2026,8
Product 3547,4/9/2026,3
Product 2724,4/9/2026,1
Product 184,4/9/2026,1
Product 544,4/9/2026,1
Product 3304,4/9/2026,1
Product 2697,4/9/2026,1
Product 2919,4/9/2026,1
Product 79,4/9/2026,2
Product 1239,4/9/2026,1
Product 3057,4/9/2026,1
Product 392,4/9/2026,1
Product 2432,4/9/2026,1
Product 96,4/9/2026,1
Product 2269,4/9/2026,1
Product 4772,4/9/2026,1
Product 764,4/9/2026,1
Product 3892,4/9/2026,1
Product 4773,4/9/2026,1
Product 4774,4/9/2026,1
Product 4405,4/9/2026,1
Product 4775,4/9/2026,1
Product 2935,4/9/2026,1
Product 4776,4/9/2026,1
Product 37,4/9/2026,1
Product 1146,4/9/2026,2
Product 1605,4/9/2026,1
Product 2185,4/9/2026,1
Product 987,4/9/2026,1
Product 2638,4/9/2026,1
Product 4777,4/9/2026,1
Product 87,4/9/2026,1
Product 4778,4/9/2026,1
Product 2200,4/9/2026,1
Product 1069,4/9/2026,1
Product 531,4/9/2026,1
Product 1935,4/9/2026,1
Product 2292,4/9/2026,1
Product 2298,4/9/2026,1
Product 4779,4/9/2026,3
Product 4780,4/9/2026,1
Product 1967,4/9/2026,2
Product 1947,4/9/2026,1
Product 3721,4/9/2026,2
Product 3085,4/9/2026,1
Product 4781,4/9/2026,2
Product 4782,4/9/2026,3
Product 4783,4/9/2026,1
Product 3547,4/9/2026,1
Product 4784,4/9/2026,4
Product 3721,4/9/2026,1
Product 4594,4/9/2026,1
Product 3543,4/9/2026,2
Product 519,4/9/2026,1
Product 4785,4/9/2026,1
Product 4044,4/9/2026,1
Product 4786,4/9/2026,1
Product 2514,4/9/2026,1
Product 2941,4/9/2026,1
Product 37,4/9/2026,1
Product 2172,4/9/2026,1
Product 124,4/9/2026,1
Product 1981,4/9/2026,2
Product 2957,4/9/2026,1
Product 1614,4/9/2026,1
Product 2329,4/9/2026,2
Product 4716,4/9/2026,1
Product 394,4/9/2026,1
Product 4384,4/9/2026,1
Product 4787,4/9/2026,1
Product 995,4/9/2026,1
Product 2523,4/9/2026,1
Product 3780,4/9/2026,1
Product 3725,4/9/2026,1
Product 4487,4/9/2026,2
Product 4788,4/9/2026,1
Product 3450,4/9/2026,1
Product 4789,4/9/2026,1
Product 3634,4/9/2026,2
Product 4790,4/9/2026,1
Product 65,4/9/2026,1
Product 524,4/9/2026,1
Product 3922,4/9/2026,1
Product 1031,4/9/2026,1
Product 1410,4/9/2026,1
Product 3432,4/9/2026,1
Product 4791,4/9/2026,1
Product 4792,4/9/2026,1
Product 79,4/9/2026,1
Product 4210,4/9/2026,4
Product 3224,4/9/2026,1
Product 2917,4/9/2026,7
Product 3821,4/9/2026,5
Product 1446,4/9/2026,1
Product 769,4/9/2026,1
Product 4693,4/9/2026,1
Product 4116,4/9/2026,1
Product 2020,4/9/2026,1
Product 552,4/9/2026,1
Product 229,4/9/2026,1
Product 79,4/9/2026,1
Product 696,4/9/2026,2
Product 2601,4/9/2026,2
Product 477,4/9/2026,1
Product 4793,4/9/2026,1
Product 4794,4/9/2026,1
Product 4795,4/9/2026,1
Product 4796,4/9/2026,1
Product 4797,4/9/2026,1
Product 4798,4/9/2026,2
Product 1846,4/9/2026,1
Product 1806,4/9/2026,1
Product 4799,4/9/2026,1
Product 4484,4/9/2026,2
Product 1543,4/9/2026,1
Product 4800,4/9/2026,1
Product 2608,4/9/2026,1
Product 2176,4/9/2026,1
Product 1238,4/9/2026,1
Product 2755,4/9/2026,1
Product 4801,4/9/2026,1
Product 3885,4/9/2026,2
Product 4753,4/9/2026,1
Product 1467,4/9/2026,1
Product 4802,4/9/2026,1
Product 4803,4/9/2026,1
Product 3553,4/9/2026,1
Product 683,4/9/2026,1
Product 3547,4/9/2026,1
Product 183,4/9/2026,1
Product 1234,4/9/2026,1
Product 772,4/9/2026,1
Product 4009,4/9/2026,1
Product 4804,4/9/2026,1
Product 4805,4/9/2026,1
Product 2568,4/9/2026,2
Product 1552,4/9/2026,2
Product 2448,4/9/2026,1
Product 242,4/9/2026,2
Product 4806,4/9/2026,1
Product 3978,4/9/2026,1
Product 4807,4/9/2026,1
Product 4808,4/9/2026,1
Product 463,4/9/2026,1
Product 229,4/9/2026,1
Product 1178,4/9/2026,1
Product 2718,4/9/2026,1
Product 4809,4/9/2026,1
Product 496,4/9/2026,1
Product 4810,4/9/2026,4
Product 4811,4/9/2026,2
Product 3634,4/9/2026,3
Product 4812,4/9/2026,1
Product 1760,4/9/2026,1
Product 467,4/9/2026,1
Product 244,4/9/2026,1
Product 470,4/9/2026,1
Product 691,4/9/2026,1
Product 2656,4/9/2026,1
Product 2551,4/9/2026,1
Product 3852,4/9/2026,1
Product 443,4/9/2026,1
Product 1135,4/9/2026,1
Product 4813,4/9/2026,1
Product 3346,4/9/2026,1
Product 740,4/9/2026,2
Product 1414,4/9/2026,1
Product 4336,4/9/2026,1
Product 756,4/9/2026,1
Product 3299,4/9/2026,1
Product 3634,4/9/2026,1
Product 4814,4/9/2026,1
Product 4815,4/9/2026,1
Product 1124,4/9/2026,5
Product 3222,4/9/2026,1
Product 1259,4/9/2026,1
Product 250,4/9/2026,1
Product 707,4/9/2026,1
Product 260,4/9/2026,1
Product 1818,4/9/2026,1
Product 108,4/9/2026,1
Product 65,4/9/2026,1
Product 1148,4/9/2026,2
Product 279,4/9/2026,1
Product 4816,4/9/2026,1
Product 2853,4/9/2026,1
Product 1157,4/9/2026,1
Product 4817,4/9/2026,1
Product 4278,4/9/2026,1
Product 4532,4/9/2026,2
Product 4818,4/9/2026,1
Product 3650,4/9/2026,1
Product 2321,4/9/2026,1
Product 4191,4/9/2026,1
Product 1839,4/9/2026,1
Product 1520,4/9/2026,1
Product 592,4/9/2026,1
Product 2088,4/9/2026,1
Product 3351,4/9/2026,1
Product 4819,4/9/2026,1
Product 12,4/9/2026,2
Product 4085,4/9/2026,1
Product 4820,4/9/2026,1
Product 3205,4/9/2026,1
Product 3208,4/9/2026,1
Product 2855,4/9/2026,1
Product 1296,4/9/2026,1
Product 4821,4/9/2026,1
Product 1538,4/9/2026,1
Product 648,4/9/2026,1
Product 4015,4/9/2026,1
Product 2244,4/9/2026,1
Product 1591,4/9/2026,1
Product 2097,4/9/2026,1
Product 117,4/9/2026,1
Product 2395,4/9/2026,1
Product 3270,4/8/2026,1
Product 4822,4/8/2026,1
Product 4823,4/8/2026,1
Product 279,4/8/2026,1
Product 3808,4/8/2026,1
Product 1,4/8/2026,2
Product 326,4/8/2026,1
Product 548,4/8/2026,1
Product 1263,4/8/2026,1
Product 3543,4/8/2026,1
Product 449,4/8/2026,6
Product 3640,4/8/2026,1
Product 545,4/8/2026,1
Product 548,4/8/2026,2
Product 7,4/8/2026,1
Product 2702,4/8/2026,1
Product 3702,4/8/2026,1
Product 1326,4/8/2026,1
Product 3640,4/8/2026,1
Product 329,4/8/2026,2
Product 14,4/8/2026,2
Product 15,4/8/2026,1
Product 4824,4/8/2026,1
Product 4684,4/8/2026,0
Product 556,4/8/2026,1
Product 4825,4/8/2026,1
Product 4826,4/8/2026,1
Product 967,4/8/2026,1
Product 4827,4/8/2026,1
Product 172,4/8/2026,1
Product 3294,4/8/2026,1
Product 2343,4/8/2026,1
Product 4828,4/8/2026,1
Product 3547,4/8/2026,1
Product 4829,4/8/2026,1
Product 3650,4/8/2026,1
Product 649,4/8/2026,1
Product 4830,4/8/2026,1
Product 4536,4/8/2026,1
Product 4692,4/8/2026,2
Product 4831,4/8/2026,1
Product 2883,4/8/2026,2
Product 656,4/8/2026,2
Product 1713,4/8/2026,1
Product 2469,4/8/2026,1
Product 4832,4/8/2026,1
Product 1979,4/8/2026,1
Product 334,4/8/2026,1
Product 4500,4/8/2026,1
Product 806,4/8/2026,1
Product 4833,4/8/2026,1
Product 1254,4/8/2026,1
Product 808,4/8/2026,2
Product 364,4/8/2026,1
Product 1268,4/8/2026,1
Product 4834,4/8/2026,1
Product 45,4/8/2026,1
Product 4835,4/8/2026,1
Product 3922,4/8/2026,1
Product 3547,4/8/2026,2
Product 1104,4/8/2026,1
Product 3159,4/8/2026,1
Product 2914,4/8/2026,1
Product 79,4/8/2026,2
Product 2916,4/8/2026,3
Product 4836,4/8/2026,1
Product 3640,4/8/2026,1
Product 3569,4/8/2026,1
Product 3570,4/8/2026,2
Product 4837,4/8/2026,1
Product 664,4/8/2026,1
Product 3870,4/8/2026,1
Product 696,4/8/2026,1
Product 4838,4/8/2026,1
Product 537,4/8/2026,1
Product 3586,4/8/2026,1
Product 2919,4/8/2026,3
Product 569,4/8/2026,1
Product 4839,4/8/2026,1
Product 2458,4/8/2026,1
Product 2147,4/8/2026,1
Product 2415,4/8/2026,1
Product 4469,4/8/2026,1
Product 4840,4/8/2026,1
Product 4595,4/8/2026,1
Product 4373,4/8/2026,1
Product 4841,4/8/2026,1
Product 2773,4/8/2026,1
Product 79,4/8/2026,1
Product 4842,4/8/2026,1
Product 1437,4/8/2026,1
Product 445,4/8/2026,1
Product 4843,4/8/2026,1
Product 1051,4/8/2026,1
Product 982,4/8/2026,1
Product 4438,4/8/2026,1
Product 1997,4/8/2026,1
Product 434,4/8/2026,1
Product 2105,4/8/2026,1
Product 1892,4/8/2026,1
Product 4844,4/8/2026,1
Product 4845,4/8/2026,2
Product 165,4/8/2026,1
Product 4846,4/8/2026,1
Product 2245,4/8/2026,1
Product 196,4/8/2026,1
Product 1915,4/8/2026,1
Product 4847,4/8/2026,1
Product 1644,4/8/2026,1
Product 614,4/8/2026,1
Product 399,4/8/2026,1
Product 4477,4/8/2026,1
Product 4040,4/8/2026,1
Product 342,4/8/2026,1
Product 37,4/8/2026,2
Product 4805,4/8/2026,1
Product 3124,4/8/2026,2
Product 918,4/8/2026,1
Product 520,4/8/2026,1
Product 1741,4/8/2026,1
Product 1404,4/8/2026,1
Product 11,4/8/2026,1
Product 3308,4/8/2026,1
Product 4848,4/8/2026,1
Product 4238,4/8/2026,1
Product 85,4/8/2026,1
Product 4849,4/8/2026,1
Product 896,4/8/2026,1
Product 2496,4/8/2026,1
Product 86,4/8/2026,1
Product 4850,4/8/2026,1
Product 1694,4/8/2026,1
Product 394,4/8/2026,1
Product 4851,4/8/2026,1
Product 4852,4/8/2026,1
Product 4137,4/8/2026,1
Product 4595,4/8/2026,1
Product 4853,4/8/2026,1
Product 1437,4/8/2026,1
Product 4854,4/8/2026,2
Product 4855,4/8/2026,2
Product 853,4/8/2026,1
Product 3500,4/8/2026,1
Product 2250,4/8/2026,1
Product 307,4/8/2026,1
Product 4856,4/8/2026,2
Product 2623,4/8/2026,1
Product 966,4/8/2026,1
Product 4857,4/8/2026,1
Product 1045,4/8/2026,1
Product 562,4/8/2026,1
Product 2333,4/8/2026,1
Product 1244,4/8/2026,1
Product 1879,4/8/2026,1
Product 4038,4/8/2026,1
Product 612,4/8/2026,1
Product 2756,4/8/2026,1
Product 1717,4/8/2026,1
Product 147,4/8/2026,1
Product 2959,4/8/2026,1
Product 3745,4/8/2026,1
Product 3452,4/8/2026,1
Product 4858,4/8/2026,2
Product 37,4/8/2026,1
Product 80,4/8/2026,1
Product 1755,4/8/2026,1
Product 4859,4/8/2026,1
Product 4860,4/8/2026,1
Product 4790,4/8/2026,1
Product 4795,4/8/2026,1
Product 3835,4/8/2026,1
Product 4472,4/8/2026,2
Product 488,4/8/2026,2
Product 1193,4/8/2026,1
Product 3054,4/8/2026,1
Product 4861,4/8/2026,1
Product 3953,4/8/2026,1
Product 4862,4/8/2026,1
Product 4442,4/8/2026,1
Product 3752,4/8/2026,1
Product 2966,4/8/2026,1
Product 2970,4/8/2026,1
Product 1420,4/8/2026,1
Product 4863,4/8/2026,1
Product 4864,4/8/2026,1
Product 4865,4/8/2026,1
Product 4866,4/8/2026,1
Product 4867,4/8/2026,1
Product 3416,4/8/2026,1
Product 79,4/8/2026,1
Product 4694,4/8/2026,1
Product 2658,4/8/2026,2
Product 4868,4/8/2026,1
Product 37,4/8/2026,2
Product 2203,4/8/2026,1
Product 4462,4/8/2026,3
Product 4869,4/8/2026,4
Product 1375,4/8/2026,3
Product 1791,4/8/2026,3
Product 4870,4/8/2026,5
Product 4871,4/8/2026,5
Product 2539,4/8/2026,1
Product 4872,4/8/2026,1
Product 4873,4/8/2026,1
Product 444,4/8/2026,1
Product 1115,4/8/2026,1
Product 1116,4/8/2026,2
Product 1117,4/8/2026,2
Product 3124,4/8/2026,1
Product 66,4/8/2026,2
Product 4874,4/8/2026,1
Product 987,4/8/2026,1
Product 4875,4/8/2026,1
Product 1776,4/8/2026,1
Product 4876,4/8/2026,1
Product 4507,4/8/2026,1
Product 2726,4/8/2026,1
Product 4034,4/8/2026,1
Product 1779,4/8/2026,1
Product 2977,4/8/2026,1
Product 3854,4/8/2026,1
Product 4877,4/8/2026,1
Product 528,4/8/2026,1
Product 4877,4/8/2026,1
Product 4878,4/8/2026,1
Product 1055,4/8/2026,1
Product 1538,4/8/2026,1
Product 4879,4/8/2026,1
Product 691,4/8/2026,1
Product 2018,4/8/2026,1
Product 246,4/8/2026,1
Product 3248,4/8/2026,1
Product 4102,4/8/2026,1
Product 3236,4/8/2026,1
Product 4068,4/8/2026,1
Product 2778,4/8/2026,1
Product 2462,4/8/2026,2
Product 3640,4/8/2026,1
Product 2897,4/8/2026,6
Product 3634,4/8/2026,1
Product 662,4/8/2026,1
Product 2038,4/8/2026,1
Product 2039,4/8/2026,1
Product 314,4/8/2026,2
Product 4880,4/8/2026,1
Product 4881,4/8/2026,1
Product 2650,4/8/2026,1
Product 1496,4/8/2026,1
Product 2676,4/8/2026,1
Product 1388,4/8/2026,1
Product 661,4/8/2026,1
Product 661,4/8/2026,2
Product 3485,4/8/2026,1
Product 673,4/8/2026,2
Product 1130,4/8/2026,1
Product 4882,4/8/2026,1
Product 487,4/8/2026,1
Product 707,4/8/2026,1
Product 4883,4/8/2026,1
Product 709,4/8/2026,1
Product 2065,4/8/2026,1
Product 108,4/8/2026,1
Product 4884,4/8/2026,1
Product 2971,4/8/2026,1
Product 495,4/8/2026,1
Product 360,4/8/2026,1
Product 1821,4/8/2026,1
Product 1140,4/8/2026,1
Product 3133,4/8/2026,3
Product 688,4/8/2026,1
Product 279,4/8/2026,1
Product 4885,4/8/2026,1
Product 502,4/8/2026,1
Product 1017,4/8/2026,1
Product 1205,4/8/2026,1
Product 2910,4/8/2026,2
Product 4886,4/8/2026,1
Product 66,4/8/2026,2
Product 2386,4/8/2026,1
Product 1150,4/8/2026,1
Product 4887,4/8/2026,4
Product 778,4/8/2026,1
Product 4888,4/8/2026,1
Product 737,4/8/2026,1
Product 3507,4/8/2026,1
Product 3970,4/8/2026,1
Product 4663,4/8/2026,1
Product 3775,4/8/2026,1
Product 25,4/8/2026,1
Product 482,4/8/2026,1
Product 354,4/8/2026,1
Product 2078,4/8/2026,1
Product 4889,4/8/2026,1
Product 4890,4/8/2026,1
Product 1510,4/8/2026,1
Product 1520,4/8/2026,1
Product 4891,4/8/2026,2
Product 857,4/8/2026,1
Product 858,4/8/2026,1
Product 4892,4/8/2026,1
Product 2292,4/8/2026,1
Product 2384,4/8/2026,1
Product 745,4/8/2026,1
Product 2400,4/8/2026,1
Product 3139,4/8/2026,1
Product 795,4/8/2026,1
Product 4893,4/8/2026,1
Product 4424,4/8/2026,1
Product 4894,4/8/2026,1
Product 2292,4/8/2026,1
Product 436,4/8/2026,1
Product 2865,4/8/2026,2
Product 994,4/8/2026,1
Product 2403,4/8/2026,1
Product 907,4/8/2026,1
Product 3270,4/7/2026,2
Product 4895,4/7/2026,1
Product 3633,4/7/2026,1
Product 548,4/7/2026,1
Product 329,4/7/2026,1
Product 14,4/7/2026,1
Product 1759,4/7/2026,5
Product 330,4/7/2026,1
Product 1245,4/7/2026,2
Product 4896,4/7/2026,1
Product 3224,4/7/2026,1
Product 858,4/7/2026,1
Product 1104,4/7/2026,1
Product 1233,4/7/2026,1
Product 79,4/7/2026,1
Product 2401,4/7/2026,1
Product 4396,4/7/2026,1
Product 3964,4/7/2026,2
Product 2865,4/7/2026,1
Product 426,4/7/2026,1
Product 337,4/7/2026,1
Product 1584,4/7/2026,2
Product 805,4/7/2026,1
Product 37,4/7/2026,2
Product 3124,4/7/2026,1
Product 10,4/7/2026,1
Product 2443,4/7/2026,1
Product 1188,4/7/2026,1
Product 2625,4/7/2026,1
Product 1994,4/7/2026,1
Product 3292,4/7/2026,1
Product 4897,4/7/2026,1
Product 1040,4/7/2026,1
Product 2429,4/7/2026,1
Product 4898,4/7/2026,1
Product 1534,4/7/2026,1
Product 682,4/7/2026,1
Product 2244,4/7/2026,1
Product 3060,4/7/2026,-4
Product 4028,4/7/2026,1
Product 1261,4/7/2026,1
Product 4899,4/7/2026,1
Product 2519,4/7/2026,1
Product 413,4/7/2026,1
Product 3645,4/7/2026,1
Product 1366,4/7/2026,1
Product 2420,4/7/2026,1
Product 4444,4/7/2026,1
Product 35,4/7/2026,1
Product 4900,4/7/2026,1
Product 399,4/7/2026,1
Product 1268,4/7/2026,1
Product 569,4/7/2026,2
Product 2480,4/7/2026,1
Product 79,4/7/2026,1
Product 2908,4/7/2026,1
Product 1294,4/7/2026,2
Product 4835,4/7/2026,1
Product 2450,4/7/2026,1
Product 3224,4/7/2026,1
Product 1506,4/7/2026,1
Product 4901,4/7/2026,1
Product 3676,4/7/2026,1
Product 1667,4/7/2026,1
Product 1361,4/7/2026,1
Product 934,4/7/2026,1
Product 1704,4/7/2026,1
Product 3447,4/7/2026,1
Product 348,4/7/2026,1
Product 4902,4/7/2026,1
Product 3486,4/7/2026,1
Product 408,4/7/2026,1
Product 4903,4/7/2026,1
Product 631,4/7/2026,1
Product 4068,4/7/2026,1
Product 3638,4/7/2026,1
Product 4826,4/7/2026,4
Product 1307,4/7/2026,1
Product 4287,4/7/2026,1
Product 2479,4/7/2026,2
Product 2693,4/7/2026,1
Product 4639,4/7/2026,1
Product 67,4/7/2026,2
Product 4904,4/7/2026,1
Product 3547,4/7/2026,1
Product 4536,4/7/2026,2
Product 433,4/7/2026,2
Product 2014,4/7/2026,1
Product 3684,4/7/2026,1
Product 382,4/7/2026,2
Product 58,4/7/2026,1
Product 877,4/7/2026,1
Product 4132,4/7/2026,1
Product 4905,4/7/2026,1
Product 387,4/7/2026,1
Product 4906,4/7/2026,1
Product 2822,4/7/2026,1
Product 1038,4/7/2026,1
Product 4907,4/7/2026,1
Product 4378,4/7/2026,1
Product 4908,4/7/2026,1
Product 4475,4/7/2026,4
Product 246,4/7/2026,1
Product 3227,4/7/2026,1
Product 2501,4/7/2026,1
Product 1440,4/7/2026,1
Product 4909,4/7/2026,3
Product 4910,4/7/2026,1
Product 4693,4/7/2026,1
Product 781,4/7/2026,1
Product 4911,4/7/2026,2
Product 4912,4/7/2026,2
Product 4498,4/7/2026,2
Product 37,4/7/2026,1
Product 3634,4/7/2026,1
Product 2391,4/7/2026,1
Product 3717,4/7/2026,1
Product 373,4/7/2026,3
Product 1958,4/7/2026,1
Product 4913,4/7/2026,1
Product 4914,4/7/2026,1
Product 2315,4/7/2026,1
Product 4915,4/7/2026,1
Product 4916,4/7/2026,2
Product 2536,4/7/2026,2
Product 3695,4/7/2026,1
Product 4917,4/7/2026,1
Product 611,4/7/2026,1
Product 1714,4/7/2026,1
Product 4314,4/7/2026,1
Product 965,4/7/2026,1
Product 392,4/7/2026,1
Product 531,4/7/2026,1
Product 4584,4/7/2026,1
Product 1982,4/7/2026,1
Product 995,4/7/2026,2
Product 131,4/7/2026,1
Product 399,4/7/2026,1
Product 373,4/7/2026,1
Product 2749,4/7/2026,1
Product 4512,4/7/2026,1
Product 4918,4/7/2026,1
Product 1665,4/7/2026,1
Product 133,4/7/2026,1
Product 224,4/7/2026,1
Product 313,4/7/2026,1
Product 3916,4/7/2026,1
Product 1905,4/7/2026,1
Product 1378,4/7/2026,1
Product 3448,4/7/2026,1
Product 2748,4/7/2026,1
Product 2323,4/7/2026,1
Product 97,4/7/2026,1
Product 4919,4/7/2026,1
Product 4920,4/7/2026,2
Product 3634,4/7/2026,1
Product 1405,4/7/2026,1
Product 3246,4/7/2026,1
Product 4921,4/7/2026,1
Product 37,4/7/2026,1
Product 681,4/7/2026,1
Product 3547,4/7/2026,3
Product 1201,4/7/2026,1
Product 638,4/7/2026,1
Product 1039,4/7/2026,2
Product 416,4/7/2026,1
Product 3520,4/7/2026,1
Product 4791,4/7/2026,1
Product 515,4/7/2026,1
Product 858,4/7/2026,1
Product 2678,4/7/2026,4
Product 79,4/7/2026,1
Product 3112,4/7/2026,1
Product 4922,4/7/2026,8
Product 3241,4/7/2026,1
Product 1094,4/7/2026,2
Product 3046,4/7/2026,1
Product 1551,4/7/2026,1
Product 4041,4/7/2026,1
Product 436,4/7/2026,1
Product 144,4/7/2026,1
Product 144,4/7/2026,1
Product 1049,4/7/2026,1
Product 674,4/7/2026,1
Product 4736,4/7/2026,1
Product 3073,4/7/2026,1
Product 3124,4/7/2026,1
Product 3572,4/7/2026,1
Product 4603,4/7/2026,1
Product 3188,4/7/2026,1
Product 4423,4/7/2026,1
Product 4923,4/7/2026,1
Product 2554,4/7/2026,1
Product 4796,4/7/2026,1
Product 3547,4/7/2026,1
Product 2045,4/7/2026,1
Product 4924,4/7/2026,1
Product 537,4/7/2026,1
Product 2199,4/7/2026,2
Product 3786,4/7/2026,1
Product 3403,4/7/2026,1
Product 683,4/7/2026,1
Product 222,4/7/2026,1
Product 4925,4/7/2026,1
Product 2160,4/7/2026,1
Product 1417,4/7/2026,1
Product 2353,4/7/2026,2
Product 4926,4/7/2026,1
Product 2230,4/7/2026,1
Product 2820,4/7/2026,1
Product 4927,4/7/2026,1
Product 974,4/7/2026,4
Product 4654,4/7/2026,2
Product 3680,4/7/2026,1
Product 3224,4/7/2026,1
Product 4928,4/7/2026,5
Product 640,4/7/2026,1
Product 883,4/7/2026,1
Product 1322,4/7/2026,1
Product 2065,4/7/2026,1
Product 3371,4/7/2026,1
Product 4929,4/7/2026,2
Product 495,4/7/2026,1
Product 4930,4/7/2026,1
Product 265,4/7/2026,1
Product 2067,4/7/2026,1
Product 2068,4/7/2026,1
Product 267,4/7/2026,1
Product 1507,4/7/2026,1
Product 1508,4/7/2026,1
Product 1038,4/7/2026,1
Product 713,4/7/2026,1
Product 4532,4/7/2026,1
Product 65,4/7/2026,1
Product 266,4/7/2026,1
Product 555,4/7/2026,1
Product 1523,4/7/2026,1
Product 1601,4/7/2026,1
Product 3995,4/7/2026,1
Product 3994,4/7/2026,1
Product 1408,4/7/2026,1
Product 4002,4/7/2026,3
Product 875,4/7/2026,1
Product 295,4/7/2026,1
Product 3192,4/7/2026,1
Product 1181,4/7/2026,1
Product 4838,4/7/2026,1
Product 1235,4/7/2026,1
Product 188,4/7/2026,1
Product 4924,4/7/2026,1
Product 313,4/7/2026,1
Product 2217,4/7/2026,1
Product 1547,4/7/2026,1
Product 4538,4/7/2026,1
Product 1605,4/7/2026,1
Product 746,4/7/2026,1
Product 2357,4/7/2026,1
Product 795,4/7/2026,1
Product 2993,4/7/2026,1
Product 2129,4/7/2026,1
Product 657,4/7/2026,1
Product 4931,4/6/2026,2
Product 4932,4/6/2026,1
Product 3292,4/6/2026,2
Product 364,4/6/2026,1
Product 79,4/6/2026,3
Product 3634,4/6/2026,1
Product 2386,4/6/2026,2
Product 1,4/6/2026,1
Product 326,4/6/2026,1
Product 326,4/6/2026,1
Product 4933,4/6/2026,1
Product 1223,4/6/2026,2
Product 2414,4/6/2026,1
Product 1779,4/6/2026,2
Product 226,4/6/2026,1
Product 2,4/6/2026,1
Product 2,4/6/2026,1
Product 545,4/6/2026,2
Product 37,4/6/2026,3
Product 4934,4/6/2026,1
Product 6,4/6/2026,1
Product 548,4/6/2026,1
Product 13,4/6/2026,2
Product 329,4/6/2026,10
Product 268,4/6/2026,2
Product 14,4/6/2026,1
Product 4684,4/6/2026,1
Product 556,4/6/2026,2
Product 1245,4/6/2026,1
Product 364,4/6/2026,1
Product 1583,4/6/2026,1
Product 37,4/6/2026,2
Product 1254,4/6/2026,1
Product 4434,4/6/2026,1
Product 4105,4/6/2026,1
Product 495,4/6/2026,1
Product 4275,4/6/2026,1
Product 34,4/6/2026,1
Product 616,4/6/2026,1
Product 1623,4/6/2026,2
Product 2450,4/6/2026,1
Product 2479,4/6/2026,4
Product 570,4/6/2026,4
Product 380,4/6/2026,2
Product 365,4/6/2026,1
Product 1031,4/6/2026,1
Product 3602,4/6/2026,1
Product 3640,4/6/2026,1
Product 4935,4/6/2026,1
Product 2142,4/6/2026,8
Product 3634,4/6/2026,2
Product 3159,4/6/2026,1
Product 4936,4/6/2026,1
Product 4937,4/6/2026,1
Product 4938,4/6/2026,1
Product 1933,4/6/2026,2
Product 2143,4/6/2026,1
Product 2297,4/6/2026,1
Product 2088,4/6/2026,1
Product 876,4/6/2026,1
Product 2915,4/6/2026,1
Product 4939,4/6/2026,4
Product 4367,4/6/2026,1
Product 1930,4/6/2026,1
Product 3002,4/6/2026,120
Product 4940,4/6/2026,80
Product 4941,4/6/2026,28
Product 4942,4/6/2026,15
Product 4943,4/6/2026,24
Product 4944,4/6/2026,24
Product 4945,4/6/2026,120
Product 4946,4/6/2026,16
Product 3955,4/6/2026,80
Product 4947,4/6/2026,25
Product 4948,4/6/2026,2
Product 2715,4/6/2026,1
Product 4239,4/6/2026,2
Product 4130,4/6/2026,1
Product 3735,4/6/2026,1
Product 1326,4/6/2026,1
Product 164,4/6/2026,1
Product 198,4/6/2026,3
Product 85,4/6/2026,2
Product 1675,4/6/2026,2
Product 4131,4/6/2026,1
Product 1362,4/6/2026,1
Product 4949,4/6/2026,1
Product 79,4/6/2026,1
Product 3869,4/6/2026,1
Product 4471,4/6/2026,1
Product 1665,4/6/2026,1
Product 475,4/6/2026,1
Product 1344,4/6/2026,2
Product 4950,4/6/2026,1
Product 4136,4/6/2026,2
Product 4951,4/6/2026,1
Product 496,4/6/2026,2
Product 4952,4/6/2026,1
Product 1968,4/6/2026,2
Product 3716,4/6/2026,4
Product 4805,4/6/2026,1
Product 2512,4/6/2026,1
Product 541,4/6/2026,1
Product 4953,4/6/2026,1
Product 3878,4/6/2026,2
Product 398,4/6/2026,2
Product 1965,4/6/2026,2
Product 939,4/6/2026,2
Product 4954,4/6/2026,1
Product 4057,4/6/2026,1
Product 638,4/6/2026,1
Product 3099,4/6/2026,1
Product 37,4/6/2026,2
Product 1411,4/6/2026,1
Product 99,4/6/2026,1
Product 3603,4/6/2026,1
Product 3472,4/6/2026,1
Product 3547,4/6/2026,1
Product 2834,4/6/2026,1
Product 4955,4/6/2026,1
Product 2932,4/6/2026,1
Product 2330,4/6/2026,1
Product 995,4/6/2026,1
Product 351,4/6/2026,2
Product 4485,4/6/2026,2
Product 4956,4/6/2026,1
Product 4957,4/6/2026,1
Product 696,4/6/2026,1
Product 4958,4/6/2026,1
Product 392,4/6/2026,1
Product 4716,4/6/2026,1
Product 260,4/6/2026,1
Product 966,4/6/2026,1
Product 2507,4/6/2026,1
Product 4959,4/6/2026,1
Product 4110,4/6/2026,1
Product 991,4/6/2026,1
Product 2524,4/6/2026,1
Product 122,4/6/2026,1
Product 649,4/6/2026,1
Product 2525,4/6/2026,1
Product 108,4/6/2026,1
Product 3815,4/6/2026,1
Product 563,4/6/2026,1
Product 2336,4/6/2026,1
Product 344,4/6/2026,2
Product 4549,4/6/2026,1
Product 696,4/6/2026,1
Product 2774,4/6/2026,1
Product 3594,4/6/2026,1
Product 79,4/6/2026,2
Product 1891,4/6/2026,1
Product 4867,4/6/2026,1
Product 4960,4/6/2026,3
Product 4961,4/6/2026,2
Product 3409,4/6/2026,2
Product 79,4/6/2026,3
Product 193,4/6/2026,1
Product 4962,4/6/2026,2
Product 3227,4/6/2026,1
Product 4963,4/6/2026,1
Product 4107,4/6/2026,1
Product 3547,4/6/2026,1
Product 2210,4/6/2026,2
Product 1213,4/6/2026,1
Product 543,4/6/2026,1
Product 4677,4/6/2026,1
Product 1156,4/6/2026,1
Product 2778,4/6/2026,1
Product 963,4/6/2026,3
Product 1075,4/6/2026,1
Product 2027,4/6/2026,1
Product 81,4/6/2026,1
Product 2599,4/6/2026,1
Product 477,4/6/2026,1
Product 183,4/6/2026,1
Product 203,4/6/2026,2
Product 204,4/6/2026,1
Product 4194,4/6/2026,2
Product 631,4/6/2026,1
Product 82,4/6/2026,1
Product 4964,4/6/2026,1
Product 2252,4/6/2026,1
Product 752,4/6/2026,1
Product 4965,4/6/2026,4
Product 37,4/6/2026,1
Product 3124,4/6/2026,1
Product 4966,4/6/2026,1
Product 669,4/6/2026,1
Product 2727,4/6/2026,1
Product 196,4/6/2026,2
Product 1193,4/6/2026,2
Product 37,4/6/2026,1
Product 4483,4/6/2026,1
Product 4966,4/6/2026,1
Product 206,4/6/2026,2
Product 4372,4/6/2026,1
Product 696,4/6/2026,1
Product 4967,4/6/2026,1
Product 1008,4/6/2026,3
Product 4968,4/6/2026,1
Product 491,4/6/2026,1
Product 361,4/6/2026,1
Product 905,4/6/2026,2
Product 4117,4/6/2026,1
Product 1468,4/6/2026,1
Product 2065,4/6/2026,2
Product 144,4/6/2026,1
Product 4969,4/6/2026,1
Product 453,4/6/2026,1
Product 1458,4/6/2026,1
Product 2799,4/6/2026,11
Product 3124,4/6/2026,2
Product 971,4/6/2026,1
Product 4970,4/6/2026,1
Product 1109,4/6/2026,1
Product 4070,4/6/2026,1
Product 1490,4/6/2026,1
Product 2962,4/6/2026,1
Product 1150,4/6/2026,1
Product 4971,4/6/2026,1
Product 1468,4/6/2026,1
Product 223,4/6/2026,1
Product 246,4/6/2026,1
Product 4972,4/6/2026,1
Product 4973,4/6/2026,1
Product 4974,4/6/2026,1
Product 4019,4/6/2026,1
Product 3351,4/6/2026,1
Product 89,4/6/2026,1
Product 90,4/6/2026,1
Product 4975,4/6/2026,1
Product 3547,4/6/2026,1
Product 2722,4/6/2026,1
Product 114,4/6/2026,1
Product 4976,4/6/2026,1
Product 795,4/6/2026,1
Product 4605,4/6/2026,1
Product 672,4/6/2026,1
Product 4977,4/6/2026,2
Product 4658,4/6/2026,1
Product 1500,4/6/2026,1
Product 490,4/6/2026,1
Product 1132,4/6/2026,1
Product 737,4/6/2026,1
Product 4978,4/6/2026,1
Product 1818,4/6/2026,1
Product 2439,4/6/2026,1
Product 775,4/6/2026,1
Product 2069,4/6/2026,1
Product 712,4/6/2026,1
Product 1145,4/6/2026,2
Product 65,4/6/2026,1
Product 249,4/6/2026,1
Product 1772,4/6/2026,1
Product 266,4/6/2026,1
Product 509,4/6/2026,1
Product 3376,4/6/2026,1
Product 183,4/6/2026,1
Product 1151,4/6/2026,2
Product 4979,4/6/2026,7
Product 3908,4/6/2026,1
Product 4980,4/6/2026,1
Product 3808,4/6/2026,1
Product 4505,4/6/2026,1
Product 4981,4/6/2026,1
Product 2709,4/6/2026,1
Product 2087,4/6/2026,1
Product 120,4/6/2026,1
Product 1331,4/6/2026,1
Product 4002,4/6/2026,1
Product 3192,4/6/2026,1
Product 1927,4/6/2026,2
Product 3406,4/6/2026,1
Product 4982,4/6/2026,1
Product 2131,4/6/2026,2
Product 2079,4/6/2026,1
Product 648,4/6/2026,1
Product 1182,4/6/2026,1
Product 4983,4/6/2026,1
Product 11,4/6/2026,1
Product 745,4/6/2026,1
Product 554,4/6/2026,1
Product 2791,4/6/2026,1
Product 3636,4/5/2026,2
Product 2838,4/5/2026,2
Product 4663,4/5/2026,2
Product 4984,4/5/2026,1
Product 1937,4/5/2026,1
Product 3547,4/5/2026,1
Product 543,4/5/2026,1
Product 4985,4/5/2026,1
Product 3,4/5/2026,1
Product 6,4/5/2026,1
Product 3,4/5/2026,1
Product 6,4/5/2026,3
Product 6,4/5/2026,1
Product 1230,4/5/2026,1
Product 1193,4/5/2026,2
Product 548,4/5/2026,1
Product 1216,4/5/2026,2
Product 7,4/5/2026,1
Product 329,4/5/2026,1
Product 79,4/5/2026,1
Product 785,4/5/2026,1
Product 14,4/5/2026,2
Product 330,4/5/2026,1
Product 2114,4/5/2026,1
Product 4545,4/5/2026,1
Product 4986,4/5/2026,1
Product 2413,4/5/2026,1
Product 4987,4/5/2026,1
Product 1240,4/5/2026,1
Product 891,4/5/2026,1
Product 752,4/5/2026,1
Product 1245,4/5/2026,2
Product 4988,4/5/2026,1
Product 97,4/5/2026,1
Product 4989,4/5/2026,2
Product 800,4/5/2026,1
Product 469,4/5/2026,1
Product 106,4/5/2026,1
Product 4990,4/5/2026,1
Product 805,4/5/2026,1
Product 4991,4/5/2026,1
Product 2859,4/5/2026,1
Product 4216,4/5/2026,1
Product 2003,4/5/2026,2
Product 364,4/5/2026,1
Product 2836,4/5/2026,1
Product 364,4/5/2026,1
Product 2269,4/5/2026,1
Product 1662,4/5/2026,1
Product 1987,4/5/2026,1
Product 1002,4/5/2026,3
Product 4992,4/5/2026,1
Product 4644,4/5/2026,1
Product 3547,4/5/2026,3
Product 1356,4/5/2026,1
Product 2059,4/5/2026,1
Product 4993,4/5/2026,1
Product 4994,4/5/2026,1
Product 294,4/5/2026,1
Product 4995,4/5/2026,2
Product 3060,4/5/2026,1
Product 4996,4/5/2026,1
Product 22,4/5/2026,1
Product 4997,4/5/2026,1
Product 1261,4/5/2026,1
Product 2908,4/5/2026,1
Product 49,4/5/2026,1
Product 1308,4/5/2026,1
Product 1905,4/5/2026,1
Product 3640,4/5/2026,1
Product 460,4/5/2026,1
Product 4998,4/5/2026,1
Product 508,4/5/2026,1
Product 825,4/5/2026,1
Product 3724,4/5/2026,1
Product 4210,4/5/2026,1
Product 4999,4/5/2026,1
Product 3640,4/5/2026,2
Product 3634,4/5/2026,3
Product 36,4/5/2026,1
Product 37,4/5/2026,4
Product 696,4/5/2026,1
Product 3980,4/5/2026,2
Product 5000,4/5/2026,1
Product 308,4/5/2026,1
Product 1618,4/5/2026,1
Product 5001,4/5/2026,1
Product 4839,4/5/2026,1
Product 2417,4/5/2026,1
Product 2908,4/5/2026,1
Product 3702,4/5/2026,1
Product 402,4/5/2026,1
Product 3404,4/5/2026,1
Product 1394,4/5/2026,1
Product 5002,4/5/2026,1
Product 1553,4/5/2026,1
Product 543,4/5/2026,1
Product 837,4/5/2026,1
Product 1643,4/5/2026,1
Product 1624,4/5/2026,1
Product 1644,4/5/2026,1
Product 5003,4/5/2026,2
Product 2691,4/5/2026,2
Product 493,4/5/2026,1
Product 5003,4/5/2026,1
Product 1354,4/5/2026,2
Product 2291,4/5/2026,1
Product 2919,4/5/2026,2
Product 5004,4/5/2026,1
Product 2910,4/5/2026,2
Product 1654,4/5/2026,1
Product 3916,4/5/2026,1
Product 2920,4/5/2026,1
Product 73,4/5/2026,2
Product 3691,4/5/2026,1
Product 648,4/5/2026,1
Product 2669,4/5/2026,1
Product 5005,4/5/2026,1
Product 4275,4/5/2026,1
Product 5006,4/5/2026,1
Product 5007,4/5/2026,1
Product 1307,4/5/2026,1
Product 5008,4/5/2026,1
Product 3224,4/5/2026,1
Product 183,4/5/2026,1
Product 5009,4/5/2026,1
Product 5010,4/5/2026,3
Product 303,4/5/2026,2
Product 3515,4/5/2026,1
Product 1446,4/5/2026,1
Product 3388,4/5/2026,1
Product 63,4/5/2026,1
Product 67,4/5/2026,1
Product 795,4/5/2026,1
Product 75,4/5/2026,1
Product 570,4/5/2026,2
Product 1118,4/5/2026,1
Product 3661,4/5/2026,1
Product 1034,4/5/2026,1
Product 199,4/5/2026,1
Product 2782,4/5/2026,1
Product 2783,4/5/2026,1
Product 246,4/5/2026,2
Product 744,4/5/2026,1
Product 1070,4/5/2026,1
Product 2925,4/5/2026,1
Product 879,4/5/2026,1
Product 51,4/5/2026,1
Product 2907,4/5/2026,1
Product 1655,4/5/2026,1
Product 85,4/5/2026,4
Product 5011,4/5/2026,1
Product 696,4/5/2026,1
Product 3367,4/5/2026,1
Product 5012,4/5/2026,1
Product 529,4/5/2026,1
Product 3351,4/5/2026,1
Product 1475,4/5/2026,1
Product 3136,4/5/2026,1
Product 2715,4/5/2026,1
Product 1963,4/5/2026,1
Product 1964,4/5/2026,2
Product 4239,4/5/2026,1
Product 3711,4/5/2026,4
Product 5013,4/5/2026,1
Product 398,4/5/2026,1
Product 399,4/5/2026,4
Product 348,4/5/2026,1
Product 2659,4/5/2026,2
Product 693,4/5/2026,2
Product 3547,4/5/2026,3
Product 3178,4/5/2026,1
Product 466,4/5/2026,1
Product 85,4/5/2026,1
Product 1995,4/5/2026,2
Product 1747,4/5/2026,1
Product 3124,4/5/2026,1
Product 4657,4/5/2026,1
Product 2717,4/5/2026,1
Product 32,4/5/2026,1
Product 354,4/5/2026,1
Product 901,4/5/2026,1
Product 5014,4/5/2026,1
Product 5015,4/5/2026,1
Product 895,4/5/2026,1
Product 903,4/5/2026,1
Product 1538,4/5/2026,1
Product 588,4/5/2026,1
Product 4977,4/5/2026,2
Product 2117,4/5/2026,1
Product 5016,4/5/2026,2
Product 777,4/5/2026,1
Product 2728,4/5/2026,1
Product 1925,4/5/2026,1
Product 979,4/5/2026,1
Product 5017,4/5/2026,1
Product 3601,4/5/2026,1
Product 2581,4/5/2026,1
Product 5018,4/5/2026,2
Product 4132,4/5/2026,1
Product 2508,4/5/2026,1
Product 600,4/5/2026,1
Product 4480,4/5/2026,1
Product 3372,4/5/2026,1
Product 1925,4/5/2026,1
Product 4826,4/5/2026,2
Product 5019,4/5/2026,2
Product 5020,4/5/2026,2
Product 5021,4/5/2026,1
Product 1701,4/5/2026,1
Product 995,4/5/2026,1
Product 398,4/5/2026,1
Product 399,4/5/2026,2
Product 373,4/5/2026,2
Product 927,4/5/2026,1
Product 930,4/5/2026,1
Product 2002,4/5/2026,1
Product 133,4/5/2026,1
Product 5022,4/5/2026,1
Product 5023,4/5/2026,2
Product 2735,4/5/2026,1
Product 130,4/5/2026,1
Product 2002,4/5/2026,1
Product 97,4/5/2026,2
Product 3090,4/5/2026,1
Product 469,4/5/2026,1
Product 691,4/5/2026,1
Product 3224,4/5/2026,1
Product 5024,4/5/2026,2
Product 390,4/5/2026,1
Product 3582,4/5/2026,1
Product 397,4/5/2026,1
Product 2001,4/5/2026,1
Product 5025,4/5/2026,1
Product 2455,4/5/2026,1
Product 5026,4/5/2026,1
Product 5027,4/5/2026,2
Product 4045,4/5/2026,2
Product 399,4/5/2026,1
Product 1378,4/5/2026,1
Product 2170,4/5/2026,2
Product 4143,4/5/2026,2
Product 5028,4/5/2026,1
Product 1683,4/5/2026,1
Product 5029,4/5/2026,3
Product 5030,4/5/2026,1
Product 5031,4/5/2026,1
Product 1262,4/5/2026,1
Product 3639,4/5/2026,1
Product 2208,4/5/2026,1
Product 3589,4/5/2026,1
Product 3507,4/5/2026,1
Product 2514,4/5/2026,2
Product 1192,4/5/2026,1
Product 5032,4/5/2026,1
Product 4373,4/5/2026,1
Product 395,4/5/2026,1
Product 5033,4/5/2026,1
Product 286,4/5/2026,1
Product 4535,4/5/2026,1
Product 1547,4/5/2026,1
Product 2515,4/5/2026,1
Product 2329,4/5/2026,1
Product 1715,4/5/2026,1
Product 70,4/5/2026,1
Product 940,4/5/2026,2
Product 745,4/5/2026,1
Product 5034,4/5/2026,1
Product 5035,4/5/2026,1
Product 2540,4/5/2026,1
Product 2353,4/5/2026,1
Product 162,4/5/2026,1
Product 998,4/5/2026,1
Product 5035,4/5/2026,2
Product 2003,4/5/2026,1
Product 610,4/5/2026,1
Product 1904,4/5/2026,1
Product 2954,4/5/2026,1
Product 134,4/5/2026,2
Product 1582,4/5/2026,1
Product 4591,4/5/2026,3
Product 2750,4/5/2026,1
Product 2975,4/5/2026,1
Product 2025,4/5/2026,1
Product 1310,4/5/2026,1
Product 2923,4/5/2026,2
Product 37,4/5/2026,1
Product 5036,4/5/2026,1
Product 5037,4/5/2026,1
Product 5038,4/5/2026,1
Product 246,4/5/2026,2
Product 5039,4/5/2026,1
Product 1870,4/5/2026,1
Product 392,4/5/2026,1
Product 966,4/5/2026,1
Product 2200,4/5/2026,1
Product 5040,4/5/2026,1
Product 130,4/5/2026,1
Product 655,4/5/2026,1
Product 4584,4/5/2026,1
Product 3834,4/5/2026,1
Product 4166,4/5/2026,2
Product 79,4/5/2026,4
Product 5041,4/5/2026,1
Product 3730,4/5/2026,1
Product 2269,4/5/2026,1
Product 995,4/5/2026,1
Product 131,4/5/2026,2
Product 2270,4/5/2026,2
Product 4596,4/5/2026,2
Product 398,4/5/2026,1
Product 930,4/5/2026,1
Product 399,4/5/2026,2
Product 3917,4/5/2026,1
Product 3448,4/5/2026,1
Product 933,4/5/2026,2
Product 2331,4/5/2026,2
Product 1361,4/5/2026,2
Product 1378,4/5/2026,1
Product 590,4/5/2026,1
Product 4040,4/5/2026,1
Product 1509,4/5/2026,2
Product 4186,4/5/2026,1
Product 5042,4/5/2026,1
Product 5043,4/5/2026,2
Product 5044,4/5/2026,2
Product 5045,4/5/2026,1
Product 5046,4/5/2026,1
Product 3802,4/5/2026,1
Product 5047,4/5/2026,2
Product 5048,4/5/2026,1
Product 5049,4/5/2026,1
Product 3124,4/5/2026,1
Product 5050,4/5/2026,1
Product 2207,4/5/2026,1
Product 1041,4/5/2026,1
Product 5051,4/5/2026,1
Product 79,4/5/2026,3
Product 2707,4/5/2026,1
Product 4524,4/5/2026,1
Product 5052,4/5/2026,1
Product 5053,4/5/2026,1
Product 1680,4/5/2026,1
Product 5054,4/5/2026,1
Product 5055,4/5/2026,1
Product 5056,4/5/2026,6
Product 5057,4/5/2026,1
Product 3124,4/5/2026,2
Product 5058,4/5/2026,1
Product 3553,4/5/2026,1
Product 4013,4/5/2026,1
Product 5059,4/5/2026,1
Product 2609,4/5/2026,1
Product 3374,4/5/2026,2
Product 5060,4/5/2026,1
Product 1302,4/5/2026,1
Product 811,4/5/2026,3
Product 5061,4/5/2026,1
Product 300,4/5/2026,1
Product 5062,4/5/2026,1
Product 985,4/5/2026,1
Product 2975,4/5/2026,1
Product 4618,4/5/2026,1
Product 4398,4/5/2026,1
Product 58,4/5/2026,1
Product 79,4/5/2026,1
Product 5063,4/5/2026,1
Product 840,4/5/2026,2
Product 3003,4/5/2026,1
Product 5064,4/5/2026,2
Product 5065,4/5/2026,1
Product 872,4/5/2026,1
Product 1926,4/5/2026,1
Product 5066,4/5/2026,1
Product 144,4/5/2026,1
Product 284,4/5/2026,1
Product 538,4/5/2026,1
Product 2045,4/5/2026,1
Product 811,4/5/2026,1
Product 327,4/5/2026,1
Product 2104,4/5/2026,1
Product 5067,4/5/2026,1
Product 2625,4/5/2026,1
Product 1195,4/5/2026,1
Product 268,4/5/2026,1
Product 3210,4/5/2026,1
Product 37,4/5/2026,1
Product 3634,4/5/2026,1
Product 5068,4/5/2026,1
Product 5069,4/5/2026,1
Product 5070,4/5/2026,1
Product 1154,4/5/2026,3
Product 5071,4/5/2026,1
Product 3499,4/5/2026,1
Product 5072,4/5/2026,1
Product 4002,4/5/2026,1
Product 5073,4/5/2026,1
Product 197,4/5/2026,1
Product 3345,4/5/2026,1
Product 144,4/5/2026,2
Product 219,4/5/2026,1
Product 144,4/5/2026,1
Product 4805,4/5/2026,1
Product 2977,4/5/2026,1
Product 5074,4/5/2026,1
Product 5040,4/5/2026,1
Product 5075,4/5/2026,2
Product 1061,4/5/2026,1
Product 2992,4/5/2026,1
Product 5076,4/5/2026,1
Product 3782,4/5/2026,1
Product 5077,4/5/2026,1
Product 2381,4/5/2026,1
Product 2435,4/5/2026,1
Product 5078,4/5/2026,1
Product 1238,4/5/2026,1
Product 717,4/5/2026,2
Product 5079,4/5/2026,3
Product 1773,4/5/2026,1
Product 3712,4/5/2026,1
Product 5080,4/5/2026,1
Product 5081,4/5/2026,1
Product 5082,4/5/2026,2
Product 218,4/5/2026,1
Product 5083,4/5/2026,1
Product 3650,4/5/2026,1
Product 3327,4/5/2026,1
Product 218,4/5/2026,1
Product 3564,4/5/2026,1
Product 3787,4/5/2026,3
Product 1750,4/5/2026,1
Product 2808,4/5/2026,1
Product 5084,4/5/2026,1
Product 1750,4/5/2026,1
Product 3039,4/5/2026,1
Product 4724,4/5/2026,1
Product 2658,4/5/2026,1
Product 1244,4/5/2026,1
Product 5085,4/5/2026,1
Product 1537,4/5/2026,1
Product 5033,4/5/2026,1
Product 4941,4/5/2026,5
Product 4943,4/5/2026,4
Product 4944,4/5/2026,8
Product 5086,4/5/2026,4
Product 5087,4/5/2026,5
Product 4945,4/5/2026,20
Product 1509,4/5/2026,1
Product 3800,4/5/2026,1
Product 3955,4/5/2026,20
Product 5088,4/5/2026,1
Product 2881,4/5/2026,1
Product 2882,4/5/2026,1
Product 2584,4/5/2026,2
Product 110,4/5/2026,1
Product 1777,4/5/2026,8
Product 5089,4/5/2026,1
Product 1969,4/5/2026,1
Product 4878,4/5/2026,1
Product 2049,4/5/2026,1
Product 2111,4/5/2026,1
Product 1768,4/5/2026,1
Product 5090,4/5/2026,1
Product 5091,4/5/2026,1
Product 467,4/5/2026,1
Product 3242,4/5/2026,1
Product 972,4/5/2026,1
Product 1386,4/5/2026,1
Product 1487,4/5/2026,2
Product 3218,4/5/2026,2
Product 974,4/5/2026,1
Product 472,4/5/2026,1
Product 286,4/5/2026,1
Product 2906,4/5/2026,1
Product 1492,4/5/2026,1
Product 2281,4/5/2026,1
Product 5092,4/5/2026,2
Product 739,4/5/2026,1
Product 3237,4/5/2026,1
Product 2473,4/5/2026,1
Product 246,4/5/2026,1
Product 2331,4/5/2026,1
Product 5093,4/5/2026,1
Product 25,4/5/2026,1
Product 1599,4/5/2026,1
Product 3307,4/5/2026,1
Product 3640,4/5/2026,1
Product 713,4/5/2026,1
Product 4664,4/5/2026,1
Product 5094,4/5/2026,1
Product 354,4/5/2026,1
Product 4183,4/5/2026,1
Product 848,4/5/2026,1
Product 5095,4/5/2026,1
Product 2848,4/5/2026,1
Product 3650,4/5/2026,2
Product 3327,4/5/2026,1
Product 2617,4/5/2026,1
Product 529,4/5/2026,1
Product 5096,4/5/2026,3
Product 2191,4/5/2026,1
Product 5097,4/5/2026,2
Product 4500,4/5/2026,1
Product 1839,4/5/2026,1
Product 696,4/5/2026,1
Product 5098,4/5/2026,1
Product 775,4/5/2026,1
Product 5099,4/5/2026,1
Product 480,4/5/2026,1
Product 488,4/5/2026,2
Product 279,4/5/2026,2
Product 1709,4/5/2026,1
Product 5100,4/5/2026,1
Product 266,4/5/2026,1
Product 5101,4/5/2026,2
Product 776,4/5/2026,1
Product 1176,4/5/2026,1
Product 5102,4/5/2026,1
Product 4413,4/5/2026,1
Product 1816,4/5/2026,1
Product 1500,4/5/2026,1
Product 959,4/5/2026,3
Product 3030,4/5/2026,1
Product 1752,4/5/2026,1
Product 959,4/5/2026,1
Product 1189,4/5/2026,1
Product 3023,4/5/2026,1
Product 1131,4/5/2026,1
Product 1132,4/5/2026,1
Product 1817,4/5/2026,1
Product 5103,4/5/2026,1
Product 2065,4/5/2026,2
Product 1187,4/5/2026,1
Product 1818,4/5/2026,1
Product 4400,4/5/2026,1
Product 274,4/5/2026,1
Product 65,4/5/2026,2
Product 10,4/5/2026,1
Product 1197,4/5/2026,1
Product 2839,4/5/2026,1
Product 4400,4/5/2026,1
Product 502,4/5/2026,3
Product 504,4/5/2026,1
Product 65,4/5/2026,1
Product 689,4/5/2026,3
Product 2351,4/5/2026,2
Product 249,4/5/2026,1
Product 66,4/5/2026,1
Product 66,4/5/2026,1
Product 2242,4/5/2026,1
Product 2076,4/5/2026,1
Product 5104,4/5/2026,1
Product 1076,4/5/2026,1
Product 5105,4/5/2026,1
Product 5106,4/5/2026,1
Product 5107,4/5/2026,1
Product 25,4/5/2026,1
Product 193,4/5/2026,1
Product 721,4/5/2026,1
Product 1943,4/5/2026,1
Product 440,4/5/2026,1
Product 5108,4/5/2026,1
Product 1023,4/5/2026,2
Product 1187,4/5/2026,1
Product 1161,4/5/2026,1
Product 3100,4/5/2026,1
Product 2486,4/5/2026,1
Product 1834,4/5/2026,1
Product 5109,4/5/2026,1
Product 4098,4/5/2026,1
Product 273,4/5/2026,1
Product 3589,4/5/2026,1
Product 82,4/5/2026,1
Product 3143,4/5/2026,1
Product 850,4/5/2026,1
Product 2684,4/5/2026,1
Product 1510,4/5/2026,1
Product 425,4/5/2026,1
Product 4281,4/5/2026,1
Product 1280,4/5/2026,1
Product 3797,4/5/2026,1
Product 2775,4/5/2026,1
Product 1474,4/5/2026,1
Product 3947,4/5/2026,1
Product 1663,4/5/2026,1
Product 4002,4/5/2026,1
Product 1038,4/5/2026,1
Product 4750,4/5/2026,1
Product 3815,4/5/2026,1
Product 3249,4/5/2026,1
Product 5110,4/5/2026,1
Product 183,4/5/2026,1
Product 524,4/5/2026,2
Product 1205,4/5/2026,1
Product 854,4/5/2026,1
Product 10,4/5/2026,1
Product 2264,4/5/2026,1
Product 1621,4/5/2026,1
Product 4671,4/5/2026,2
Product 536,4/5/2026,1
Product 4679,4/5/2026,1
Product 3192,4/5/2026,1
Product 305,4/5/2026,1
Product 4108,4/5/2026,2
Product 3406,4/5/2026,1
Product 857,4/5/2026,1
Product 858,4/5/2026,1
Product 2094,4/5/2026,1
Product 651,4/5/2026,1
Product 11,4/5/2026,1
Product 319,4/5/2026,1
Product 2475,4/5/2026,1
Product 313,4/5/2026,1
Product 5111,4/5/2026,1
Product 5112,4/5/2026,1
Product 465,4/5/2026,1
Product 961,4/5/2026,1
Product 745,4/5/2026,1
Product 795,4/5/2026,1
Product 656,4/5/2026,1
Product 3943,4/5/2026,1
Product 3414,4/5/2026,1
Product 437,4/5/2026,1
Product 2469,4/5/2026,2
Product 543,4/5/2026,2
Product 5113,4/5/2026,1
Product 1194,4/5/2026,1
Product 554,4/5/2026,1
Product 554,4/5/2026,3
Product 4773,4/5/2026,1
Product 2121,4/5/2026,1
Product 1980,4/5/2026,1
Product 6,4/4/2026,1
Product 14,4/4/2026,1
Product 6,4/4/2026,1
Product 548,4/4/2026,1
Product 1863,4/4/2026,1
Product 1216,4/4/2026,1
Product 7,4/4/2026,1
Product 7,4/4/2026,1
Product 13,4/4/2026,1
Product 785,4/4/2026,1
Product 330,4/4/2026,1
Product 5114,4/4/2026,1
Product 1223,4/4/2026,1
Product 5115,4/4/2026,1
Product 334,4/4/2026,1
Product 1290,4/4/2026,1
Product 2685,4/4/2026,3
Product 3551,4/4/2026,1
Product 365,4/4/2026,1
Product 571,4/4/2026,3
Product 399,4/4/2026,1
Product 1666,4/4/2026,2
Product 2954,4/4/2026,1
Product 1668,4/4/2026,1
Product 1958,4/4/2026,1
Product 1921,4/4/2026,1
Product 3124,4/4/2026,2
Product 327,4/4/2026,1
Product 2644,4/4/2026,1
Product 5015,4/4/2026,1
Product 4688,4/4/2026,1
Product 2904,4/4/2026,1
Product 5116,4/4/2026,1
Product 97,4/4/2026,1
Product 5117,4/4/2026,1
Product 4614,4/4/2026,1
Product 5118,4/4/2026,1
Product 709,4/4/2026,1
Product 89,4/4/2026,1
Product 90,4/4/2026,1
Product 1890,4/4/2026,1
Product 1289,4/4/2026,1
Product 5119,4/4/2026,1
Product 2122,4/4/2026,1
Product 3157,4/4/2026,1
Product 2481,4/4/2026,1
Product 5120,4/4/2026,1
Product 37,4/4/2026,3
Product 741,4/4/2026,1
Product 1583,4/4/2026,2
Product 79,4/4/2026,1
Product 1241,4/4/2026,1
Product 804,4/4/2026,16
Product 3303,4/4/2026,1
Product 79,4/4/2026,1
Product 4216,4/4/2026,1
Product 2415,4/4/2026,1
Product 3873,4/4/2026,1
Product 3634,4/4/2026,1
Product 2209,4/4/2026,1
Product 3362,4/4/2026,1
Product 4679,4/4/2026,1
Product 5121,4/4/2026,2
Product 3151,4/4/2026,1
Product 37,4/4/2026,5
Product 1250,4/4/2026,1
Product 2425,4/4/2026,1
Product 5122,4/4/2026,1
Product 303,4/4/2026,1
Product 4833,4/4/2026,3
Product 2264,4/4/2026,2
Product 1254,4/4/2026,2
Product 21,4/4/2026,1
Product 415,4/4/2026,3
Product 5123,4/4/2026,1
Product 1246,4/4/2026,1
Product 3367,4/4/2026,1
Product 2427,4/4/2026,1
Product 825,4/4/2026,1
Product 1559,4/4/2026,1
Product 5124,4/4/2026,1
Product 5125,4/4/2026,1
Product 37,4/4/2026,5
Product 5126,4/4/2026,1
Product 3663,4/4/2026,1
Product 3634,4/4/2026,1
Product 38,4/4/2026,1
Product 2640,4/4/2026,1
Product 4445,4/4/2026,1
Product 826,4/4/2026,1
Product 1659,4/4/2026,1
Product 5127,4/4/2026,1
Product 5128,4/4/2026,1
Product 3262,4/4/2026,1
Product 2145,4/4/2026,1
Product 3547,4/4/2026,2
Product 1268,4/4/2026,1
Product 5129,4/4/2026,1
Product 2673,4/4/2026,1
Product 2919,4/4/2026,1
Product 2673,4/4/2026,1
Product 2674,4/4/2026,1
Product 87,4/4/2026,1
Product 3695,4/4/2026,1
Product 5130,4/4/2026,1
Product 3613,4/4/2026,2
Product 3640,4/4/2026,1
Product 3381,4/4/2026,1
Product 531,4/4/2026,1
Product 3674,4/4/2026,1
Product 3420,4/4/2026,1
Product 4721,4/4/2026,1
Product 1968,4/4/2026,1
Product 2002,4/4/2026,1
Product 246,4/4/2026,3
Product 837,4/4/2026,1
Product 1903,4/4/2026,1
Product 5131,4/4/2026,1
Product 5132,4/4/2026,1
Product 4712,4/4/2026,1
Product 5133,4/4/2026,1
Product 2833,4/4/2026,1
Product 496,4/4/2026,1
Product 2916,4/4/2026,1
Product 1928,4/4/2026,1
Product 161,4/4/2026,1
Product 4099,4/4/2026,1
Product 5134,4/4/2026,1
Product 1307,4/4/2026,3
Product 2919,4/4/2026,1
Product 1087,4/4/2026,1
Product 2920,4/4/2026,1
Product 568,4/4/2026,3
Product 569,4/4/2026,2
Product 1884,4/4/2026,1
Product 1244,4/4/2026,1
Product 5135,4/4/2026,1
Product 5136,4/4/2026,1
Product 5137,4/4/2026,1
Product 4357,4/4/2026,1
Product 4457,4/4/2026,1
Product 3308,4/4/2026,2
Product 3640,4/4/2026,1
Product 2477,4/4/2026,1
Product 2465,4/4/2026,1
Product 5138,4/4/2026,1
Product 2682,4/4/2026,1
Product 63,4/4/2026,1
Product 1033,4/4/2026,1
Product 3108,4/4/2026,1
Product 3634,4/4/2026,1
Product 3735,4/4/2026,1
Product 749,4/4/2026,1
Product 63,4/4/2026,1
Product 570,4/4/2026,1
Product 5139,4/4/2026,1
Product 931,4/4/2026,1
Product 3087,4/4/2026,2
Product 2000,4/4/2026,1
Product 279,4/4/2026,1
Product 1537,4/4/2026,1
Product 748,4/4/2026,1
Product 3894,4/4/2026,1
Product 696,4/4/2026,2
Product 25,4/4/2026,1
Product 3259,4/4/2026,1
Product 5140,4/4/2026,1
Product 1822,4/4/2026,1
Product 1934,4/4/2026,2
Product 5141,4/4/2026,2
Product 775,4/4/2026,1
Product 813,4/4/2026,1
Product 2604,4/4/2026,1
Product 1538,4/4/2026,1
Product 5142,4/4/2026,1
Product 5143,4/4/2026,1
Product 1232,4/4/2026,2
Product 903,4/4/2026,1
Product 87,4/4/2026,1
Product 594,4/4/2026,3
Product 2501,4/4/2026,1
Product 4957,4/4/2026,1
Product 1363,4/4/2026,3
Product 394,4/4/2026,2
Product 966,4/4/2026,2
Product 128,4/4/2026,1
Product 1554,4/4/2026,2
Product 5144,4/4/2026,1
Product 342,4/4/2026,1
Product 4596,4/4/2026,1
Product 5145,4/4/2026,1
Product 2796,4/4/2026,1
Product 5146,4/4/2026,1
Product 3313,4/4/2026,1
Product 2746,4/4/2026,1
Product 5147,4/4/2026,1
Product 2522,4/4/2026,1
Product 4662,4/4/2026,1
Product 2164,4/4/2026,1
Product 4720,4/4/2026,1
Product 5116,4/4/2026,1
Product 1045,4/4/2026,1
Product 5148,4/4/2026,1
Product 3883,4/4/2026,1
Product 2000,4/4/2026,1
Product 1925,4/4/2026,1
Product 5149,4/4/2026,1
Product 5150,4/4/2026,1
Product 2891,4/4/2026,2
Product 5151,4/4/2026,1
Product 3649,4/4/2026,1
Product 4509,4/4/2026,1
Product 3852,4/4/2026,1
Product 340,4/4/2026,1
Product 2749,4/4/2026,1
Product 79,4/4/2026,5
Product 408,4/4/2026,1
Product 1893,4/4/2026,1
Product 1348,4/4/2026,1
Product 5152,4/4/2026,1
Product 2314,4/4/2026,1
Product 369,4/4/2026,1
Product 1988,4/4/2026,1
Product 1989,4/4/2026,1
Product 147,4/4/2026,1
Product 1991,4/4/2026,1
Product 5153,4/4/2026,2
Product 5154,4/4/2026,1
Product 2205,4/4/2026,1
Product 295,4/4/2026,1
Product 5034,4/4/2026,2
Product 5035,4/4/2026,2
Product 1539,4/4/2026,1
Product 957,4/4/2026,1
Product 858,4/4/2026,1
Product 733,4/4/2026,1
Product 4773,4/4/2026,1
Product 966,4/4/2026,0
Product 5155,4/4/2026,0
Product 966,4/4/2026,4
Product 1005,4/4/2026,1
Product 5156,4/4/2026,1
Product 3912,4/4/2026,1
Product 4268,4/4/2026,1
Product 5157,4/4/2026,1
Product 5068,4/4/2026,1
Product 5070,4/4/2026,1
Product 562,4/4/2026,1
Product 396,4/4/2026,1
Product 1200,4/4/2026,1
Product 313,4/4/2026,2
Product 1104,4/4/2026,1
Product 979,4/4/2026,1
Product 790,4/4/2026,1
Product 96,4/4/2026,1
Product 5158,4/4/2026,1
Product 3428,4/4/2026,1
Product 4345,4/4/2026,1
Product 1166,4/4/2026,1
Product 987,4/4/2026,1
Product 1866,4/4/2026,2
Product 4384,4/4/2026,1
Product 1666,4/4/2026,1
Product 2954,4/4/2026,1
Product 614,4/4/2026,1
Product 5159,4/4/2026,1
Product 614,4/4/2026,1
Product 1703,4/4/2026,1
Product 2523,4/4/2026,1
Product 1704,4/4/2026,1
Product 5160,4/4/2026,1
Product 1662,4/4/2026,1
Product 1056,4/4/2026,1
Product 3324,4/4/2026,1
Product 4477,4/4/2026,1
Product 4047,4/4/2026,1
Product 4630,4/4/2026,1
Product 2777,4/4/2026,2
Product 930,4/4/2026,1
Product 133,4/4/2026,1
Product 1002,4/4/2026,1
Product 1378,4/4/2026,1
Product 71,4/4/2026,1
Product 1361,4/4/2026,1
Product 4040,4/4/2026,1
Product 2750,4/4/2026,1
Product 1372,4/4/2026,1
Product 147,4/4/2026,1
Product 938,4/4/2026,1
Product 1368,4/4/2026,1
Product 1006,4/4/2026,1
Product 648,4/4/2026,1
Product 2334,4/4/2026,2
Product 1995,4/4/2026,1
Product 406,4/4/2026,1
Product 2008,4/4/2026,1
Product 5161,4/4/2026,1
Product 3783,4/4/2026,1
Product 5162,4/4/2026,1
Product 1480,4/4/2026,1
Product 1350,4/4/2026,1
Product 3555,4/4/2026,1
Product 5163,4/4/2026,1
Product 905,4/4/2026,1
Product 906,4/4/2026,4
Product 3547,4/4/2026,2
Product 1262,4/4/2026,1
Product 1649,4/4/2026,1
Product 5164,4/4/2026,1
Product 5165,4/4/2026,2
Product 207,4/4/2026,1
Product 1028,4/4/2026,2
Product 3222,4/4/2026,1
Product 3188,4/4/2026,1
Product 5166,4/4/2026,1
Product 3219,4/4/2026,1
Product 1737,4/4/2026,2
Product 3926,4/4/2026,2
Product 2473,4/4/2026,1
Product 3456,4/4/2026,1
Product 5167,4/4/2026,1
Product 3094,4/4/2026,1
Product 421,4/4/2026,1
Product 4165,4/4/2026,1
Product 3695,4/4/2026,2
Product 2539,4/4/2026,1
Product 5168,4/4/2026,1
Product 3933,4/4/2026,1
Product 4255,4/4/2026,1
Product 2488,4/4/2026,1
Product 3432,4/4/2026,1
Product 552,4/4/2026,1
Product 5169,4/4/2026,2
Product 5170,4/4/2026,1
Product 79,4/4/2026,1
Product 5171,4/4/2026,1
Product 5172,4/4/2026,1
Product 5173,4/4/2026,1
Product 2133,4/4/2026,1
Product 748,4/4/2026,1
Product 4362,4/4/2026,1
Product 5174,4/4/2026,1
Product 472,4/4/2026,1
Product 5175,4/4/2026,1
Product 1943,4/4/2026,1
Product 1160,4/4/2026,1
Product 5176,4/4/2026,1
Product 476,4/4/2026,1
Product 547,4/4/2026,1
Product 1289,4/4/2026,1
Product 4362,4/4/2026,1
Product 246,4/4/2026,1
Product 1148,4/4/2026,1
Product 2430,4/4/2026,1
Product 37,4/4/2026,2
Product 5177,4/4/2026,1
Product 5178,4/4/2026,1
Product 5179,4/4/2026,1
Product 5180,4/4/2026,1
Product 3751,4/4/2026,1
Product 3967,4/4/2026,1
Product 246,4/4/2026,1
Product 5181,4/4/2026,1
Product 5182,4/4/2026,1
Product 183,4/4/2026,1
Product 5183,4/4/2026,1
Product 456,4/4/2026,1
Product 5184,4/4/2026,1
Product 2859,4/4/2026,1
Product 1178,4/4/2026,1
Product 437,4/4/2026,1
Product 4975,4/4/2026,1
Product 5185,4/4/2026,1
Product 4062,4/4/2026,1
Product 696,4/4/2026,2
Product 5186,4/4/2026,1
Product 1135,4/4/2026,1
Product 1820,4/4/2026,1
Product 1821,4/4/2026,1
Product 2068,4/4/2026,4
Product 5187,4/4/2026,1
Product 3328,4/4/2026,1
Product 5188,4/4/2026,1
Product 5189,4/4/2026,2
Product 3437,4/4/2026,1
Product 5190,4/4/2026,1
Product 5191,4/4/2026,1
Product 712,4/4/2026,1
Product 1720,4/4/2026,2
Product 3909,4/4/2026,1
Product 2991,4/4/2026,1
Product 1677,4/4/2026,1
Product 2174,4/4/2026,1
Product 5192,4/4/2026,2
Product 3915,4/4/2026,1
Product 2467,4/4/2026,1
Product 741,4/4/2026,1
Product 2184,4/4/2026,1
Product 2219,4/4/2026,1
Product 1318,4/4/2026,1
Product 5193,4/4/2026,1
Product 5194,4/4/2026,1
Product 3658,4/4/2026,1
Product 225,4/4/2026,1
Product 5195,4/4/2026,1
Product 5103,4/4/2026,2
Product 2719,4/4/2026,1
Product 1755,4/4/2026,1
Product 2046,4/4/2026,1
Product 2230,4/4/2026,1
Product 3967,4/4/2026,1
Product 2087,4/4/2026,1
Product 5196,4/4/2026,1
Product 1096,4/4/2026,1
Product 1078,4/4/2026,1
Product 3968,4/4/2026,1
Product 5197,4/4/2026,2
Product 2231,4/4/2026,1
Product 3119,4/4/2026,1
Product 1598,4/4/2026,2
Product 2998,4/4/2026,1
Product 857,4/4/2026,1
Product 5198,4/4/2026,1
Product 3124,4/4/2026,1
Product 285,4/4/2026,1
Product 1839,4/4/2026,2
Product 81,4/4/2026,1
Product 5199,4/4/2026,1
Product 1494,4/4/2026,1
Product 1808,4/4/2026,1
Product 3237,4/4/2026,1
Product 4967,4/4/2026,2
Product 907,4/4/2026,1
Product 3124,4/4/2026,2
Product 5059,4/4/2026,4
Product 663,4/4/2026,1
Product 1023,4/4/2026,2
Product 2614,4/4/2026,2
Product 3951,4/4/2026,1
Product 4625,4/4/2026,1
Product 5200,4/4/2026,1
Product 2755,4/4/2026,2
Product 5201,4/4/2026,1
Product 2566,4/4/2026,1
Product 4094,4/4/2026,1
Product 5202,4/4/2026,1
Product 5203,4/4/2026,1
Product 1816,4/4/2026,1
Product 5204,4/4/2026,1
Product 253,4/4/2026,1
Product 1135,4/4/2026,1
Product 2731,4/4/2026,1
Product 2185,4/4/2026,1
Product 108,4/4/2026,1
Product 3957,4/4/2026,1
Product 108,4/4/2026,2
Product 2449,4/4/2026,1
Product 1193,4/4/2026,1
Product 2971,4/4/2026,1
Product 2440,4/4/2026,1
Product 815,4/4/2026,1
Product 775,4/4/2026,1
Product 2240,4/4/2026,2
Product 5205,4/4/2026,1
Product 712,4/4/2026,2
Product 1146,4/4/2026,3
Product 501,4/4/2026,2
Product 2839,4/4/2026,1
Product 5206,4/4/2026,1
Product 717,4/4/2026,1
Product 2351,4/4/2026,1
Product 2240,4/4/2026,1
Product 439,4/4/2026,1
Product 1244,4/4/2026,2
Product 503,4/4/2026,1
Product 266,4/4/2026,1
Product 275,4/4/2026,4
Product 249,4/4/2026,3
Product 66,4/4/2026,1
Product 280,4/4/2026,2
Product 5207,4/4/2026,1
Product 507,4/4/2026,1
Product 4928,4/4/2026,1
Product 5208,4/4/2026,1
Product 5209,4/4/2026,1
Product 4663,4/4/2026,1
Product 2317,4/4/2026,1
Product 5210,4/4/2026,1
Product 524,4/4/2026,1
Product 2588,4/4/2026,1
Product 2321,4/4/2026,1
Product 762,4/4/2026,2
Product 4525,4/4/2026,1
Product 5211,4/4/2026,1
Product 3803,4/4/2026,1
Product 5212,4/4/2026,1
Product 5176,4/4/2026,1
Product 228,4/4/2026,1
Product 2589,4/4/2026,1
Product 1038,4/4/2026,1
Product 1408,4/4/2026,1
Product 852,4/4/2026,1
Product 1127,4/4/2026,1
Product 1529,4/4/2026,1
Product 761,4/4/2026,1
Product 295,4/4/2026,1
Product 1171,4/4/2026,1
Product 664,4/4/2026,1
Product 1538,4/4/2026,1
Product 5048,4/4/2026,2
Product 659,4/4/2026,1
Product 858,4/4/2026,2
Product 5213,4/4/2026,1
Product 894,4/4/2026,1
Product 381,4/4/2026,1
Product 5214,4/4/2026,1
Product 737,4/4/2026,1
Product 3939,4/4/2026,1
Product 314,4/4/2026,2
Product 2546,4/4/2026,2
Product 2400,4/4/2026,2
Product 1179,4/4/2026,1
Product 5040,4/4/2026,1
Product 320,4/4/2026,1
Product 1190,4/4/2026,1
Product 2777,4/4/2026,1
Product 963,4/4/2026,1
Product 4352,4/4/2026,1
Product 4283,4/4/2026,1
Product 883,4/4/2026,1
Product 5215,4/4/2026,3
Product 2285,4/4/2026,1
Product 658,4/4/2026,1
Product 2473,4/4/2026,1
Product 12,4/4/2026,1
Product 4339,4/4/2026,1
Product 1892,4/4/2026,1
Product 5216,4/4/2026,1
Product 326,4/3/2026,1
Product 3,4/3/2026,1
Product 548,4/3/2026,1
Product 13,4/3/2026,1
Product 329,4/3/2026,6
Product 79,4/3/2026,1
Product 15,4/3/2026,1
Product 977,4/3/2026,1
Product 1223,4/3/2026,1
Product 73,4/3/2026,2
Product 3807,4/3/2026,1
Product 1852,4/3/2026,1
Product 5217,4/3/2026,1
Product 79,4/3/2026,2
Product 333,4/3/2026,1
Product 5218,4/3/2026,1
Product 1254,4/3/2026,1
Product 5219,4/3/2026,1
Product 334,4/3/2026,1
Product 1885,4/3/2026,1
Product 5147,4/3/2026,1
Product 1870,4/3/2026,1
Product 3634,4/3/2026,4
Product 2797,4/3/2026,1
Product 1245,4/3/2026,1
Product 5220,4/3/2026,1
Product 5221,4/3/2026,1
Product 5222,4/3/2026,1
Product 4278,4/3/2026,1
Product 1584,4/3/2026,3
Product 1098,4/3/2026,2
Product 65,4/3/2026,1
Product 2165,4/3/2026,1
Product 4555,4/3/2026,1
Product 3293,4/3/2026,1
Product 3332,4/3/2026,1
Product 1748,4/3/2026,1
Product 1040,4/3/2026,1
Product 3634,4/3/2026,2
Product 1817,4/3/2026,1
Product 915,4/3/2026,1
Product 2183,4/3/2026,1
Product 2102,4/3/2026,1
Product 3291,4/3/2026,1
Product 1248,4/3/2026,1
Product 1296,4/3/2026,1
Product 4348,4/3/2026,1
Product 628,4/3/2026,1
Product 2662,4/3/2026,1
Product 31,4/3/2026,1
Product 2954,4/3/2026,2
Product 3087,4/3/2026,1
Product 2751,4/3/2026,1
Product 2109,4/3/2026,1
Product 147,4/3/2026,1
Product 1718,4/3/2026,1
Product 821,4/3/2026,1
Product 5223,4/3/2026,1
Product 2450,4/3/2026,1
Product 3638,4/3/2026,2
Product 5224,4/3/2026,1
Product 2201,4/3/2026,1
Product 2783,4/3/2026,1
Product 1788,4/3/2026,1
Product 2069,4/3/2026,1
Product 5225,4/3/2026,1
Product 1151,4/3/2026,2
Product 5226,4/3/2026,1
Product 4264,4/3/2026,1
Product 4324,4/3/2026,1
Product 313,4/3/2026,1
Product 538,4/3/2026,1
Product 2908,4/3/2026,1
Product 1624,4/3/2026,1
Product 3634,4/3/2026,1
Product 1146,4/3/2026,3
Product 918,4/3/2026,6
Product 1643,4/3/2026,1
Product 5227,4/3/2026,1
Product 85,4/3/2026,1
Product 5228,4/3/2026,1
Product 5229,4/3/2026,1
Product 246,4/3/2026,1
Product 662,4/3/2026,1
Product 5230,4/3/2026,1
Product 5231,4/3/2026,4
Product 3439,4/3/2026,1
Product 3479,4/3/2026,6
Product 3304,4/3/2026,1
Product 4936,4/3/2026,1
Product 570,4/3/2026,2
Product 1913,4/3/2026,1
Product 5232,4/3/2026,1
Product 37,4/3/2026,2
Product 5233,4/3/2026,1
Product 1891,4/3/2026,1
Product 5234,4/3/2026,1
Product 1702,4/3/2026,1
Product 398,4/3/2026,4
Product 1905,4/3/2026,1
Product 142,4/3/2026,1
Product 3087,4/3/2026,2
Product 1361,4/3/2026,1
Product 1378,4/3/2026,2
Product 97,4/3/2026,1
Product 37,4/3/2026,3
Product 3345,4/3/2026,1
Product 5235,4/3/2026,1
Product 3547,4/3/2026,1
Product 5236,4/3/2026,1
Product 2602,4/3/2026,1
Product 712,4/3/2026,1
Product 183,4/3/2026,1
Product 117,4/3/2026,1
Product 1559,4/3/2026,1
Product 5237,4/3/2026,1
Product 3889,4/3/2026,6
Product 4037,4/3/2026,1
Product 5238,4/3/2026,1
Product 1644,4/3/2026,1
Product 5239,4/3/2026,1
Product 246,4/3/2026,1
Product 3513,4/3/2026,1
Product 1330,4/3/2026,1
Product 582,4/3/2026,1
Product 3406,4/3/2026,1
Product 891,4/3/2026,1
Product 97,4/3/2026,1
Product 2200,4/3/2026,1
Product 79,4/3/2026,1
Product 2102,4/3/2026,1
Product 87,4/3/2026,1
Product 1796,4/3/2026,1
Product 5240,4/3/2026,1
Product 5038,4/3/2026,1
Product 5241,4/3/2026,1
Product 4778,4/3/2026,2
Product 5242,4/3/2026,1
Product 3124,4/3/2026,1
Product 5157,4/3/2026,1
Product 5068,4/3/2026,1
Product 4908,4/3/2026,1
Product 3602,4/3/2026,1
Product 696,4/3/2026,1
Product 477,4/3/2026,1
Product 1615,4/3/2026,1
Product 5243,4/3/2026,1
Product 600,4/3/2026,1
Product 5244,4/3/2026,1
Product 2952,4/3/2026,2
Product 1967,4/3/2026,2
Product 5245,4/3/2026,2
Product 387,4/3/2026,1
Product 4115,4/3/2026,1
Product 5246,4/3/2026,2
Product 5247,4/3/2026,1
Product 5248,4/3/2026,1
Product 246,4/3/2026,1
Product 3224,4/3/2026,1
Product 5249,4/3/2026,2
Product 399,4/3/2026,1
Product 5250,4/3/2026,1
Product 1355,4/3/2026,2
Product 966,4/3/2026,2
Product 130,4/3/2026,1
Product 4328,4/3/2026,1
Product 3730,4/3/2026,1
Product 3324,4/3/2026,1
Product 4477,4/3/2026,1
Product 1703,4/3/2026,1
Product 374,4/3/2026,1
Product 610,4/3/2026,1
Product 1956,4/3/2026,1
Product 1361,4/3/2026,1
Product 1717,4/3/2026,1
Product 937,4/3/2026,1
Product 1004,4/3/2026,1
Product 147,4/3/2026,1
Product 1957,4/3/2026,1
Product 3448,4/3/2026,1
Product 1703,4/3/2026,1
Product 398,4/3/2026,4
Product 11,4/3/2026,1
Product 399,4/3/2026,1
Product 1750,4/3/2026,1
Product 1533,4/3/2026,1
Product 659,4/3/2026,1
Product 1236,4/3/2026,1
Product 146,4/3/2026,2
Product 2750,4/3/2026,1
Product 70,4/3/2026,1
Product 2751,4/3/2026,1
Product 934,4/3/2026,1
Product 1002,4/3/2026,1
Product 5251,4/3/2026,1
Product 4831,4/3/2026,1
Product 2285,4/3/2026,1
Product 4040,4/3/2026,1
Product 97,4/3/2026,1
Product 3431,4/3/2026,1
Product 1021,4/3/2026,1
Product 5252,4/3/2026,1
Product 3400,4/3/2026,1
Product 5253,4/3/2026,1
Product 1072,4/3/2026,1
Product 219,4/3/2026,1
Product 3634,4/3/2026,1
Product 639,4/3/2026,1
Product 2624,4/3/2026,1
Product 5254,4/3/2026,1
Product 160,4/3/2026,1
Product 5255,4/3/2026,2
Product 2185,4/3/2026,1
Product 3912,4/3/2026,1
Product 3478,4/3/2026,1
Product 3181,4/3/2026,1
Product 3608,4/3/2026,1
Product 79,4/3/2026,1
Product 2037,4/3/2026,1
Product 2104,4/3/2026,1
Product 657,4/3/2026,1
Product 37,4/3/2026,1
Product 3782,4/3/2026,1
Product 3640,4/3/2026,1
Product 4205,4/3/2026,1
Product 4966,4/3/2026,2
Product 4755,4/3/2026,1
Product 1712,4/3/2026,1
Product 4738,4/3/2026,1
Product 5190,4/3/2026,1
Product 2912,4/3/2026,1
Product 5256,4/3/2026,3
Product 5257,4/3/2026,2
Product 144,4/3/2026,1
Product 246,4/3/2026,1
Product 5258,4/3/2026,1
Product 5259,4/3/2026,1
Product 5260,4/3/2026,1
Product 3747,4/3/2026,1
Product 3124,4/3/2026,1
Product 5261,4/3/2026,2
Product 5262,4/3/2026,1
Product 3124,4/3/2026,1
Product 1384,4/3/2026,2
Product 3959,4/3/2026,1
Product 5263,4/3/2026,1
Product 5264,4/3/2026,1
Product 4261,4/3/2026,1
Product 1238,4/3/2026,1
Product 5265,4/3/2026,1
Product 2534,4/3/2026,1
Product 80,4/3/2026,1
Product 5266,4/3/2026,1
Product 3279,4/3/2026,2
Product 3358,4/3/2026,1
Product 4877,4/3/2026,1
Product 4878,4/3/2026,1
Product 5267,4/3/2026,1
Product 1098,4/3/2026,1
Product 5268,4/3/2026,1
Product 3337,4/3/2026,1
Product 2708,4/3/2026,1
Product 5269,4/3/2026,1
Product 2820,4/3/2026,1
Product 5270,4/3/2026,1
Product 473,4/3/2026,1
Product 5271,4/3/2026,1
Product 1468,4/3/2026,1
Product 1468,4/3/2026,1
Product 1809,4/3/2026,1
Product 3547,4/3/2026,1
Product 4090,4/3/2026,1
Product 480,4/3/2026,1
Product 696,4/3/2026,1
Product 48,4/3/2026,1
Product 305,4/3/2026,1
Product 5272,4/3/2026,1
Product 739,4/3/2026,1
Product 4034,4/3/2026,1
Product 5273,4/3/2026,1
Product 32,4/3/2026,1
Product 2057,4/3/2026,1
Product 352,4/3/2026,1
Product 2839,4/3/2026,1
Product 4400,4/3/2026,1
Product 2351,4/3/2026,1
Product 2351,4/3/2026,1
Product 3921,4/3/2026,2
Product 3129,4/3/2026,1
Product 266,4/3/2026,2
Product 1520,4/3/2026,1
Product 1843,4/3/2026,1
Product 1555,4/3/2026,1
Product 408,4/3/2026,2
Product 3039,4/3/2026,1
Product 3192,4/3/2026,1
Product 2254,4/3/2026,1
Product 313,4/3/2026,1
Product 5274,4/3/2026,2
Product 3097,4/3/2026,20
Product 3660,4/3/2026,1
Product 2258,4/3/2026,1
Product 5275,4/3/2026,1
Product 1742,4/3/2026,2
Product 531,4/3/2026,2
Product 744,4/3/2026,1
Product 531,4/3/2026,1
Product 1642,4/3/2026,1
Product 531,4/3/2026,1
Product 1070,4/3/2026,1
Product 3735,4/3/2026,2
Product 1851,4/3/2026,1
Product 3414,4/3/2026,1
Product 632,4/3/2026,1
Product 882,4/3/2026,1
Product 4283,4/3/2026,1
Product 2292,4/3/2026,1
Product 75,4/3/2026,2
Product 883,4/3/2026,1
Product 5276,4/3/2026,1
Product 987,4/3/2026,1
Product 426,4/3/2026,1
Product 258,4/3/2026,1
Product 1197,4/3/2026,1
Product 2121,4/3/2026,1
Product 5277,4/2/2026,1
Product 3292,4/2/2026,1
Product 3547,4/2/2026,1
Product 5278,4/2/2026,1
Product 289,4/2/2026,1
Product 5279,4/2/2026,1
Product 4973,4/2/2026,1
Product 2571,4/2/2026,1
Product 2572,4/2/2026,1
Product 3809,4/2/2026,1
Product 303,4/2/2026,2
Product 2244,4/2/2026,1
Product 1342,4/2/2026,1
Product 1,4/2/2026,1
Product 14,4/2/2026,1
Product 3636,4/2/2026,1
Product 1529,4/2/2026,1
Product 1556,4/2/2026,1
Product 1864,4/2/2026,2
Product 1216,4/2/2026,1
Product 7,4/2/2026,1
Product 3230,4/2/2026,1
Product 2865,4/2/2026,1
Product 329,4/2/2026,1
Product 329,4/2/2026,1
Product 14,4/2/2026,1
Product 330,4/2/2026,1
Product 1722,4/2/2026,1
Product 3344,4/2/2026,1
Product 3316,4/2/2026,1
Product 1417,4/2/2026,2
Product 5280,4/2/2026,1
Product 3124,4/2/2026,2
Product 4545,4/2/2026,1
Product 4821,4/2/2026,1
Product 5281,4/2/2026,1
Product 1233,4/2/2026,3
Product 1985,4/2/2026,1
Product 4688,4/2/2026,1
Product 1584,4/2/2026,1
Product 5282,4/2/2026,1
Product 364,4/2/2026,2
Product 35,4/2/2026,1
Product 5283,4/2/2026,1
Product 5284,4/2/2026,1
Product 48,4/2/2026,1
Product 1254,4/2/2026,2
Product 2733,4/2/2026,1
Product 1345,4/2/2026,1
Product 3911,4/2/2026,1
Product 790,4/2/2026,1
Product 924,4/2/2026,1
Product 929,4/2/2026,1
Product 2003,4/2/2026,1
Product 134,4/2/2026,1
Product 1704,4/2/2026,1
Product 364,4/2/2026,1
Product 5285,4/2/2026,1
Product 4434,4/2/2026,1
Product 31,4/2/2026,1
Product 5286,4/2/2026,1
Product 3520,4/2/2026,1
Product 2975,4/2/2026,1
Product 5287,4/2/2026,1
Product 5288,4/2/2026,4
Product 5289,4/2/2026,1
Product 1272,4/2/2026,2
Product 3822,4/2/2026,1
Product 2911,4/2/2026,1
Product 2481,4/2/2026,1
Product 2795,4/2/2026,1
Product 1232,4/2/2026,2
Product 3124,4/2/2026,1
Product 5214,4/2/2026,1
Product 1616,4/2/2026,1
Product 2105,4/2/2026,1
Product 1660,4/2/2026,2
Product 316,4/2/2026,1
Product 8,4/2/2026,1
Product 1884,4/2/2026,1
Product 643,4/2/2026,1
Product 696,4/2/2026,2
Product 1774,4/2/2026,1
Product 1528,4/2/2026,1
Product 522,4/2/2026,1
Product 5290,4/2/2026,1
Product 1046,4/2/2026,1
Product 5006,4/2/2026,1
Product 1307,4/2/2026,1
Product 2693,4/2/2026,1
Product 5291,4/2/2026,1
Product 5253,4/2/2026,1
Product 2025,4/2/2026,1
Product 3590,4/2/2026,1
Product 73,4/2/2026,2
Product 5292,4/2/2026,1
Product 5293,4/2/2026,1
Product 5294,4/2/2026,1
Product 3634,4/2/2026,2
Product 2071,4/2/2026,4
Product 1474,4/2/2026,1
Product 196,4/2/2026,1
Product 4715,4/2/2026,1
Product 1690,4/2/2026,1
Product 5295,4/2/2026,1
Product 4045,4/2/2026,1
Product 1968,4/2/2026,2
Product 1337,4/2/2026,1
Product 5035,4/2/2026,2
Product 2329,4/2/2026,1
Product 441,4/2/2026,1
Product 1616,4/2/2026,1
Product 438,4/2/2026,1
Product 5163,4/2/2026,1
Product 9,4/2/2026,1
Product 2660,4/2/2026,1
Product 1357,4/2/2026,1
Product 2340,4/2/2026,2
Product 5093,4/2/2026,1
Product 3307,4/2/2026,1
Product 727,4/2/2026,1
Product 120,4/2/2026,1
Product 920,4/2/2026,4
Product 398,4/2/2026,1
Product 562,4/2/2026,1
Product 977,4/2/2026,1
Product 620,4/2/2026,1
Product 3685,4/2/2026,1
Product 4374,4/2/2026,1
Product 4919,4/2/2026,1
Product 2970,4/2/2026,1
Product 5296,4/2/2026,1
Product 5297,4/2/2026,1
Product 790,4/2/2026,1
Product 2523,4/2/2026,1
Product 1650,4/2/2026,1
Product 1662,4/2/2026,2
Product 399,4/2/2026,1
Product 398,4/2/2026,1
Product 1370,4/2/2026,2
Product 2756,4/2/2026,1
Product 153,4/2/2026,1
Product 5174,4/2/2026,3
Product 3224,4/2/2026,1
Product 183,4/2/2026,1
Product 5298,4/2/2026,1
Product 5299,4/2/2026,1
Product 2000,4/2/2026,1
Product 97,4/2/2026,1
Product 755,4/2/2026,1
Product 1543,4/2/2026,1
Product 745,4/2/2026,1
Product 342,4/2/2026,2
Product 4596,4/2/2026,1
Product 1995,4/2/2026,1
Product 5300,4/2/2026,1
Product 1995,4/2/2026,1
Product 581,4/2/2026,1
Product 5301,4/2/2026,1
Product 4411,4/2/2026,1
Product 3547,4/2/2026,1
Product 3372,4/2/2026,1
Product 1171,4/2/2026,1
Product 5302,4/2/2026,1
Product 3538,4/2/2026,1
Product 1414,4/2/2026,1
Product 915,4/2/2026,1
Product 4197,4/2/2026,1
Product 4212,4/2/2026,1
Product 2859,4/2/2026,1
Product 3257,4/2/2026,1
Product 1538,4/2/2026,1
Product 638,4/2/2026,1
Product 4164,4/2/2026,1
Product 1820,4/2/2026,1
Product 857,4/2/2026,1
Product 967,4/2/2026,2
Product 2774,4/2/2026,1
Product 37,4/2/2026,2
Product 3316,4/2/2026,1
Product 5303,4/2/2026,1
Product 2658,4/2/2026,1
Product 713,4/2/2026,2
Product 2165,4/2/2026,1
Product 37,4/2/2026,1
Product 37,4/2/2026,1
Product 442,4/2/2026,2
Product 5304,4/2/2026,1
Product 5075,4/2/2026,5
Product 5305,4/2/2026,2
Product 5306,4/2/2026,1
Product 960,4/2/2026,1
Product 4787,4/2/2026,1
Product 5307,4/2/2026,1
Product 5308,4/2/2026,1
Product 658,4/2/2026,1
Product 1466,4/2/2026,1
Product 246,4/2/2026,2
Product 3845,4/2/2026,1
Product 5183,4/2/2026,1
Product 2292,4/2/2026,1
Product 653,4/2/2026,1
Product 2628,4/2/2026,1
Product 5309,4/2/2026,1
Product 5310,4/2/2026,2
Product 313,4/2/2026,1
Product 3352,4/2/2026,2
Product 3618,4/2/2026,-2
Product 5311,4/2/2026,1
Product 3547,4/2/2026,1
Product 106,4/2/2026,1
Product 1407,4/2/2026,1
Product 4270,4/2/2026,1
Product 3634,4/2/2026,1
Product 246,4/2/2026,1
Product 507,4/2/2026,1
Product 5312,4/2/2026,1
Product 727,4/2/2026,1
Product 2088,4/2/2026,1
Product 3640,4/2/2026,1
Product 5313,4/2/2026,1
Product 3684,4/2/2026,1
Product 2045,4/2/2026,2
Product 5314,4/2/2026,1
Product 3224,4/2/2026,1
Product 268,4/2/2026,2
Product 2038,4/2/2026,1
Product 5315,4/2/2026,1
Product 5316,4/2/2026,1
Product 1816,4/2/2026,1
Product 4094,4/2/2026,1
Product 5203,4/2/2026,1
Product 1772,4/2/2026,1
Product 489,4/2/2026,1
Product 918,4/2/2026,1
Product 1545,4/2/2026,1
Product 490,4/2/2026,1
Product 250,4/2/2026,1
Product 1816,4/2/2026,2
Product 5158,4/2/2026,1
Product 3625,4/2/2026,1
Product 502,4/2/2026,1
Product 280,4/2/2026,1
Product 5317,4/2/2026,1
Product 5318,4/2/2026,1
Product 1141,4/2/2026,1
Product 815,4/2/2026,1
Product 65,4/2/2026,1
Product 65,4/2/2026,1
Product 2910,4/2/2026,1
Product 439,4/2/2026,1
Product 66,4/2/2026,1
Product 285,4/2/2026,1
Product 354,4/2/2026,1
Product 5319,4/2/2026,1
Product 5320,4/2/2026,2
Product 1037,4/2/2026,1
Product 2722,4/2/2026,1
Product 1529,4/2/2026,2
Product 3957,4/2/2026,1
Product 1520,4/2/2026,1
Product 853,4/2/2026,1
Product 171,4/2/2026,1
Product 742,4/2/2026,1
Product 238,4/2/2026,1
Product 524,4/2/2026,1
Product 5183,4/2/2026,1
Product 3382,4/2/2026,3
Product 3382,4/2/2026,1
Product 4115,4/2/2026,1
Product 745,4/2/2026,1
Product 735,4/2/2026,1
Product 5321,4/2/2026,1
Product 2445,4/2/2026,1
Product 4317,4/2/2026,1
Product 542,4/2/2026,1
Product 745,4/2/2026,1
Product 1853,4/2/2026,1
Product 1179,4/2/2026,1
Product 2257,4/2/2026,1
Product 1713,4/2/2026,1
Product 963,4/2/2026,1
Product 5322,4/1/2026,1
Product 2,4/1/2026,1
Product 545,4/1/2026,1
Product 3,4/1/2026,1
Product 551,4/1/2026,1
Product 551,4/1/2026,1
Product 1216,4/1/2026,0
Product 13,4/1/2026,1
Product 13,4/1/2026,3
Product 329,4/1/2026,2
Product 329,4/1/2026,2
Product 788,4/1/2026,1
Product 37,4/1/2026,2
Product 5323,4/1/2026,1
Product 3601,4/1/2026,1
Product 1231,4/1/2026,1
Product 4433,4/1/2026,1
Product 4589,4/1/2026,1
Product 2263,4/1/2026,2
Product 1126,4/1/2026,1
Product 556,4/1/2026,1
Product 334,4/1/2026,1
Product 796,4/1/2026,1
Product 2122,4/1/2026,2
Product 3758,4/1/2026,1
Product 5324,4/1/2026,1
Product 2287,4/1/2026,1
Product 1251,4/1/2026,1
Product 5325,4/1/2026,1
Product 37,4/1/2026,1
Product 543,4/1/2026,1
Product 805,4/1/2026,1
Product 5326,4/1/2026,1
Product 400,4/1/2026,1
Product 2213,4/1/2026,1
Product 37,4/1/2026,1
Product 3232,4/1/2026,1
Product 759,4/1/2026,3
Product 1552,4/1/2026,3
Product 695,4/1/2026,1
Product 3547,4/1/2026,1
Product 918,4/1/2026,1
Product 488,4/1/2026,1
Product 5327,4/1/2026,1
Product 822,4/1/2026,1
Product 858,4/1/2026,1
Product 3971,4/1/2026,1
Product 5328,4/1/2026,1
Product 316,4/1/2026,1
Product 338,4/1/2026,1
Product 3053,4/1/2026,1
Product 1903,4/1/2026,1
Product 45,4/1/2026,1
Product 489,4/1/2026,2
Product 4348,4/1/2026,1
Product 79,4/1/2026,2
Product 1642,4/1/2026,1
Product 1254,4/1/2026,5
Product 5329,4/1/2026,2
Product 364,4/1/2026,0
Product 4444,4/1/2026,2
Product 3537,4/1/2026,1
Product 4104,4/1/2026,1
Product 1505,4/1/2026,1
Product 823,4/1/2026,1
Product 1194,4/1/2026,1
Product 2673,4/1/2026,1
Product 1239,4/1/2026,2
Product 3634,4/1/2026,1
Product 1853,4/1/2026,1
Product 3668,4/1/2026,1
Product 4935,4/1/2026,1
Product 1301,4/1/2026,1
Product 5330,4/1/2026,1
Product 5331,4/1/2026,1
Product 5332,4/1/2026,3
Product 1743,4/1/2026,1
Product 3860,4/1/2026,1
Product 2176,4/1/2026,1
Product 696,4/1/2026,1
Product 2240,4/1/2026,1
Product 5333,4/1/2026,1
Product 5334,4/1/2026,1
Product 522,4/1/2026,1
Product 3780,4/1/2026,1
Product 4194,4/1/2026,1
Product 1710,4/1/2026,1
Product 5335,4/1/2026,1
Product 833,4/1/2026,2
Product 3852,4/1/2026,1
Product 962,4/1/2026,1
Product 3159,4/1/2026,2
Product 246,4/1/2026,1
Product 2919,4/1/2026,1
Product 5336,4/1/2026,1
Product 4192,4/1/2026,1
Product 307,4/1/2026,1
Product 1847,4/1/2026,1
Product 63,4/1/2026,1
Product 570,4/1/2026,2
Product 570,4/1/2026,2
Product 5337,4/1/2026,1
Product 696,4/1/2026,1
Product 655,4/1/2026,1
Product 2614,4/1/2026,2
Product 2418,4/1/2026,1
Product 365,4/1/2026,1
Product 366,4/1/2026,2
Product 144,4/1/2026,1
Product 1238,4/1/2026,1
Product 5338,4/1/2026,1
Product 4368,4/1/2026,1
Product 478,4/1/2026,1
Product 4131,4/1/2026,1
Product 79,4/1/2026,2
Product 316,4/1/2026,1
Product 963,4/1/2026,1
Product 877,4/1/2026,1
Product 813,4/1/2026,1
Product 5339,4/1/2026,1
Product 5340,4/1/2026,1
Product 5341,4/1/2026,1
Product 3079,4/1/2026,1
Product 4585,4/1/2026,1
Product 3782,4/1/2026,1
Product 5342,4/1/2026,1
Product 5157,4/1/2026,1
Product 5068,4/1/2026,1
Product 367,4/1/2026,1
Product 5343,4/1/2026,1
Product 4153,4/1/2026,1
Product 790,4/1/2026,1
Product 3737,4/1/2026,1
Product 2355,4/1/2026,1
Product 604,4/1/2026,2
Product 3715,4/1/2026,2
Product 79,4/1/2026,1
Product 5344,4/1/2026,1
Product 1295,4/1/2026,1
Product 2272,4/1/2026,1
Product 4170,4/1/2026,1
Product 5253,4/1/2026,1
Product 2470,4/1/2026,1
Product 128,4/1/2026,1
Product 2151,4/1/2026,1
Product 3547,4/1/2026,1
Product 1169,4/1/2026,1
Product 116,4/1/2026,1
Product 966,4/1/2026,1
Product 3232,4/1/2026,1
Product 5345,4/1/2026,1
Product 1200,4/1/2026,1
Product 503,4/1/2026,1
Product 2091,4/1/2026,1
Product 434,4/1/2026,2
Product 1190,4/1/2026,1
Product 989,4/1/2026,2
Product 790,4/1/2026,1
Product 2268,4/1/2026,1
Product 2189,4/1/2026,1
Product 1988,4/1/2026,1
Product 1717,4/1/2026,1
Product 70,4/1/2026,1
Product 3916,4/1/2026,1
Product 3732,4/1/2026,2
Product 1368,4/1/2026,1
Product 3917,4/1/2026,1
Product 619,4/1/2026,1
Product 1956,4/1/2026,1
Product 147,4/1/2026,1
Product 1003,4/1/2026,1
Product 1871,4/1/2026,1
Product 2198,4/1/2026,1
Product 5346,4/1/2026,1
Product 5300,4/1/2026,1
Product 3224,4/1/2026,1
Product 2418,4/1/2026,1
Product 2349,4/1/2026,1
Product 426,4/1/2026,1
Product 988,4/1/2026,1
Product 1403,4/1/2026,1
Product 3752,4/1/2026,1
Product 37,4/1/2026,1
Product 3467,4/1/2026,1
Product 1065,4/1/2026,1
Product 3124,4/1/2026,1
Product 170,4/1/2026,1
Product 266,4/1/2026,1
Product 3548,4/1/2026,1
Product 3818,4/1/2026,1
Product 1994,4/1/2026,1
Product 2129,4/1/2026,1
Product 2207,4/1/2026,1
Product 24,4/1/2026,2
Product 3528,4/1/2026,1
Product 416,4/1/2026,1
Product 3760,4/1/2026,2
Product 5347,4/1/2026,1
Product 3409,4/1/2026,1
Product 4864,4/1/2026,1
Product 1749,4/1/2026,1
Product 4922,4/1/2026,2
Product 2748,4/1/2026,1
Product 1045,4/1/2026,1
Product 79,4/1/2026,1
Product 1663,4/1/2026,1
Product 4261,4/1/2026,1
Product 5348,4/1/2026,1
Product 5112,4/1/2026,1
Product 79,4/1/2026,1
Product 5349,4/1/2026,3
Product 5350,4/1/2026,20
Product 5108,4/1/2026,1
Product 2589,4/1/2026,1
Product 1228,4/1/2026,1
Product 5351,4/1/2026,3
Product 1319,4/1/2026,1
Product 2795,4/1/2026,2
Product 1049,4/1/2026,1
Product 2991,4/1/2026,2
Product 1589,4/1/2026,1
Product 5352,4/1/2026,1
Product 5353,4/1/2026,1
Product 5354,4/1/2026,3
Product 5191,4/1/2026,2
Product 2219,4/1/2026,1
Product 4866,4/1/2026,-1
Product 459,4/1/2026,1
Product 2568,4/1/2026,1
Product 5355,4/1/2026,1
Product 3658,4/1/2026,2
Product 1232,4/1/2026,1
Product 5356,4/1/2026,1
Product 1088,4/1/2026,1
Product 3618,4/1/2026,2
Product 1639,4/1/2026,1
Product 5357,4/1/2026,1
Product 5284,4/1/2026,3
Product 5358,4/1/2026,2
Product 2961,4/1/2026,1
Product 3664,4/1/2026,1
Product 5267,4/1/2026,1
Product 3879,4/1/2026,1
Product 5359,4/1/2026,1
Product 5360,4/1/2026,1
Product 5361,4/1/2026,1
Product 237,4/1/2026,1
Product 2822,4/1/2026,1
Product 5362,4/1/2026,1
Product 246,4/1/2026,1
Product 494,4/1/2026,1
Product 5363,4/1/2026,1
Product 3634,4/1/2026,1
Product 673,4/1/2026,1
Product 5364,4/1/2026,1
Product 3821,4/1/2026,1
Product 319,4/1/2026,1
Product 1070,4/1/2026,1
Product 3124,4/1/2026,1
Product 2326,4/1/2026,1
Product 1908,4/1/2026,2
Product 3354,4/1/2026,3
Product 3609,4/1/2026,1
Product 2545,4/1/2026,1
Product 743,4/1/2026,1
Product 5365,4/1/2026,1
Product 1545,4/1/2026,1
Product 1853,4/1/2026,1
Product 1650,4/1/2026,1
Product 476,4/1/2026,1
Product 4342,4/1/2026,1
Product 5366,4/1/2026,1
Product 427,4/1/2026,1
Product 57,4/1/2026,1
Product 3388,4/1/2026,1
Product 5187,4/1/2026,1
Product 2236,4/1/2026,2
Product 2801,4/1/2026,1
Product 2439,4/1/2026,1
Product 5367,4/1/2026,2
Product 5368,4/1/2026,1
Product 5369,4/1/2026,1
Product 2830,4/1/2026,5
Product 1121,4/1/2026,1
Product 5370,4/1/2026,1
Product 1132,4/1/2026,1
Product 1134,4/1/2026,1
Product 260,4/1/2026,1
Product 65,4/1/2026,1
Product 1818,4/1/2026,1
Product 2439,4/1/2026,1
Product 170,4/1/2026,1
Product 4275,4/1/2026,1
Product 2838,4/1/2026,1
Product 502,4/1/2026,2
Product 4663,4/1/2026,1
Product 2519,4/1/2026,1
Product 2984,4/1/2026,1
Product 500,4/1/2026,4
Product 66,4/1/2026,1
Product 1145,4/1/2026,1
Product 713,4/1/2026,1
Product 65,4/1/2026,1
Product 2840,4/1/2026,3
Product 2351,4/1/2026,1
Product 1146,4/1/2026,1
Product 1825,4/1/2026,1
Product 503,4/1/2026,2
Product 275,4/1/2026,4
Product 280,4/1/2026,2
Product 5371,4/1/2026,1
Product 515,4/1/2026,1
Product 4567,4/1/2026,1
Product 5372,4/1/2026,2
Product 2087,4/1/2026,1
Product 1408,4/1/2026,1
Product 5373,4/1/2026,1
Product 529,4/1/2026,1
Product 295,4/1/2026,1
Product 3205,4/1/2026,2
Product 5374,4/1/2026,1
Product 953,4/1/2026,1
Product 186,4/1/2026,1
Product 5375,4/1/2026,1
Product 1218,4/1/2026,1
Product 524,4/1/2026,1
Product 3759,4/1/2026,1
Product 4536,4/1/2026,1
Product 5376,4/1/2026,1
Product 5377,4/1/2026,1
Product 2620,4/1/2026,1
Product 466,4/1/2026,1
Product 3506,4/1/2026,1
Product 733,4/1/2026,1
Product 311,4/1/2026,1
Product 5378,4/1/2026,1
Product 4299,4/1/2026,1
Product 1289,4/1/2026,1
Product 61,4/1/2026,1
Product 1104,4/1/2026,1
Product 774,4/1/2026,1
Product 3188,4/1/2026,1
Product 543,4/1/2026,1
Product 1455,4/1/2026,1
Product 4964,4/1/2026,1
Product 1198,4/1/2026,6
Product 545,3/31/2026,1
Product 1424,3/31/2026,1
Product 37,3/31/2026,1
Product 3547,3/31/2026,1
Product 4336,3/31/2026,1
Product 3851,3/31/2026,1
Product 409,3/31/2026,1
Product 410,3/31/2026,1
Product 5379,3/31/2026,1
Product 5380,3/31/2026,1
Product 2239,3/31/2026,1
Product 5381,3/31/2026,1
Product 13,3/31/2026,2
Product 14,3/31/2026,1
Product 1944,3/31/2026,1
Product 3705,3/31/2026,3
Product 5031,3/31/2026,1
Product 974,3/31/2026,1
Product 1492,3/31/2026,1
Product 3124,3/31/2026,1
Product 777,3/31/2026,1
Product 2485,3/31/2026,1
Product 861,3/31/2026,1
Product 32,3/31/2026,1
Product 5382,3/31/2026,1
Product 3030,3/31/2026,6
Product 7,3/31/2026,1
Product 3640,3/31/2026,1
Product 5383,3/31/2026,30
Product 3634,3/31/2026,2
Product 3485,3/31/2026,30
Product 946,3/31/2026,1
Product 5384,3/31/2026,1
Product 350,3/31/2026,1
Product 444,3/31/2026,1
Product 5385,3/31/2026,1
Product 3949,3/31/2026,1
Product 3157,3/31/2026,1
Product 2702,3/31/2026,1
Product 3702,3/31/2026,1
Product 1328,3/31/2026,1
Product 818,3/31/2026,1
Product 823,3/31/2026,1
Product 1348,3/31/2026,1
Product 5386,3/31/2026,1
Product 1139,3/31/2026,1
Product 403,3/31/2026,1
Product 1545,3/31/2026,2
Product 79,3/31/2026,1
Product 555,3/31/2026,1
Product 3247,3/31/2026,1
Product 1165,3/31/2026,1
Product 336,3/31/2026,1
Product 551,3/31/2026,1
Product 2490,3/31/2026,1
Product 2018,3/31/2026,1
Product 456,3/31/2026,1
Product 2778,3/31/2026,1
Product 4207,3/31/2026,1
Product 1977,3/31/2026,1
Product 372,3/31/2026,1
Product 1094,3/31/2026,1
Product 3382,3/31/2026,1
Product 66,3/31/2026,2
Product 3775,3/31/2026,2
Product 5387,3/31/2026,1
Product 1132,3/31/2026,1
Product 439,3/31/2026,2
Product 2351,3/31/2026,1
Product 709,3/31/2026,1
Product 280,3/31/2026,1
Product 1406,3/31/2026,1
Product 4878,3/31/2026,1
Product 5388,3/31/2026,1
Product 1161,3/31/2026,1
Product 2309,3/31/2026,1
Product 3547,3/31/2026,1
Product 1508,3/31/2026,2
Product 110,3/31/2026,1
Product 2616,3/31/2026,1
Product 152,3/31/2026,1
Product 3249,3/31/2026,1
Product 10,3/31/2026,1
Product 1500,3/31/2026,2
Product 2838,3/31/2026,1
Product 1144,3/31/2026,1
Product 273,3/31/2026,1
Product 4901,3/31/2026,1
Product 4834,3/31/2026,1
Product 85,3/31/2026,1
Product 504,3/31/2026,1
Product 65,3/31/2026,1
Product 858,3/31/2026,1
Product 313,3/31/2026,2
Product 5389,3/31/2026,1
Product 2622,3/31/2026,2
Product 685,3/31/2026,1
Product 2780,3/31/2026,2
Product 1188,3/31/2026,1
Product 1173,3/31/2026,1
Product 3966,3/31/2026,2
Product 4851,3/31/2026,1
Product 3878,3/31/2026,1
Product 2948,3/31/2026,1
Product 399,3/31/2026,1
Product 373,3/31/2026,1
Product 3917,3/31/2026,1
Product 1990,3/31/2026,1
Product 1372,3/31/2026,1
Product 5359,3/31/2026,1
Product 5181,3/31/2026,1
Product 1124,3/31/2026,1
Product 1135,3/31/2026,1
Product 1978,3/31/2026,1
Product 320,3/31/2026,2
Product 392,3/31/2026,1
Product 966,3/31/2026,1
Product 79,3/31/2026,1
Product 696,3/31/2026,1
Product 2370,3/31/2026,1
Product 3681,3/31/2026,1
Product 4632,3/31/2026,1
Product 308,3/31/2026,1
Product 249,3/31/2026,1
Product 17,3/31/2026,1
Product 3776,3/31/2026,1
Product 1843,3/31/2026,1
Product 4745,3/31/2026,1
Product 5390,3/31/2026,1
Product 660,3/31/2026,1
Product 1486,3/31/2026,3
Product 3408,3/31/2026,1
Product 3634,3/31/2026,1
Product 2441,3/31/2026,1
Product 187,3/31/2026,1
Product 1622,3/31/2026,1
Product 2883,3/31/2026,1
Product 2420,3/31/2026,2
Product 2963,3/31/2026,1
Product 4252,3/31/2026,1
Product 2539,3/31/2026,1
Product 4801,3/31/2026,1
Product 3373,3/31/2026,1
Product 1264,3/31/2026,1
Product 5391,3/31/2026,1
Product 2321,3/31/2026,1
Product 5392,3/31/2026,1
Product 5393,3/31/2026,1
Product 4586,3/31/2026,1
Product 37,3/31/2026,2
Product 672,3/31/2026,1
Product 4781,3/31/2026,2
Product 2643,3/31/2026,1
Product 1650,3/31/2026,1
Product 313,3/31/2026,4
Product 2766,3/31/2026,1
Product 367,3/31/2026,1
Product 745,3/31/2026,1
Product 1755,3/31/2026,1
Product 1248,3/31/2026,1
Product 1403,3/31/2026,1
Product 399,3/31/2026,1
Product 1960,3/31/2026,1
Product 1508,3/31/2026,1
Product 288,3/31/2026,1
Product 2860,3/31/2026,1
Product 3310,3/31/2026,1
Product 5394,3/31/2026,1
Product 223,3/31/2026,1
Product 708,3/31/2026,2
Product 2,3/31/2026,2
Product 246,3/31/2026,1
Product 5395,3/31/2026,2
Product 5396,3/31/2026,1
Product 4525,3/31/2026,1
Product 3945,3/31/2026,1
Product 727,3/31/2026,1
Product 783,3/31/2026,1
Product 1127,3/31/2026,1
Product 1128,3/31/2026,1
Product 1165,3/31/2026,1
Product 2615,3/31/2026,1
Product 4856,3/31/2026,1
Product 2295,3/31/2026,1
Product 3205,3/31/2026,2
Product 144,3/31/2026,1
Product 5397,3/31/2026,1
Product 5398,3/31/2026,1
Product 865,3/31/2026,1
Product 1498,3/31/2026,2
Product 2078,3/31/2026,1
Product 767,3/31/2026,1
Product 5399,3/31/2026,2
Product 79,3/31/2026,1
Product 910,3/31/2026,1
Product 4424,3/31/2026,1
Product 808,3/31/2026,1
Product 5400,3/31/2026,1
Product 5401,3/31/2026,4
Product 3423,3/31/2026,1
Product 2781,3/31/2026,2
Product 5402,3/31/2026,1
Product 5403,3/31/2026,1
Product 5404,3/31/2026,5
Product 4268,3/31/2026,1
Product 5405,3/31/2026,2
Product 4654,3/31/2026,1
Product 1083,3/31/2026,1
Product 3547,3/31/2026,1
Product 3222,3/31/2026,1
Product 4666,3/31/2026,1
Product 109,3/31/2026,1
Product 2916,3/31/2026,3
Product 2669,3/31/2026,3
Product 3030,3/31/2026,1
Product 5406,3/31/2026,1
Product 250,3/31/2026,1
Product 5407,3/31/2026,1
Product 1296,3/31/2026,1
Product 12,3/31/2026,3
Product 13,3/31/2026,1
Product 1333,3/31/2026,1
Product 896,3/31/2026,1
Product 1601,3/31/2026,1
Product 1537,3/31/2026,1
Product 1678,3/31/2026,1
Product 1044,3/31/2026,1
Product 1416,3/31/2026,1
Product 1762,3/31/2026,1
Product 674,3/31/2026,1
Product 3472,3/31/2026,1
Product 1920,3/31/2026,1
Product 536,3/31/2026,1
Product 2860,3/31/2026,1
Product 144,3/31/2026,1
Product 556,3/31/2026,2
Product 781,3/31/2026,1
Product 4966,3/31/2026,1
Product 4485,3/31/2026,1
Product 1568,3/31/2026,1
Product 400,3/31/2026,1
Product 364,3/31/2026,1
Product 1599,3/31/2026,1
Product 5408,3/31/2026,1
Product 5409,3/31/2026,1
Product 5410,3/31/2026,1
Product 1565,3/31/2026,1
Product 5411,3/31/2026,1
Product 2565,3/31/2026,1
Product 5412,3/31/2026,1
Product 5413,3/31/2026,1
Product 3665,3/31/2026,1
Product 5414,3/31/2026,1
Product 3269,3/31/2026,1
Product 5020,3/31/2026,1
Product 5415,3/31/2026,2
Product 5416,3/31/2026,1
Product 37,3/31/2026,2
Product 5417,3/31/2026,2
Product 1702,3/31/2026,1
Product 614,3/31/2026,1
Product 5418,3/31/2026,1
Product 666,3/31/2026,1
Product 1768,3/31/2026,2
Product 79,3/31/2026,1
Product 795,3/31/2026,1
Product 1822,3/31/2026,1
Product 360,3/31/2026,1
Product 4023,3/31/2026,1
Product 2188,3/31/2026,1
Product 798,3/31/2026,3
Product 2919,3/31/2026,4
Product 385,3/31/2026,2
Product 3108,3/31/2026,4
Product 1113,3/31/2026,1
Product 4067,3/31/2026,1
Product 3634,3/31/2026,1
Product 4659,3/31/2026,1
Product 313,3/31/2026,1
Product 2132,3/31/2026,1
Product 97,3/31/2026,1
Product 661,3/31/2026,1
Product 5419,3/31/2026,1
Product 3820,3/31/2026,1
Product 4238,3/31/2026,1
Product 675,3/31/2026,1
Product 2251,3/31/2026,2
Product 5420,3/31/2026,1
Product 4777,3/31/2026,1
Product 4679,3/31/2026,1
Product 2840,3/31/2026,1
Product 1964,3/31/2026,1
Product 2231,3/31/2026,1
Product 3547,3/31/2026,2
Product 260,3/31/2026,1
Product 108,3/31/2026,1
Product 5097,3/31/2026,3
Product 538,3/31/2026,1
Product 3140,3/31/2026,1
Product 3188,3/31/2026,1
Product 3282,3/31/2026,1
Product 3,3/31/2026,1
Product 4555,3/31/2026,1
Product 5040,3/31/2026,1
Product 1681,3/31/2026,2
Product 4424,3/31/2026,1
Product 707,3/31/2026,1
Product 1504,3/31/2026,1
Product 3028,3/31/2026,1
Product 4207,3/31/2026,1
Product 5238,3/31/2026,1
Product 5421,3/31/2026,1
Product 1,3/31/2026,1
Product 1771,3/31/2026,1
Product 5422,3/31/2026,1
Product 1823,3/31/2026,1
Product 2669,3/31/2026,3
Product 3730,3/31/2026,1
Product 1369,3/31/2026,1
Product 1361,3/31/2026,1
Product 991,3/31/2026,1
Product 2624,3/31/2026,3
Product 5423,3/31/2026,6
Product 5424,3/31/2026,4
Product 3634,3/31/2026,1
Product 2321,3/31/2026,1
Product 5425,3/31/2026,1
Product 1223,3/31/2026,1
Product 5426,3/31/2026,1
Product 5427,3/31/2026,1
Product 5428,3/31/2026,1
Product 696,3/31/2026,1
Product 502,3/31/2026,1
Product 268,3/31/2026,1
Product 717,3/31/2026,1
Product 5429,3/31/2026,1
Product 2156,3/31/2026,1
Product 566,3/31/2026,1
Product 5430,3/31/2026,1
Product 694,3/31/2026,1
Product 5431,3/31/2026,1
Product 246,3/31/2026,1
Product 364,3/31/2026,3
Product 3706,3/31/2026,4
Product 2971,3/31/2026,1
Product 3205,3/31/2026,1
Product 4625,3/31/2026,1
Product 648,3/31/2026,1
Product 1875,3/31/2026,2
Product 4368,3/31/2026,1
Product 672,3/31/2026,1
Product 5432,3/31/2026,2
Product 4200,3/31/2026,10
Product 5433,3/31/2026,1
Product 5434,3/31/2026,2
Product 5315,3/31/2026,5
Product 5435,3/31/2026,4
Product 5436,3/31/2026,21
Product 874,3/30/2026,4
Product 5437,3/30/2026,1
Product 5438,3/30/2026,2
Product 215,3/30/2026,1
Product 696,3/30/2026,1
Product 5439,3/30/2026,1
Product 1825,3/30/2026,1
Product 3789,3/30/2026,1
Product 5440,3/30/2026,1
Product 4875,3/30/2026,1
Product 4662,3/30/2026,1
Product 2295,3/30/2026,1
Product 3590,3/30/2026,2
Product 14,3/30/2026,1
Product 44,3/30/2026,1
Product 4242,3/30/2026,1
Product 4245,3/30/2026,1
Product 144,3/30/2026,1
Product 2105,3/30/2026,1
Product 3259,3/30/2026,1
Product 3702,3/30/2026,1
Product 2487,3/30/2026,1
Product 3224,3/30/2026,1
Product 5441,3/30/2026,1
Product 2665,3/30/2026,1
Product 2365,3/30/2026,1
Product 524,3/30/2026,1
Product 5442,3/30/2026,1
Product 4502,3/30/2026,1
Product 1728,3/30/2026,1
Product 5443,3/30/2026,1
Product 5444,3/30/2026,1
Product 5445,3/30/2026,1
Product 176,3/30/2026,1
Product 32,3/30/2026,1
Product 300,3/30/2026,1
Product 2730,3/30/2026,1
Product 1979,3/30/2026,1
Product 2864,3/30/2026,1
Product 5446,3/30/2026,1
Product 689,3/30/2026,1
Product 4306,3/30/2026,1
Product 1563,3/30/2026,1
Product 1309,3/30/2026,3
Product 966,3/30/2026,1
Product 1816,3/30/2026,1
Product 1972,3/30/2026,1
Product 3243,3/30/2026,1
Product 5447,3/30/2026,1
Product 1713,3/30/2026,1
Product 1820,3/30/2026,1
Product 1821,3/30/2026,1
Product 260,3/30/2026,1
Product 2850,3/30/2026,1
Product 3455,3/30/2026,1
Product 5448,3/30/2026,1
Product 1707,3/30/2026,1
Product 79,3/30/2026,1
Product 1228,3/30/2026,1
Product 5449,3/30/2026,1
Product 2176,3/30/2026,1
Product 5450,3/30/2026,1
Product 2647,3/30/2026,1
Product 3224,3/30/2026,1
Product 274,3/30/2026,1
Product 4830,3/30/2026,1
Product 1139,3/30/2026,1
Product 3664,3/30/2026,1
Product 1616,3/30/2026,1
Product 5451,3/30/2026,1
Product 785,3/30/2026,1
Product 5452,3/30/2026,2
Product 246,3/30/2026,1
Product 1259,3/30/2026,2
Product 850,3/30/2026,1
Product 664,3/30/2026,1
Product 5453,3/30/2026,1
Product 4866,3/30/2026,1
Product 3319,3/30/2026,1
Product 2568,3/30/2026,4
Product 3547,3/30/2026,1
Product 5454,3/30/2026,1
Product 5455,3/30/2026,1
Product 3971,3/30/2026,1
Product 966,3/30/2026,1
Product 5345,3/30/2026,1
Product 5202,3/30/2026,1
Product 144,3/30/2026,2
Product 3002,3/30/2026,20
Product 1293,3/30/2026,5
Product 4032,3/30/2026,1
Product 1161,3/30/2026,1
Product 313,3/30/2026,1
Product 399,3/30/2026,1
Product 3967,3/30/2026,1
Product 5456,3/30/2026,1
Product 489,3/30/2026,1
Product 3004,3/30/2026,1
Product 1088,3/30/2026,1
Product 5457,3/30/2026,1
Product 5458,3/30/2026,1
Product 5459,3/30/2026,1
Product 5460,3/30/2026,1
Product 2888,3/30/2026,1
Product 3773,3/30/2026,1
Product 1584,3/30/2026,2
Product 4833,3/30/2026,6
Product 5461,3/30/2026,4
Product 3243,3/30/2026,1
Product 5205,3/30/2026,1
Product 5462,3/30/2026,1
Product 2355,3/30/2026,1
Product 144,3/30/2026,4
Product 1665,3/30/2026,1
Product 79,3/30/2026,1
Product 2018,3/30/2026,1
Product 2249,3/30/2026,1
Product 2105,3/30/2026,1
Product 3,3/30/2026,1
Product 1411,3/30/2026,1
Product 5463,3/30/2026,1
Product 510,3/30/2026,1
Product 556,3/30/2026,1
Product 367,3/30/2026,1
Product 2669,3/30/2026,1
Product 5464,3/30/2026,1
Product 564,3/30/2026,1
Product 32,3/30/2026,1
Product 14,3/30/2026,1
Product 13,3/30/2026,1
Product 3119,3/30/2026,2
Product 364,3/30/2026,1
Product 4958,3/30/2026,1
Product 4402,3/30/2026,1
Product 3143,3/30/2026,1
Product 3039,3/30/2026,1
Product 2418,3/30/2026,1
Product 769,3/30/2026,1
Product 744,3/30/2026,1
Product 1681,3/30/2026,1
Product 4264,3/30/2026,1
Product 3840,3/30/2026,1
Product 2292,3/30/2026,1
Product 1701,3/30/2026,1
Product 5465,3/30/2026,1
Product 68,3/30/2026,1
Product 924,3/30/2026,1
Product 1989,3/30/2026,1
Product 928,3/30/2026,1
Product 2952,3/30/2026,1
Product 1360,3/30/2026,1
Product 2754,3/30/2026,1
Product 2954,3/30/2026,1
Product 4047,3/30/2026,1
Product 2756,3/30/2026,1
Product 1715,3/30/2026,1
Product 1716,3/30/2026,1
Product 3732,3/30/2026,1
Product 146,3/30/2026,1
Product 1002,3/30/2026,1
Product 1004,3/30/2026,1
Product 939,3/30/2026,1
Product 1000,3/30/2026,1
Product 1958,3/30/2026,1
Product 1378,3/30/2026,1
Product 941,3/30/2026,1
Product 3448,3/30/2026,1
Product 4917,3/30/2026,1
Product 774,3/30/2026,2
Product 1455,3/30/2026,1
Product 438,3/30/2026,1
Product 3060,3/30/2026,4
Product 3371,3/30/2026,1
Product 5466,3/30/2026,5
Product 1148,3/30/2026,5
Product 61,3/30/2026,2
Product 1612,3/30/2026,2
Product 1365,3/30/2026,1
Product 5467,3/30/2026,2
Product 3124,3/30/2026,1
Product 5468,3/30/2026,2
Product 2069,3/30/2026,1
Product 1245,3/30/2026,3
Product 173,3/30/2026,2
Product 5469,3/30/2026,1
Product 696,3/30/2026,2
Product 183,3/30/2026,1
Product 1281,3/30/2026,1
Product 3,3/30/2026,1
Product 661,3/30/2026,2
Product 2840,3/30/2026,1
Product 6,3/30/2026,1
Product 5470,3/30/2026,1
Product 79,3/30/2026,2
Product 1853,3/30/2026,1
Product 685,3/30/2026,1
Product 486,3/30/2026,1
Product 2268,3/30/2026,1
Product 2411,3/30/2026,1
Product 369,3/30/2026,1
Product 5471,3/30/2026,1
Product 4362,3/30/2026,1
Product 798,3/30/2026,1
Product 5472,3/30/2026,1
Product 5473,3/30/2026,1
Product 17,3/30/2026,1
Product 4440,3/30/2026,1
Product 2154,3/30/2026,4
Product 5474,3/30/2026,1
Product 5475,3/30/2026,1
Product 591,3/30/2026,1
Product 5286,3/30/2026,1
Product 3112,3/30/2026,1
Product 2280,3/30/2026,1
Product 3547,3/30/2026,1
Product 5476,3/30/2026,1
Product 5477,3/30/2026,1
Product 170,3/30/2026,1
Product 5478,3/30/2026,1
Product 1161,3/30/2026,1
Product 1520,3/30/2026,1
Product 4007,3/30/2026,1
Product 1622,3/30/2026,1
Product 1850,3/30/2026,1
Product 465,3/30/2026,2
Product 1218,3/30/2026,1
Product 5020,3/30/2026,1
Product 2314,3/30/2026,1
Product 2316,3/30/2026,1
Product 5479,3/30/2026,1
Product 5480,3/30/2026,1
Product 37,3/30/2026,1
Product 5481,3/30/2026,2
Product 5482,3/30/2026,1
Product 144,3/30/2026,1
Product 1610,3/30/2026,1
Product 1976,3/30/2026,1
Product 3767,3/30/2026,1
Product 3297,3/30/2026,1
Product 4469,3/30/2026,1
Product 5483,3/30/2026,1
Product 2065,3/30/2026,1
Product 5484,3/30/2026,1
Product 5485,3/30/2026,1
Product 248,3/30/2026,1
Product 573,3/30/2026,2
Product 949,3/30/2026,1
Product 2669,3/30/2026,3
Product 1006,3/30/2026,1
Product 5097,3/30/2026,3
Product 5486,3/30/2026,1
Product 5487,3/30/2026,1
Product 2778,3/30/2026,1
Product 1498,3/30/2026,1
Product 4293,3/30/2026,1
Product 536,3/30/2026,1
Product 865,3/30/2026,1
Product 2782,3/30/2026,1
Product 3300,3/30/2026,1
Product 5488,3/30/2026,1
Product 5142,3/30/2026,1
Product 1818,3/30/2026,1
Product 2791,3/30/2026,1
Product 616,3/30/2026,1
Product 2966,3/30/2026,1
Product 1453,3/30/2026,1
Product 5489,3/30/2026,1
Product 5490,3/30/2026,1
Product 5491,3/30/2026,1
Product 364,3/30/2026,3
Product 5492,3/30/2026,1
Product 2537,3/30/2026,1
Product 2045,3/30/2026,1
Product 871,3/30/2026,1
Product 4546,3/30/2026,1
Product 2164,3/30/2026,1
Product 3634,3/30/2026,1
Product 5069,3/30/2026,1
Product 323,3/30/2026,1
Product 696,3/30/2026,1
Product 5493,3/30/2026,2
Product 5494,3/30/2026,1
Product 3124,3/30/2026,1
Product 382,3/30/2026,1
Product 1509,3/30/2026,1
Product 3775,3/30/2026,1
Product 3658,3/30/2026,1
Product 5495,3/30/2026,1
Product 5116,3/30/2026,1
Product 1244,3/30/2026,2
Product 1231,3/30/2026,1
Product 144,3/30/2026,1
Product 1667,3/30/2026,1
Product 935,3/30/2026,1
Product 1257,3/30/2026,1
Product 85,3/30/2026,1
Product 3327,3/30/2026,1
Product 5496,3/30/2026,1
Product 5497,3/30/2026,1
Product 3547,3/30/2026,1
Product 4972,3/30/2026,1
Product 2950,3/30/2026,1
Product 779,3/30/2026,12
Product 4853,3/30/2026,1
Product 2623,3/30/2026,2
Product 400,3/29/2026,1
Product 643,3/29/2026,1
Product 713,3/29/2026,1
Product 9,3/29/2026,1
Product 678,3/29/2026,1
Product 159,3/29/2026,1
Product 13,3/29/2026,1
Product 14,3/29/2026,1
Product 551,3/29/2026,1
Product 3408,3/29/2026,1
Product 37,3/29/2026,3
Product 3634,3/29/2026,2
Product 4098,3/29/2026,1
Product 5009,3/29/2026,1
Product 2730,3/29/2026,1
Product 1561,3/29/2026,1
Product 859,3/29/2026,1
Product 1621,3/29/2026,1
Product 1607,3/29/2026,1
Product 79,3/29/2026,1
Product 5498,3/29/2026,1
Product 4820,3/29/2026,1
Product 3689,3/29/2026,1
Product 2529,3/29/2026,1
Product 4890,3/29/2026,1
Product 1290,3/29/2026,1
Product 5146,3/29/2026,1
Product 3615,3/29/2026,1
Product 2351,3/29/2026,1
Product 1834,3/29/2026,1
Product 5499,3/29/2026,1
Product 432,3/29/2026,1
Product 5500,3/29/2026,1
Product 3547,3/29/2026,2
Product 792,3/29/2026,1
Product 3486,3/29/2026,1
Product 5501,3/29/2026,1
Product 5502,3/29/2026,1
Product 1174,3/29/2026,1
Product 5503,3/29/2026,1
Product 4078,3/29/2026,1
Product 5504,3/29/2026,1
Product 5505,3/29/2026,1
Product 986,3/29/2026,1
Product 790,3/29/2026,1
Product 342,3/29/2026,1
Product 1244,3/29/2026,1
Product 2673,3/29/2026,2
Product 5019,3/29/2026,2
Product 73,3/29/2026,2
Product 730,3/29/2026,1
Product 5506,3/29/2026,1
Product 5507,3/29/2026,1
Product 1328,3/29/2026,1
Product 1348,3/29/2026,4
Product 5508,3/29/2026,1
Product 3124,3/29/2026,1
Product 5509,3/29/2026,1
Product 1599,3/29/2026,1
Product 289,3/29/2026,1
Product 5211,3/29/2026,0
Product 3844,3/29/2026,1
Product 2000,3/29/2026,1
Product 79,3/29/2026,2
Product 1710,3/29/2026,1
Product 2285,3/29/2026,1
Product 37,3/29/2026,2
Product 5510,3/29/2026,2
Product 3640,3/29/2026,1
Product 3222,3/29/2026,1
Product 1140,3/29/2026,1
Product 5511,3/29/2026,1
Product 1118,3/29/2026,1
Product 3807,3/29/2026,1
Product 540,3/29/2026,1
Product 789,3/29/2026,1
Product 1179,3/29/2026,2
Product 3775,3/29/2026,1
Product 4613,3/29/2026,1
Product 3634,3/29/2026,1
Product 5512,3/29/2026,1
Product 1647,3/29/2026,1
Product 5506,3/29/2026,1
Product 2296,3/29/2026,1
Product 4244,3/29/2026,1
Product 5513,3/29/2026,1
Product 1539,3/29/2026,1
Product 3140,3/29/2026,1
Product 3188,3/29/2026,1
Product 502,3/29/2026,1
Product 918,3/29/2026,1
Product 266,3/29/2026,1
Product 5103,3/29/2026,1
Product 5514,3/29/2026,1
Product 329,3/29/2026,1
Product 96,3/29/2026,1
Product 144,3/29/2026,1
Product 2203,3/29/2026,1
Product 5515,3/29/2026,1
Product 5516,3/29/2026,1
Product 1274,3/29/2026,1
Product 5517,3/29/2026,1
Product 775,3/29/2026,1
Product 782,3/29/2026,1
Product 1051,3/29/2026,1
Product 260,3/29/2026,1
Product 2065,3/29/2026,1
Product 399,3/29/2026,1
Product 3547,3/29/2026,2
Product 423,3/29/2026,1
Product 526,3/29/2026,3
Product 5518,3/29/2026,1
Product 170,3/29/2026,2
Product 5519,3/29/2026,1
Product 1884,3/29/2026,1
Product 219,3/29/2026,1
Product 2590,3/29/2026,1
Product 3054,3/29/2026,1
Product 1146,3/29/2026,1
Product 748,3/29/2026,1
Product 1549,3/29/2026,1
Product 1092,3/29/2026,1
Product 782,3/29/2026,4
Product 37,3/29/2026,2
Product 5520,3/29/2026,1
Product 1589,3/29/2026,2
Product 230,3/29/2026,1
Product 490,3/29/2026,1
Product 1299,3/29/2026,1
Product 1903,3/29/2026,1
Product 1643,3/29/2026,1
Product 45,3/29/2026,1
Product 2056,3/29/2026,1
Product 2909,3/29/2026,1
Product 2271,3/29/2026,1
Product 5521,3/29/2026,1
Product 5522,3/29/2026,1
Product 103,3/29/2026,1
Product 748,3/29/2026,1
Product 3625,3/29/2026,1
Product 275,3/29/2026,1
Product 249,3/29/2026,2
Product 5523,3/29/2026,1
Product 2105,3/29/2026,1
Product 4143,3/29/2026,1
Product 3573,3/29/2026,1
Product 129,3/29/2026,1
Product 2188,3/29/2026,1
Product 1128,3/29/2026,1
Product 1995,3/29/2026,2
Product 4539,3/29/2026,2
Product 4481,3/29/2026,1
Product 3424,3/29/2026,2
Product 143,3/29/2026,1
Product 5524,3/29/2026,1
Product 2222,3/29/2026,1
Product 3547,3/29/2026,1
Product 5046,3/29/2026,1
Product 1146,3/29/2026,2
Product 1408,3/29/2026,1
Product 893,3/29/2026,1
Product 5525,3/29/2026,2
Product 1267,3/29/2026,1
Product 763,3/29/2026,1
Product 3510,3/29/2026,1
Product 326,3/29/2026,1
Product 476,3/29/2026,1
Product 787,3/29/2026,1
Product 5526,3/29/2026,4
Product 10,3/29/2026,1
Product 1979,3/29/2026,1
Product 5527,3/29/2026,1
Product 3247,3/29/2026,1
Product 2755,3/29/2026,2
Product 4026,3/29/2026,2
Product 3039,3/29/2026,1
Product 1446,3/29/2026,1
Product 362,3/29/2026,2
Product 1881,3/29/2026,1
Product 4571,3/29/2026,1
Product 752,3/29/2026,1
Product 5528,3/29/2026,1
Product 4380,3/29/2026,1
Product 3124,3/29/2026,1
Product 965,3/29/2026,1
Product 3423,3/29/2026,1
Product 3234,3/29/2026,1
Product 4512,3/29/2026,1
Product 170,3/29/2026,1
Product 2749,3/29/2026,1
Product 5529,3/29/2026,1
Product 1000,3/29/2026,1
Product 4992,3/29/2026,1
Product 619,3/29/2026,1
Product 1583,3/29/2026,1
Product 2207,3/29/2026,1
Product 135,3/29/2026,1
Product 37,3/29/2026,2
Product 5530,3/29/2026,1
Product 75,3/29/2026,1
Product 805,3/29/2026,1
Product 4617,3/29/2026,1
Product 691,3/29/2026,1
Product 472,3/29/2026,2
Product 3838,3/29/2026,1
Product 5531,3/29/2026,1
Product 3640,3/29/2026,2
Product 1188,3/29/2026,1
Product 2395,3/29/2026,1
Product 4213,3/29/2026,1
Product 2396,3/29/2026,1
Product 5276,3/29/2026,1
Product 2017,3/29/2026,1
Product 2261,3/29/2026,2
Product 72,3/29/2026,2
Product 1556,3/29/2026,1
Product 1864,3/29/2026,1
Product 3704,3/29/2026,1
Product 106,3/29/2026,0
Product 551,3/29/2026,1
Product 5532,3/29/2026,1
Product 1046,3/29/2026,1
Product 1293,3/29/2026,20
Product 5533,3/29/2026,1
Product 4456,3/29/2026,1
Product 5534,3/29/2026,1
Product 79,3/29/2026,3
Product 5535,3/29/2026,2
Product 4625,3/29/2026,1
Product 108,3/29/2026,2
Product 288,3/29/2026,1
Product 2850,3/29/2026,1
Product 1408,3/29/2026,1
Product 1008,3/29/2026,1
Product 569,3/29/2026,1
Product 1559,3/29/2026,1
Product 3917,3/29/2026,1
Product 1361,3/29/2026,1
Product 1717,3/29/2026,1
Product 146,3/29/2026,1
Product 1004,3/29/2026,1
Product 4094,3/29/2026,1
Product 97,3/29/2026,1
Product 2939,3/29/2026,1
Product 1494,3/29/2026,2
Product 4275,3/29/2026,1
Product 3851,3/29/2026,1
Product 3188,3/29/2026,1
Product 128,3/29/2026,1
Product 1505,3/29/2026,1
Product 2575,3/29/2026,2
Product 5536,3/29/2026,3
Product 5537,3/29/2026,1
Product 313,3/29/2026,1
Product 697,3/29/2026,1
Product 45,3/29/2026,1
Product 5538,3/29/2026,1
Product 5539,3/29/2026,1
Product 1031,3/29/2026,1
Product 5510,3/29/2026,1
Product 37,3/29/2026,9
Product 896,3/29/2026,1
Product 380,3/29/2026,2
Product 360,3/29/2026,1
Product 4843,3/29/2026,1
Product 1051,3/29/2026,1
Product 3467,3/29/2026,1
Product 3143,3/29/2026,1
Product 658,3/29/2026,1
Product 2295,3/29/2026,1
Product 5540,3/29/2026,1
Product 1083,3/29/2026,3
Product 3572,3/29/2026,1
Product 2427,3/29/2026,1
Product 3712,3/29/2026,1
Product 3422,3/29/2026,1
Product 5108,3/29/2026,2
Product 3638,3/29/2026,1
Product 5541,3/29/2026,1
Product 1039,3/29/2026,1
Product 4916,3/29/2026,2
Product 79,3/29/2026,2
Product 2984,3/29/2026,2
Product 1094,3/29/2026,1
Product 2141,3/29/2026,1
Product 313,3/29/2026,2
Product 2993,3/29/2026,1
Product 657,3/29/2026,1
Product 1678,3/29/2026,1
Product 995,3/29/2026,1
Product 1662,3/29/2026,3
Product 5542,3/29/2026,1
Product 1971,3/29/2026,1
Product 1140,3/29/2026,1
Product 1141,3/29/2026,1
Product 333,3/29/2026,2
Product 994,3/29/2026,1
Product 1717,3/29/2026,1
Product 2749,3/29/2026,1
Product 1038,3/29/2026,1
Product 3794,3/29/2026,1
Product 364,3/29/2026,2
Product 5543,3/29/2026,1
Product 696,3/29/2026,2
Product 1146,3/29/2026,2
Product 219,3/29/2026,1
Product 949,3/29/2026,1
Product 3634,3/29/2026,3
Product 266,3/29/2026,2
Product 2624,3/29/2026,1
Product 5544,3/29/2026,1
Product 5545,3/29/2026,1
Product 2716,3/29/2026,2
Product 246,3/29/2026,1
Product 3757,3/29/2026,1
Product 108,3/29/2026,2
Product 501,3/29/2026,1
Product 555,3/29/2026,1
Product 507,3/29/2026,1
Product 577,3/29/2026,1
Product 1161,3/29/2026,2
Product 4281,3/29/2026,1
Product 529,3/29/2026,1
Product 4086,3/29/2026,1
Product 736,3/29/2026,1
Product 439,3/29/2026,2
Product 1500,3/29/2026,2
Product 406,3/29/2026,1
Product 1088,3/29/2026,1
Product 1481,3/29/2026,1
Product 3215,3/29/2026,1
Product 3330,3/29/2026,1
Product 5546,3/29/2026,1
Product 4600,3/29/2026,1
Product 3821,3/29/2026,1
Product 742,3/29/2026,1
Product 5547,3/29/2026,-1
Product 5548,3/29/2026,-1
Product 1254,3/29/2026,1
Product 754,3/29/2026,1
Product 1757,3/29/2026,1
Product 2114,3/29/2026,1
Product 1230,3/29/2026,1
Product 1231,3/29/2026,1
Product 2115,3/29/2026,1
Product 1894,3/29/2026,1
Product 5549,3/29/2026,1
Product 3782,3/29/2026,1
Product 2513,3/29/2026,1
Product 546,3/29/2026,1
Product 495,3/29/2026,1
Product 5550,3/29/2026,1
Product 5379,3/29/2026,1
Product 987,3/29/2026,1
Product 2282,3/29/2026,1
Product 5551,3/29/2026,1
Product 697,3/29/2026,2
Product 1833,3/29/2026,1
Product 552,3/29/2026,1
Product 65,3/29/2026,1
Product 1450,3/29/2026,1
Product 3493,3/29/2026,1
Product 4979,3/29/2026,1
Product 3357,3/29/2026,2
Product 330,3/29/2026,1
Product 1665,3/29/2026,1
Product 275,3/29/2026,2
Product 1681,3/29/2026,1
Product 1197,3/29/2026,2
Product 3133,3/29/2026,3
Product 2002,3/29/2026,1
Product 132,3/29/2026,1
Product 936,3/29/2026,1
Product 1958,3/29/2026,1
Product 1959,3/29/2026,1
Product 5552,3/29/2026,1
Product 2626,3/29/2026,1
Product 5553,3/29/2026,1
Product 1020,3/29/2026,1
Product 1920,3/29/2026,1
Product 648,3/29/2026,1
Product 5554,3/29/2026,1
Product 13,3/29/2026,1
Product 571,3/29/2026,3
Product 5555,3/29/2026,1
Product 5556,3/29/2026,3
Product 1511,3/29/2026,1
Product 3204,3/29/2026,1
Product 346,3/29/2026,1
Product 4475,3/29/2026,2
Product 966,3/29/2026,5
Product 3791,3/29/2026,1
Product 5235,3/29/2026,2
Product 691,3/29/2026,35
Product 5174,3/29/2026,35
Product 3547,3/29/2026,2
Product 254,3/29/2026,2
Product 1135,3/29/2026,1
Product 3490,3/29/2026,1
Product 5557,3/29/2026,1
Product 440,3/29/2026,1
Product 354,3/29/2026,1
Product 327,3/29/2026,1
Product 4104,3/29/2026,1
Product 339,3/29/2026,1
Product 2498,3/29/2026,1
Product 3564,3/29/2026,1
Product 808,3/29/2026,1
Product 4131,3/29/2026,1
Product 5558,3/29/2026,1
Product 4299,3/29/2026,1
Product 5374,3/29/2026,1
Product 4045,3/29/2026,1
Product 2001,3/29/2026,1
Product 2207,3/29/2026,1
Product 4306,3/29/2026,1
Product 260,3/29/2026,1
Product 5559,3/29/2026,1
Product 748,3/29/2026,1
Product 1538,3/29/2026,1
Product 2536,3/29/2026,1
Product 2584,3/29/2026,1
Product 1297,3/29/2026,1
Product 2240,3/29/2026,1
Product 2908,3/29/2026,1
Product 1624,3/29/2026,1
Product 3640,3/29/2026,1
Product 452,3/29/2026,1
Product 2032,3/29/2026,1
Product 858,3/29/2026,1
Product 2021,3/29/2026,1
Product 2546,3/29/2026,1
Product 85,3/29/2026,1
Product 453,3/29/2026,1
Product 3730,3/29/2026,1
Product 308,3/29/2026,1
Product 5560,3/29/2026,3
Product 5561,3/29/2026,1
Product 2468,3/29/2026,1
Product 5562,3/29/2026,2
Product 4123,3/29/2026,1
Product 5563,3/29/2026,1
Product 5564,3/29/2026,2
Product 1144,3/29/2026,1
Product 286,3/29/2026,1
Product 1839,3/29/2026,1
Product 2004,3/29/2026,1
Product 1083,3/29/2026,1
Product 4052,3/29/2026,1
Product 1444,3/29/2026,2
Product 12,3/29/2026,2
Product 4844,3/29/2026,1
Product 864,3/29/2026,1
Product 1912,3/29/2026,1
Product 2942,3/29/2026,1
Product 5565,3/29/2026,1
Product 5566,3/29/2026,1
Product 2809,3/29/2026,3
Product 696,3/29/2026,2
Product 2356,3/29/2026,1
Product 247,3/29/2026,1
Product 5567,3/29/2026,1
Product 2156,3/29/2026,1
Product 301,3/29/2026,2
Product 5568,3/29/2026,1
Product 741,3/29/2026,2
Product 540,3/29/2026,1
Product 2921,3/29/2026,1
Product 1333,3/29/2026,1
Product 14,3/29/2026,2
Product 128,3/29/2026,1
Product 217,3/29/2026,1
Product 4013,3/29/2026,1
Product 419,3/29/2026,1
Product 97,3/29/2026,1
Product 2833,3/29/2026,1
Product 5569,3/29/2026,1
Product 5326,3/29/2026,1
Product 4373,3/29/2026,1
Product 1069,3/29/2026,1
Product 2385,3/29/2026,1
Product 717,3/29/2026,1
Product 6,3/29/2026,1
Product 548,3/29/2026,3
Product 1408,3/29/2026,1
Product 3054,3/29/2026,1
Product 2543,3/29/2026,1
Product 246,3/29/2026,5
Product 1892,3/29/2026,1
Product 982,3/29/2026,2
Product 2284,3/29/2026,1
Product 1272,3/29/2026,1
Product 1681,3/29/2026,2
Product 1335,3/29/2026,1
Product 898,3/29/2026,1
Product 901,3/29/2026,1
Product 5570,3/29/2026,1
Product 5571,3/29/2026,1
Product 3374,3/29/2026,2
Product 2951,3/29/2026,1
Product 2777,3/29/2026,1
Product 5572,3/29/2026,1
Product 643,3/29/2026,1
Product 1425,3/29/2026,1
Product 5573,3/29/2026,1
Product 3634,3/29/2026,1
Product 2353,3/29/2026,1
Product 2402,3/29/2026,1
Product 3064,3/29/2026,1
Product 5574,3/29/2026,1
Product 863,3/29/2026,1
Product 1853,3/29/2026,1
Product 3068,3/29/2026,1
Product 4693,3/29/2026,1
Product 2102,3/29/2026,1
Product 4375,3/29/2026,1
Product 3767,3/29/2026,1
Product 5575,3/29/2026,3
Product 4010,3/29/2026,1
Product 4508,3/29/2026,1
Product 5576,3/29/2026,1
Product 110,3/29/2026,1
Product 4641,3/29/2026,1
Product 3304,3/29/2026,1
Product 673,3/29/2026,1
Product 3921,3/29/2026,1
Product 1509,3/29/2026,1
Product 1846,3/29/2026,1
Product 5082,3/29/2026,1
Product 3248,3/29/2026,1
Product 5577,3/29/2026,1
Product 3631,3/29/2026,1
Product 1965,3/29/2026,3
Product 5578,3/29/2026,1
Product 747,3/29/2026,1
Product 3964,3/29/2026,1
Product 5115,3/29/2026,1
Product 1245,3/29/2026,1
Product 5049,3/29/2026,1
Product 5354,3/29/2026,1
Product 3124,3/29/2026,2
Product 745,3/29/2026,1
Product 397,3/29/2026,1
Product 1708,3/29/2026,1
Product 1854,3/29/2026,1
Product 105,3/29/2026,1
Product 4124,3/29/2026,1
Product 3361,3/29/2026,1
Product 5579,3/29/2026,1
Product 2142,3/29/2026,6
Product 3547,3/29/2026,3
Product 5580,3/29/2026,1
Product 3640,3/29/2026,3
Product 3159,3/29/2026,1
Product 543,3/29/2026,1
Product 4143,3/29/2026,1
Product 3878,3/29/2026,2
Product 2230,3/29/2026,2
Product 1309,3/29/2026,3
Product 2272,3/29/2026,1
Product 4809,3/29/2026,1
Product 2413,3/29/2026,1
Product 406,3/29/2026,1
Product 5581,3/29/2026,1
Product 501,3/29/2026,3
Product 488,3/29/2026,2
Product 2426,3/29/2026,1
Product 2479,3/29/2026,1
Product 5582,3/29/2026,1
Product 3636,3/29/2026,1
Product 2168,3/29/2026,1
Product 1188,3/29/2026,1
Product 1343,3/29/2026,1
Product 4701,3/29/2026,1
Product 372,3/29/2026,1
Product 1468,3/29/2026,1
Product 5583,3/29/2026,1
Product 1457,3/29/2026,1
Product 537,3/29/2026,2
Product 1538,3/29/2026,1
Product 987,3/29/2026,1
Product 2114,3/29/2026,1
Product 495,3/29/2026,1
Product 1962,3/29/2026,1
Product 3713,3/29/2026,2
Product 1337,3/29/2026,1
Product 1968,3/29/2026,1
Product 922,3/29/2026,1
Product 923,3/29/2026,1
Product 1370,3/29/2026,1
Product 1360,3/29/2026,1
Product 1952,3/29/2026,1
Product 931,3/29/2026,1
Product 133,3/29/2026,2
Product 936,3/29/2026,1
Product 1372,3/29/2026,1
Product 2109,3/29/2026,1
Product 1000,3/29/2026,1
Product 940,3/29/2026,1
Product 5584,3/29/2026,1
Product 5585,3/29/2026,1
Product 3026,3/29/2026,1
Product 1774,3/29/2026,1
Product 2557,3/29/2026,2
Product 3970,3/29/2026,1
Product 5329,3/29/2026,1
Product 5586,3/29/2026,1
Product 5587,3/29/2026,1
Product 452,3/29/2026,1
Product 683,3/29/2026,1
Product 918,3/29/2026,1
Product 4275,3/29/2026,1
Product 2874,3/29/2026,1
Product 2065,3/29/2026,1
Product 5588,3/29/2026,1
Product 5589,3/29/2026,1
Product 313,3/29/2026,1
Product 743,3/29/2026,1
Product 252,3/29/2026,1
Product 5590,3/29/2026,1
Product 5591,3/29/2026,1
Product 112,3/29/2026,1
Product 5592,3/29/2026,1
Product 85,3/29/2026,1
Product 11,3/29/2026,1
Product 1984,3/29/2026,1
Product 2200,3/29/2026,1
Product 531,3/29/2026,1
Product 542,3/29/2026,2
Product 5593,3/29/2026,1
Product 5466,3/29/2026,5
Product 1070,3/29/2026,1
Product 4144,3/29/2026,1
Product 1231,3/29/2026,1
Product 1692,3/29/2026,3
Product 2166,3/29/2026,1
Product 3552,3/29/2026,3
Product 2315,3/29/2026,1
Product 1982,3/29/2026,2
Product 5594,3/29/2026,1
Product 3772,3/29/2026,1
Product 2331,3/29/2026,2
Product 147,3/29/2026,1
Product 5595,3/29/2026,1
Product 1497,3/29/2026,0
Product 5596,3/29/2026,1
Product 3728,3/29/2026,1
Product 928,3/29/2026,1
Product 146,3/29/2026,1
Product 2750,3/29/2026,1
Product 2309,3/29/2026,1
Product 173,3/29/2026,1
Product 1583,3/29/2026,1
Product 5597,3/29/2026,1
Product 3457,3/29/2026,1
Product 1060,3/29/2026,1
Product 689,3/29/2026,1
Product 5598,3/28/2026,5
Product 5599,3/28/2026,6
Product 3634,3/28/2026,3
Product 5488,3/28/2026,1
Product 5600,3/28/2026,1
Product 2392,3/28/2026,1
Product 1181,3/28/2026,1
Product 329,3/28/2026,1
Product 2147,3/28/2026,1
Product 1565,3/28/2026,1
Product 4750,3/28/2026,1
Product 283,3/28/2026,1
Product 4936,3/28/2026,1
Product 784,3/28/2026,35
Product 360,3/28/2026,1
Product 1823,3/28/2026,1
Product 986,3/28/2026,1
Product 2122,3/28/2026,1
Product 823,3/28/2026,1
Product 2673,3/28/2026,1
Product 5601,3/28/2026,1
Product 1964,3/28/2026,1
Product 37,3/28/2026,3
Product 1094,3/28/2026,5
Product 4,3/28/2026,1
Product 128,3/28/2026,1
Product 3311,3/28/2026,1
Product 1703,3/28/2026,1
Product 926,3/28/2026,1
Product 2952,3/28/2026,1
Product 649,3/28/2026,1
Product 1245,3/28/2026,1
Product 5602,3/28/2026,1
Product 85,3/28/2026,2
Product 5073,3/28/2026,1
Product 1821,3/28/2026,1
Product 5382,3/28/2026,1
Product 918,3/28/2026,1
Product 2295,3/28/2026,1
Product 1477,3/28/2026,1
Product 3789,3/28/2026,1
Product 1981,3/28/2026,1
Product 1666,3/28/2026,1
Product 1953,3/28/2026,1
Product 1001,3/28/2026,1
Product 1361,3/28/2026,1
Product 4496,3/28/2026,1
Product 1044,3/28/2026,1
Product 552,3/28/2026,1
Product 3124,3/28/2026,1
Product 2141,3/28/2026,1
Product 4692,3/28/2026,2
Product 785,3/28/2026,1
Product 364,3/28/2026,1
Product 5603,3/28/2026,3
Product 995,3/28/2026,3
Product 142,3/28/2026,1
Product 3087,3/28/2026,1
Product 1377,3/28/2026,1
Product 3547,3/28/2026,2
Product 3640,3/28/2026,2
Product 545,3/28/2026,1
Product 2856,3/28/2026,1
Product 2862,3/28/2026,1
Product 4429,3/28/2026,2
Product 3452,3/28/2026,1
Product 1034,3/28/2026,1
Product 5604,3/28/2026,1
Product 1400,3/28/2026,1
Product 1551,3/28/2026,2
Product 3340,3/28/2026,1
Product 1285,3/28/2026,1
Product 2782,3/28/2026,1
Product 3783,3/28/2026,1
Product 617,3/28/2026,1
Product 3228,3/28/2026,1
Product 3634,3/28/2026,1
Product 1059,3/28/2026,1
Product 945,3/28/2026,2
Product 2518,3/28/2026,1
Product 79,3/28/2026,1
Product 1408,3/28/2026,1
Product 5605,3/28/2026,1
Product 3835,3/28/2026,1
Product 960,3/28/2026,1
Product 679,3/28/2026,1
Product 2882,3/28/2026,1
Product 1834,3/28/2026,1
Product 688,3/28/2026,2
Product 1863,3/28/2026,1
Product 2636,3/28/2026,1
Product 108,3/28/2026,1
Product 5606,3/28/2026,1
Product 5607,3/28/2026,1
Product 5608,3/28/2026,1
Product 3033,3/28/2026,1
Product 795,3/28/2026,1
Product 2628,3/28/2026,1
Product 360,3/28/2026,1
Product 2,3/28/2026,1
Product 329,3/28/2026,5
Product 162,3/28/2026,1
Product 4833,3/28/2026,1
Product 4042,3/28/2026,2
Product 1245,3/28/2026,1
Product 1244,3/28/2026,2
Product 249,3/28/2026,2
Product 2087,3/28/2026,1
Product 4002,3/28/2026,1
Product 772,3/28/2026,1
Product 2351,3/28/2026,1
Product 3384,3/28/2026,1
Product 570,3/28/2026,2
Product 515,3/28/2026,1
Product 1157,3/28/2026,1
Product 4735,3/28/2026,1
Product 714,3/28/2026,1
Product 5609,3/28/2026,1
Product 5610,3/28/2026,1
Product 3690,3/28/2026,1
Product 4475,3/28/2026,5
Product 5251,3/28/2026,1
Product 198,3/28/2026,1
Product 5611,3/28/2026,1
Product 218,3/28/2026,1
Product 5612,3/28/2026,1
Product 110,3/28/2026,1
Product 4098,3/28/2026,1
Product 1170,3/28/2026,1
Product 3465,3/28/2026,2
Product 858,3/28/2026,2
Product 4279,3/28/2026,2
Product 643,3/28/2026,1
Product 2443,3/28/2026,1
Product 359,3/28/2026,1
Product 5613,3/28/2026,1
Product 3674,3/28/2026,1
Product 820,3/28/2026,1
Product 1325,3/28/2026,2
Product 5614,3/28/2026,1
Product 2394,3/28/2026,1
Product 1641,3/28/2026,1
Product 1259,3/28/2026,1
Product 1583,3/28/2026,1
Product 37,3/28/2026,2
Product 246,3/28/2026,1
Product 537,3/28/2026,2
Product 82,3/28/2026,1
Product 543,3/28/2026,2
Product 2057,3/28/2026,1
Product 79,3/28/2026,3
Product 186,3/28/2026,1
Product 1533,3/28/2026,1
Product 3978,3/28/2026,1
Product 682,3/28/2026,1
Product 1543,3/28/2026,1
Product 3381,3/28/2026,1
Product 1251,3/28/2026,1
Product 3775,3/28/2026,1
Product 1186,3/28/2026,1
Product 5615,3/28/2026,1
Product 4412,3/28/2026,1
Product 3778,3/28/2026,1
Product 4205,3/28/2026,1
Product 4326,3/28/2026,1
Product 32,3/28/2026,1
Product 3328,3/28/2026,1
Product 863,3/28/2026,1
Product 307,3/28/2026,1
Product 5616,3/28/2026,1
Product 5133,3/28/2026,1
Product 2257,3/28/2026,1
Product 1979,3/28/2026,1
Product 5617,3/28/2026,1
Product 2669,3/28/2026,1
Product 3821,3/28/2026,1
Product 5618,3/28/2026,1
Product 987,3/28/2026,1
Product 36,3/28/2026,1
Product 3971,3/28/2026,1
Product 1446,3/28/2026,1
Product 683,3/28/2026,2
Product 3073,3/28/2026,1
Product 3547,3/28/2026,1
Product 5619,3/28/2026,1
Product 5620,3/28/2026,1
Product 401,3/28/2026,1
Product 2478,3/28/2026,1
Product 576,3/28/2026,1
Product 3308,3/28/2026,1
Product 5621,3/28/2026,1
Product 5622,3/28/2026,1
Product 3017,3/28/2026,1
Product 4348,3/28/2026,1
Product 1274,3/28/2026,1
Product 79,3/28/2026,6
Product 4625,3/28/2026,1
Product 707,3/28/2026,1
Product 1816,3/28/2026,1
Product 2906,3/28/2026,0
Product 4322,3/28/2026,1
Product 1069,3/28/2026,1
Product 495,3/28/2026,2
Product 2863,3/28/2026,1
Product 1734,3/28/2026,1
Product 4008,3/28/2026,1
Product 896,3/28/2026,1
Product 3367,3/28/2026,1
Product 261,3/28/2026,1
Product 5623,3/28/2026,1
Product 5624,3/28/2026,1
Product 616,3/28/2026,1
Product 3158,3/28/2026,1
Product 3926,3/28/2026,1
Product 1759,3/28/2026,1
Product 2,3/28/2026,1
Product 4139,3/28/2026,1
Product 3473,3/28/2026,2
Product 2192,3/28/2026,1
Product 3834,3/28/2026,7
Product 4111,3/28/2026,1
Product 37,3/28/2026,1
Product 4483,3/28/2026,1
Product 4966,3/28/2026,1
Product 1216,3/28/2026,1
Product 1839,3/28/2026,1
Product 876,3/28/2026,1
Product 3837,3/28/2026,1
Product 108,3/28/2026,1
Product 5625,3/28/2026,1
Product 3673,3/28/2026,1
Product 4474,3/28/2026,1
Product 1128,3/28/2026,1
Product 926,3/28/2026,1
Product 1184,3/28/2026,1
Product 2731,3/28/2026,3
Product 2292,3/28/2026,1
Product 2285,3/28/2026,1
Product 2268,3/28/2026,2
Product 3234,3/28/2026,1
Product 2269,3/28/2026,3
Product 42,3/28/2026,1
Product 3394,3/28/2026,1
Product 571,3/28/2026,1
Product 877,3/28/2026,1
Product 37,3/28/2026,6
Product 2595,3/28/2026,1
Product 4924,3/28/2026,2
Product 658,3/28/2026,3
Product 4402,3/28/2026,1
Product 1408,3/28/2026,1
Product 5626,3/28/2026,1
Product 804,3/28/2026,1
Product 1824,3/28/2026,1
Product 1928,3/28/2026,1
Product 1338,3/28/2026,1
Product 1416,3/28/2026,2
Product 20,3/28/2026,1
Product 3467,3/28/2026,2
Product 3767,3/28/2026,1
Product 1083,3/28/2026,1
Product 5627,3/28/2026,1
Product 5628,3/28/2026,1
Product 5629,3/28/2026,1
Product 1603,3/28/2026,1
Product 5630,3/28/2026,1
Product 5631,3/28/2026,1
Product 5632,3/28/2026,1
Product 1510,3/28/2026,1
Product 296,3/28/2026,1
Product 4937,3/28/2026,-1
Product 3956,3/28/2026,10
Product 4743,3/28/2026,1
Product 1439,3/28/2026,1
Product 1409,3/28/2026,1
Product 5633,3/28/2026,1
Product 5634,3/28/2026,1
Product 1494,3/28/2026,1
Product 246,3/28/2026,2
Product 503,3/28/2026,12
Product 3782,3/28/2026,1
Product 1304,3/28/2026,3
Product 2066,3/28/2026,1
Product 268,3/28/2026,4
Product 717,3/28/2026,2
Product 6,3/28/2026,1
Product 79,3/28/2026,1
Product 4514,3/28/2026,1
Product 5635,3/28/2026,2
Product 5636,3/28/2026,1
Product 3183,3/28/2026,1
Product 5637,3/28/2026,1
Product 12,3/28/2026,1
Product 2230,3/28/2026,1
Product 65,3/28/2026,2
Product 3666,3/28/2026,1
Product 5638,3/28/2026,1
Product 556,3/28/2026,2
Product 5639,3/28/2026,1
Product 3124,3/28/2026,1
Product 2292,3/28/2026,2
Product 323,3/28/2026,1
Product 747,3/28/2026,3
Product 364,3/28/2026,1
Product 591,3/28/2026,2
Product 1748,3/28/2026,1
Product 910,3/28/2026,1
Product 1501,3/28/2026,1
Product 2971,3/28/2026,2
Product 4966,3/28/2026,1
Product 5640,3/28/2026,1
Product 5431,3/28/2026,1
Product 3634,3/28/2026,4
Product 4281,3/28/2026,1
Product 1018,3/28/2026,1
Product 3406,3/28/2026,1
Product 2093,3/28/2026,1
Product 5641,3/28/2026,1
Product 2522,3/28/2026,1
Product 398,3/28/2026,2
Product 2003,3/28/2026,1
Product 800,3/28/2026,1
Product 3404,3/28/2026,1
Product 5642,3/28/2026,1
Product 5643,3/28/2026,1
Product 5004,3/28/2026,1
Product 3210,3/28/2026,1
Product 3962,3/28/2026,1
Product 3683,3/28/2026,1
Product 5644,3/28/2026,1
Product 313,3/28/2026,1
Product 5573,3/28/2026,2
Product 284,3/28/2026,1
Product 1251,3/28/2026,1
Product 1088,3/28/2026,1
Product 1481,3/28/2026,1
Product 2882,3/28/2026,1
Product 3667,3/28/2026,1
Product 4802,3/28/2026,1
Product 5645,3/28/2026,1
Product 3100,3/28/2026,1
Product 114,3/28/2026,1
Product 357,3/28/2026,1
Product 1350,3/28/2026,1
Product 341,3/28/2026,1
Product 5646,3/28/2026,1
Product 3640,3/28/2026,1
Product 74,3/28/2026,1
Product 4207,3/28/2026,1
Product 73,3/28/2026,2
Product 4588,3/28/2026,1
Product 369,3/28/2026,1
Product 5647,3/28/2026,1
Product 3342,3/28/2026,1
Product 1842,3/28/2026,1
Product 548,3/28/2026,1
Product 14,3/28/2026,1
Product 5648,3/28/2026,1
Product 4476,3/28/2026,1
Product 4922,3/28/2026,6
Product 5649,3/28/2026,2
Product 1213,3/28/2026,2
Product 1034,3/28/2026,1
Product 581,3/28/2026,1
Product 266,3/28/2026,1
Product 1555,3/28/2026,1
Product 469,3/28/2026,8
Product 1780,3/28/2026,5
Product 2584,3/28/2026,9
Product 5650,3/28/2026,2
Product 898,3/28/2026,1
Product 2523,3/28/2026,2
Product 935,3/28/2026,1
Product 936,3/28/2026,1
Product 2940,3/28/2026,1
Product 3030,3/28/2026,3
Product 1058,3/28/2026,1
Product 696,3/28/2026,1
Product 1060,3/28/2026,1
Product 3731,3/28/2026,2
Product 2226,3/28/2026,2
Product 970,3/28/2026,1
Product 4935,3/28/2026,3
Product 13,3/28/2026,2
Product 2125,3/28/2026,1
Product 1584,3/28/2026,1
Product 876,3/28/2026,1
Product 571,3/28/2026,1
Product 5054,3/28/2026,1
Product 1430,3/28/2026,1
Product 5651,3/28/2026,1
Product 3796,3/28/2026,2
Product 1724,3/28/2026,1
Product 1315,3/28/2026,2
Product 5652,3/28/2026,1
Product 2190,3/28/2026,1
Product 260,3/28/2026,1
Product 2331,3/28/2026,1
Product 249,3/28/2026,20
Product 2753,3/28/2026,1
Product 304,3/28/2026,1
Product 384,3/28/2026,1
Product 1850,3/28/2026,1
Product 2623,3/28/2026,1
Product 1192,3/28/2026,2
Product 1548,3/28/2026,1
Product 1218,3/28/2026,1
Product 3,3/28/2026,1
Product 575,3/28/2026,1
Product 5653,3/28/2026,2
Product 5654,3/28/2026,3
Product 275,3/28/2026,2
Product 1935,3/28/2026,1
Product 4684,3/28/2026,1
Product 825,3/28/2026,1
Product 316,3/28/2026,1
Product 1755,3/28/2026,1
Product 3637,3/28/2026,1
Product 5655,3/28/2026,1
Product 244,3/28/2026,1
Product 543,3/28/2026,1
Product 1122,3/28/2026,1
Product 7,3/28/2026,2
Product 727,3/28/2026,1
Product 120,3/28/2026,1
Product 106,3/28/2026,1
Product 11,3/28/2026,1
Product 745,3/28/2026,1
Product 1216,3/28/2026,1
Product 1245,3/28/2026,1
Product 22,3/28/2026,1
Product 5656,3/28/2026,1
Product 5657,3/28/2026,1
Product 5658,3/28/2026,1
Product 3843,3/28/2026,1
Product 5659,3/28/2026,1
Product 5014,3/28/2026,1
Product 5660,3/28/2026,1
Product 183,3/28/2026,1
Product 1705,3/28/2026,1
Product 1935,3/28/2026,1
Product 4810,3/28/2026,1
Product 1134,3/28/2026,1
Product 5661,3/28/2026,1
Product 4856,3/28/2026,1
Product 2102,3/28/2026,1
Product 548,3/28/2026,1
Product 5662,3/28/2026,1
Product 1635,3/28/2026,1
Product 1853,3/28/2026,1
Product 5663,3/28/2026,1
Product 1238,3/28/2026,1
Product 4694,3/28/2026,1
Product 5664,3/28/2026,4
Product 717,3/28/2026,1
Product 689,3/28/2026,1
Product 5665,3/28/2026,0
Product 43,3/28/2026,1
Product 1117,3/28/2026,4
Product 5666,3/28/2026,4
Product 5667,3/28/2026,1
Product 5668,3/28/2026,1
Product 5669,3/28/2026,1
Product 671,3/28/2026,1
Product 5670,3/28/2026,1
Product 128,3/28/2026,1
Product 1884,3/28/2026,1
Product 5671,3/28/2026,3
Product 5578,3/28/2026,1
Product 946,3/28/2026,1
Product 1852,3/28/2026,1
Product 2021,3/28/2026,1
Product 744,3/28/2026,1
Product 4012,3/28/2026,1
Product 21,3/28/2026,1
Product 5672,3/28/2026,3
Product 796,3/28/2026,1
Product 1894,3/28/2026,1
Product 5673,3/28/2026,1
Product 4902,3/28/2026,1
Product 1498,3/28/2026,1
Product 784,3/28/2026,3
Product 360,3/28/2026,2
Product 65,3/28/2026,1
Product 4663,3/28/2026,1
Product 4454,3/28/2026,1
Product 5674,3/28/2026,1
Product 3232,3/28/2026,1
Product 2814,3/28/2026,1
Product 1662,3/28/2026,1
Product 3703,3/28/2026,1
Product 5675,3/28/2026,1
Product 5676,3/28/2026,3
Product 5677,3/28/2026,1
Product 696,3/28/2026,1
Product 2860,3/28/2026,1
Product 2638,3/28/2026,1
Product 3775,3/28/2026,2
Product 2913,3/28/2026,1
Product 5678,3/28/2026,1
Product 2065,3/28/2026,1
Product 1503,3/28/2026,1
Product 4701,3/28/2026,1
Product 1525,3/28/2026,2
Product 918,3/28/2026,1
Product 260,3/28/2026,1
Product 261,3/28/2026,1
Product 2665,3/28/2026,1
Product 3612,3/28/2026,1
Product 3391,3/28/2026,3
Product 1681,3/28/2026,1
Product 55,3/28/2026,2
Product 5679,3/28/2026,1
Product 1209,3/28/2026,1
Product 1601,3/28/2026,1
Product 5680,3/28/2026,1
Product 5681,3/28/2026,1
Product 61,3/28/2026,1
Product 5682,3/28/2026,1
Product 5683,3/28/2026,2
Product 5684,3/28/2026,1
Product 4654,3/28/2026,4
Product 1747,3/28/2026,1
Product 4206,3/28/2026,1
Product 4922,3/27/2026,1
Product 3157,3/27/2026,1
Product 2702,3/27/2026,1
Product 1325,3/27/2026,1
Product 1328,3/27/2026,1
Product 2518,3/27/2026,2
Product 3124,3/27/2026,2
Product 3660,3/27/2026,1
Product 5685,3/27/2026,1
Product 3584,3/27/2026,1
Product 4384,3/27/2026,1
Product 3730,3/27/2026,1
Product 131,3/27/2026,2
Product 2271,3/27/2026,1
Product 3324,3/27/2026,3
Product 268,3/27/2026,1
Product 717,3/27/2026,1
Product 3506,3/27/2026,2
Product 2105,3/27/2026,1
Product 1660,3/27/2026,1
Product 2499,3/27/2026,1
Product 2314,3/27/2026,2
Product 2158,3/27/2026,1
Product 919,3/27/2026,3
Product 2932,3/27/2026,1
Product 562,3/27/2026,1
Product 2359,3/27/2026,1
Product 2509,3/27/2026,4
Product 5686,3/27/2026,3
Product 2217,3/27/2026,1
Product 320,3/27/2026,1
Product 1712,3/27/2026,1
Product 5687,3/27/2026,1
Product 4677,3/27/2026,1
Product 2683,3/27/2026,1
Product 3195,3/27/2026,1
Product 3430,3/27/2026,1
Product 5688,3/27/2026,2
Product 3869,3/27/2026,1
Product 79,3/27/2026,1
Product 5689,3/27/2026,1
Product 5690,3/27/2026,1
Product 2084,3/27/2026,1
Product 2589,3/27/2026,1
Product 3676,3/27/2026,1
Product 2535,3/27/2026,1
Product 281,3/27/2026,1
Product 3006,3/27/2026,1
Product 4011,3/27/2026,1
Product 2146,3/27/2026,1
Product 5691,3/27/2026,1
Product 1094,3/27/2026,1
Product 5692,3/27/2026,1
Product 4850,3/27/2026,1
Product 398,3/27/2026,1
Product 1601,3/27/2026,1
Product 13,3/27/2026,1
Product 2114,3/27/2026,1
Product 1233,3/27/2026,1
Product 2065,3/27/2026,1
Product 5447,3/27/2026,2
Product 4472,3/27/2026,1
Product 870,3/27/2026,1
Product 3234,3/27/2026,1
Product 5693,3/27/2026,1
Product 600,3/27/2026,1
Product 3880,3/27/2026,1
Product 2068,3/27/2026,1
Product 5694,3/27/2026,1
Product 162,3/27/2026,1
Product 2257,3/27/2026,2
Product 3403,3/27/2026,1
Product 5695,3/27/2026,1
Product 274,3/27/2026,1
Product 863,3/27/2026,2
Product 1713,3/27/2026,1
Product 399,3/27/2026,1
Product 934,3/27/2026,1
Product 940,3/27/2026,1
Product 147,3/27/2026,1
Product 5696,3/27/2026,8
Product 5697,3/27/2026,2
Product 476,3/27/2026,1
Product 657,3/27/2026,1
Product 5338,3/27/2026,1
Product 4190,3/27/2026,1
Product 1601,3/27/2026,1
Product 5295,3/27/2026,1
Product 1968,3/27/2026,1
Product 134,3/27/2026,3
Product 390,3/27/2026,1
Product 1002,3/27/2026,1
Product 5160,3/27/2026,1
Product 1972,3/27/2026,1
Product 37,3/27/2026,1
Product 3640,3/27/2026,1
Product 2899,3/27/2026,1
Product 228,3/27/2026,1
Product 741,3/27/2026,1
Product 861,3/27/2026,1
Product 540,3/27/2026,1
Product 1771,3/27/2026,2
Product 1854,3/27/2026,2
Product 37,3/27/2026,1
Product 2407,3/27/2026,1
Product 5698,3/27/2026,1
Product 3634,3/27/2026,1
Product 79,3/27/2026,2
Product 3780,3/27/2026,1
Product 3555,3/27/2026,2
Product 2519,3/27/2026,1
Product 413,3/27/2026,2
Product 359,3/27/2026,1
Product 3141,3/27/2026,1
Product 7,3/27/2026,1
Product 804,3/27/2026,2
Product 5699,3/27/2026,1
Product 3432,3/27/2026,1
Product 1771,3/27/2026,1
Product 1772,3/27/2026,1
Product 883,3/27/2026,1
Product 857,3/27/2026,1
Product 3128,3/27/2026,1
Product 5700,3/27/2026,1
Product 1216,3/27/2026,1
Product 672,3/27/2026,1
Product 2778,3/27/2026,1
Product 751,3/27/2026,1
Product 2415,3/27/2026,1
Product 4221,3/27/2026,1
Product 5701,3/27/2026,1
Product 2296,3/27/2026,1
Product 2272,3/27/2026,1
Product 4002,3/27/2026,1
Product 444,3/27/2026,1
Product 2975,3/27/2026,2
Product 144,3/27/2026,1
Product 3092,3/27/2026,1
Product 959,3/27/2026,1
Product 79,3/27/2026,3
Product 145,3/27/2026,3
Product 2951,3/27/2026,2
Product 2315,3/27/2026,1
Product 612,3/27/2026,1
Product 2666,3/27/2026,1
Product 2787,3/27/2026,1
Product 2863,3/27/2026,1
Product 1735,3/27/2026,1
Product 1254,3/27/2026,2
Product 5702,3/27/2026,1
Product 5703,3/27/2026,1
Product 5704,3/27/2026,1
Product 1755,3/27/2026,1
Product 37,3/27/2026,5
Product 3062,3/27/2026,1
Product 3278,3/27/2026,1
Product 4731,3/27/2026,1
Product 1552,3/27/2026,1
Product 696,3/27/2026,1
Product 5705,3/27/2026,1
Product 4203,3/27/2026,1
Product 1678,3/27/2026,1
Product 5640,3/27/2026,1
Product 987,3/27/2026,1
Product 806,3/27/2026,1
Product 3917,3/27/2026,1
Product 1002,3/27/2026,1
Product 2715,3/27/2026,1
Product 5283,3/27/2026,1
Product 1437,3/27/2026,1
Product 1403,3/27/2026,1
Product 13,3/27/2026,3
Product 4056,3/27/2026,1
Product 1357,3/27/2026,1
Product 590,3/27/2026,1
Product 1640,3/27/2026,1
Product 3097,3/27/2026,2
Product 421,3/27/2026,2
Product 5697,3/27/2026,1
Product 2319,3/27/2026,1
Product 1262,3/27/2026,1
Product 1762,3/27/2026,1
Product 1505,3/27/2026,1
Product 5706,3/27/2026,1
Product 2706,3/27/2026,2
Product 4860,3/27/2026,2
Product 3224,3/27/2026,1
Product 5707,3/27/2026,2
Product 856,3/27/2026,1
Product 1846,3/27/2026,4
Product 2788,3/27/2026,1
Product 58,3/27/2026,1
Product 1088,3/27/2026,1
Product 7,3/27/2026,1
Product 5708,3/27/2026,1
Product 5709,3/27/2026,1
Product 3547,3/27/2026,1
Product 5710,3/27/2026,1
Product 5711,3/27/2026,1
Product 266,3/27/2026,1
Product 3674,3/27/2026,1
Product 4937,3/27/2026,1
Product 2711,3/27/2026,1
Product 3187,3/27/2026,1
Product 5486,3/27/2026,1
Product 5712,3/27/2026,1
Product 3640,3/27/2026,1
Product 795,3/27/2026,1
Product 3124,3/27/2026,1
Product 5713,3/27/2026,3
Product 1094,3/27/2026,1
Product 5714,3/27/2026,2
Product 775,3/27/2026,1
Product 5715,3/27/2026,1
Product 1639,3/27/2026,1
Product 127,3/27/2026,1
Product 1212,3/27/2026,1
Product 5716,3/27/2026,-1
Product 1586,3/27/2026,1
Product 3547,3/27/2026,3
Product 273,3/27/2026,1
Product 315,3/27/2026,1
Product 2413,3/27/2026,1
Product 3154,3/27/2026,1
Product 5717,3/27/2026,1
Product 5718,3/27/2026,1
Product 5719,3/27/2026,1
Product 1330,3/27/2026,1
Product 4153,3/27/2026,1
Product 2966,3/27/2026,1
Product 3520,3/27/2026,1
Product 2774,3/27/2026,1
Product 5720,3/27/2026,1
Product 4255,3/27/2026,1
Product 5721,3/27/2026,1
Product 2460,3/27/2026,1
Product 2065,3/27/2026,1
Product 170,3/27/2026,1
Product 495,3/27/2026,1
Product 1824,3/27/2026,2
Product 582,3/27/2026,1
Product 1118,3/27/2026,1
Product 3807,3/27/2026,2
Product 5722,3/27/2026,1
Product 5723,3/27/2026,1
Product 2846,3/27/2026,1
Product 5724,3/27/2026,2
Product 5725,3/27/2026,1
Product 5289,3/27/2026,2
Product 2120,3/27/2026,2
Product 696,3/27/2026,1
Product 3188,3/27/2026,1
Product 788,3/27/2026,1
Product 5726,3/27/2026,1
Product 4867,3/27/2026,1
Product 5727,3/27/2026,20
Product 1088,3/27/2026,1
Product 5728,3/27/2026,10
Product 3904,3/27/2026,1
Product 1772,3/27/2026,1
Product 543,3/27/2026,1
Product 3509,3/27/2026,1
Product 5729,3/27/2026,1
Product 5480,3/27/2026,1
Product 1475,3/27/2026,1
Product 1989,3/27/2026,1
Product 2109,3/27/2026,1
Product 940,3/27/2026,1
Product 147,3/27/2026,1
Product 3859,3/27/2026,1
Product 1274,3/27/2026,2
Product 2699,3/27/2026,1
Product 5730,3/27/2026,1
Product 4275,3/27/2026,1
Product 2859,3/27/2026,1
Product 4465,3/27/2026,1
Product 5731,3/27/2026,1
Product 5732,3/27/2026,2
Product 200,3/27/2026,2
Product 2018,3/27/2026,1
Product 1505,3/27/2026,1
Product 1506,3/27/2026,2
Product 5733,3/27/2026,1
Product 808,3/27/2026,1
Product 422,3/27/2026,1
Product 2035,3/27/2026,6
Product 5734,3/27/2026,6
Product 2359,3/27/2026,1
Product 4581,3/27/2026,1
Product 144,3/27/2026,1
Product 736,3/27/2026,1
Product 1289,3/27/2026,1
Product 3889,3/27/2026,10
Product 683,3/26/2026,2
Product 5735,3/26/2026,1
Product 13,3/26/2026,2
Product 364,3/26/2026,1
Product 5736,3/26/2026,1
Product 3077,3/26/2026,1
Product 3958,3/26/2026,1
Product 551,3/26/2026,1
Product 2663,3/26/2026,1
Product 2535,3/26/2026,1
Product 2536,3/26/2026,1
Product 79,3/26/2026,1
Product 225,3/26/2026,1
Product 871,3/26/2026,1
Product 5737,3/26/2026,1
Product 3650,3/26/2026,1
Product 1160,3/26/2026,1
Product 1924,3/26/2026,1
Product 329,3/26/2026,1
Product 5738,3/26/2026,2
Product 37,3/26/2026,1
Product 3068,3/26/2026,1
Product 524,3/26/2026,1
Product 1879,3/26/2026,1
Product 5739,3/26/2026,1
Product 3085,3/26/2026,1
Product 3824,3/26/2026,1
Product 397,3/26/2026,1
Product 5740,3/26/2026,1
Product 2966,3/26/2026,2
Product 37,3/26/2026,3
Product 3634,3/26/2026,1
Product 1863,3/26/2026,1
Product 4245,3/26/2026,1
Product 5513,3/26/2026,1
Product 3547,3/26/2026,1
Product 1951,3/26/2026,2
Product 5741,3/26/2026,1
Product 5742,3/26/2026,1
Product 2029,3/26/2026,1
Product 2302,3/26/2026,2
Product 2780,3/26/2026,1
Product 3782,3/26/2026,1
Product 616,3/26/2026,1
Product 648,3/26/2026,1
Product 2989,3/26/2026,1
Product 1537,3/26/2026,1
Product 342,3/26/2026,1
Product 689,3/26/2026,1
Product 285,3/26/2026,1
Product 4014,3/26/2026,1
Product 162,3/26/2026,1
Product 1367,3/26/2026,1
Product 1750,3/26/2026,1
Product 1552,3/26/2026,1
Product 2068,3/26/2026,1
Product 5591,3/26/2026,1
Product 4473,3/26/2026,1
Product 594,3/26/2026,1
Product 4589,3/26/2026,1
Product 1348,3/26/2026,1
Product 3406,3/26/2026,1
Product 3303,3/26/2026,1
Product 2264,3/26/2026,1
Product 1403,3/26/2026,1
Product 3262,3/26/2026,1
Product 3593,3/26/2026,1
Product 37,3/26/2026,2
Product 696,3/26/2026,2
Product 5202,3/26/2026,1
Product 5743,3/26/2026,1
Product 4729,3/26/2026,1
Product 3670,3/26/2026,1
Product 744,3/26/2026,1
Product 4923,3/26/2026,1
Product 45,3/26/2026,2
Product 338,3/26/2026,1
Product 313,3/26/2026,1
Product 329,3/26/2026,1
Product 2976,3/26/2026,1
Product 1503,3/26/2026,-2
Product 3633,3/26/2026,2
Product 3691,3/26/2026,2
Product 3652,3/26/2026,2
Product 1310,3/26/2026,1
Product 5676,3/26/2026,2
Product 79,3/26/2026,2
Product 5744,3/26/2026,4
Product 3073,3/26/2026,1
Product 3621,3/26/2026,2
Product 5745,3/26/2026,2
Product 5746,3/26/2026,2
Product 301,3/26/2026,2
Product 205,3/26/2026,1
Product 1191,3/26/2026,2
Product 592,3/26/2026,2
Product 3039,3/26/2026,2
Product 465,3/26/2026,1
Product 1218,3/26/2026,1
Product 614,3/26/2026,1
Product 921,3/26/2026,1
Product 218,3/26/2026,1
Product 3634,3/26/2026,1
Product 4342,3/26/2026,1
Product 2658,3/26/2026,2
Product 3589,3/26/2026,1
Product 3800,3/26/2026,1
Product 963,3/26/2026,1
Product 446,3/26/2026,1
Product 524,3/26/2026,1
Product 79,3/26/2026,1
Product 705,3/26/2026,1
Product 1324,3/26/2026,1
Product 1424,3/26/2026,1
Product 744,3/26/2026,1
Product 3613,3/26/2026,1
Product 912,3/26/2026,1
Product 3035,3/26/2026,1
Product 313,3/26/2026,1
Product 97,3/26/2026,1
Product 5747,3/26/2026,1
Product 5748,3/26/2026,1
Product 1958,3/26/2026,1
Product 1403,3/26/2026,1
Product 61,3/26/2026,1
Product 397,3/26/2026,1
Product 1579,3/26/2026,1
Product 5749,3/26/2026,1
Product 108,3/26/2026,1
Product 269,3/26/2026,1
Product 2622,3/26/2026,1
Product 1293,3/26/2026,10
Product 5750,3/26/2026,1
Product 4086,3/26/2026,1
Product 1378,3/26/2026,2
Product 3775,3/26/2026,2
Product 439,3/26/2026,16
Product 1240,3/26/2026,2
Product 886,3/26/2026,1
Product 1498,3/26/2026,1
Product 102,3/26/2026,1
Product 3120,3/26/2026,2
Product 1927,3/26/2026,1
Product 1935,3/26/2026,1
Product 313,3/26/2026,2
Product 2698,3/26/2026,1
Product 1928,3/26/2026,1
Product 2899,3/26/2026,1
Product 5716,3/26/2026,1
Product 5266,3/26/2026,2
Product 1289,3/26/2026,1
Product 685,3/26/2026,1
Product 876,3/26/2026,1
Product 571,3/26/2026,2
Product 79,3/26/2026,2
Product 268,3/26/2026,2
Product 4830,3/26/2026,1
Product 741,3/26/2026,1
Product 5751,3/26/2026,1
Product 5752,3/26/2026,1
Product 4595,3/26/2026,1
Product 5753,3/26/2026,2
Product 3728,3/26/2026,1
Product 926,3/26/2026,1
Product 928,3/26/2026,1
Product 1714,3/26/2026,1
Product 1716,3/26/2026,1
Product 2519,3/26/2026,1
Product 413,3/26/2026,1
Product 97,3/26/2026,1
Product 2813,3/26/2026,1
Product 695,3/26/2026,1
Product 1191,3/26/2026,1
Product 5754,3/26/2026,1
Product 4654,3/26/2026,2
Product 1034,3/26/2026,1
Product 2132,3/26/2026,1
Product 2911,3/26/2026,1
Product 1643,3/26/2026,1
Product 1559,3/26/2026,1
Product 501,3/26/2026,1
Product 808,3/26/2026,1
Product 4707,3/26/2026,1
Product 419,3/26/2026,2
Product 3852,3/26/2026,1
Product 5755,3/26/2026,1
Product 96,3/26/2026,2
Product 37,3/26/2026,2
Product 5756,3/26/2026,1
Product 1173,3/26/2026,1
Product 4068,3/26/2026,1
Product 806,3/26/2026,1
Product 73,3/26/2026,1
Product 3513,3/26/2026,1
Product 1981,3/26/2026,1
Product 122,3/26/2026,1
Product 162,3/26/2026,1
Product 5540,3/26/2026,1
Product 4995,3/26/2026,1
Product 1390,3/26/2026,1
Product 581,3/26/2026,1
Product 5757,3/26/2026,3
Product 5758,3/26/2026,3
Product 5759,3/26/2026,12
Product 4960,3/26/2026,6
Product 3124,3/26/2026,1
Product 4903,3/26/2026,1
Product 3689,3/26/2026,1
Product 455,3/26/2026,1
Product 4799,3/26/2026,1
Product 2410,3/26/2026,1
Product 531,3/26/2026,1
Product 784,3/26/2026,1
Product 196,3/26/2026,2
Product 540,3/26/2026,1
Product 871,3/26/2026,2
Product 1738,3/26/2026,1
Product 3764,3/26/2026,1
Product 3171,3/26/2026,4
Product 5003,3/26/2026,1
Product 2230,3/26/2026,1
Product 1658,3/26/2026,1
Product 5760,3/26/2026,1
Product 1659,3/26/2026,1
Product 5761,3/26/2026,1
Product 4036,3/26/2026,1
Product 3189,3/26/2026,1
Product 5762,3/26/2026,1
Product 2935,3/26/2026,1
Product 5125,3/26/2026,1
Product 5763,3/26/2026,1
Product 246,3/26/2026,1
Product 833,3/26/2026,1
Product 2292,3/26/2026,1
Product 3820,3/26/2026,1
Product 5764,3/26/2026,1
Product 2284,3/26/2026,1
Product 3931,3/26/2026,1
Product 398,3/26/2026,1
Product 553,3/26/2026,1
Product 4388,3/26/2026,1
Product 1365,3/26/2026,1
Product 213,3/26/2026,1
Product 274,3/26/2026,1
Product 5765,3/26/2026,1
Product 616,3/26/2026,1
Product 249,3/26/2026,5
Product 1935,3/26/2026,1
Product 11,3/26/2026,1
Product 2971,3/26/2026,1
Product 3522,3/26/2026,3
Product 917,3/26/2026,1
Product 5028,3/26/2026,1
Product 1403,3/26/2026,1
Product 744,3/26/2026,1
Product 1046,3/26/2026,1
Product 1538,3/26/2026,2
Product 4762,3/26/2026,2
Product 3058,3/26/2026,1
Product 2635,3/26/2026,1
Product 1846,3/26/2026,1
Product 1194,3/26/2026,1
Product 378,3/26/2026,1
Product 1629,3/26/2026,1
Product 45,3/26/2026,1
Product 3224,3/26/2026,1
Product 4485,3/26/2026,1
Product 4317,3/26/2026,1
Product 3432,3/26/2026,1
Product 3927,3/26/2026,1
Product 5766,3/26/2026,1
Product 529,3/26/2026,1
Product 818,3/26/2026,1
Product 5767,3/26/2026,1
Product 4300,3/26/2026,2
Product 5768,3/26/2026,1
Product 1953,3/26/2026,1
Product 1956,3/26/2026,1
Product 1983,3/26/2026,1
Product 3634,3/26/2026,1
Product 5769,3/26/2026,1
Product 2321,3/26/2026,1
Product 4978,3/26/2026,2
Product 313,3/26/2026,1
Product 5770,3/26/2026,1
Product 2008,3/26/2026,1
Product 5771,3/26/2026,1
Product 4400,3/26/2026,1
Product 85,3/26/2026,1
Product 5772,3/26/2026,1
Product 5773,3/26/2026,2
Product 5774,3/26/2026,2
Product 4540,3/26/2026,1
Product 49,3/26/2026,1
Product 4365,3/25/2026,1
Product 3742,3/25/2026,1
Product 1146,3/25/2026,1
Product 1171,3/25/2026,1
Product 5775,3/25/2026,1
Product 2024,3/25/2026,1
Product 317,3/25/2026,1
Product 2364,3/25/2026,3
Product 5776,3/25/2026,3
Product 5777,3/25/2026,5
Product 5778,3/25/2026,1
Product 3124,3/25/2026,1
Product 956,3/25/2026,1
Product 2635,3/25/2026,1
Product 780,3/25/2026,1
Product 5779,3/25/2026,1
Product 5780,3/25/2026,1
Product 804,3/25/2026,1
Product 3200,3/25/2026,1
Product 5781,3/25/2026,1
Product 3086,3/25/2026,1
Product 103,3/25/2026,1
Product 5782,3/25/2026,1
Product 5433,3/25/2026,1
Product 4826,3/25/2026,1
Product 4429,3/25/2026,1
Product 2698,3/25/2026,1
Product 5783,3/25/2026,1
Product 4404,3/25/2026,1
Product 3547,3/25/2026,2
Product 5784,3/25/2026,1
Product 2725,3/25/2026,1
Product 5785,3/25/2026,1
Product 2250,3/25/2026,1
Product 5786,3/25/2026,1
Product 5787,3/25/2026,1
Product 79,3/25/2026,2
Product 427,3/25/2026,2
Product 1433,3/25/2026,1
Product 858,3/25/2026,1
Product 428,3/25/2026,2
Product 5788,3/25/2026,2
Product 8,3/25/2026,1
Product 1112,3/25/2026,1
Product 5789,3/25/2026,1
Product 1501,3/25/2026,3
Product 5409,3/25/2026,2
Product 3651,3/25/2026,1
Product 795,3/25/2026,1
Product 365,3/25/2026,1
Product 1326,3/25/2026,2
Product 1968,3/25/2026,3
Product 1359,3/25/2026,1
Product 1714,3/25/2026,1
Product 1990,3/25/2026,1
Product 142,3/25/2026,1
Product 5790,3/25/2026,1
Product 220,3/25/2026,1
Product 2580,3/25/2026,1
Product 126,3/25/2026,1
Product 4231,3/25/2026,1
Product 394,3/25/2026,1
Product 5791,3/25/2026,1
Product 551,3/25/2026,1
Product 3073,3/25/2026,1
Product 556,3/25/2026,1
Product 3636,3/25/2026,1
Product 4470,3/25/2026,1
Product 79,3/25/2026,1
Product 346,3/25/2026,1
Product 2435,3/25/2026,1
Product 4399,3/25/2026,1
Product 3224,3/25/2026,1
Product 2105,3/25/2026,1
Product 21,3/25/2026,1
Product 5131,3/25/2026,1
Product 5792,3/25/2026,1
Product 2860,3/25/2026,1
Product 1998,3/25/2026,1
Product 144,3/25/2026,1
Product 1139,3/25/2026,1
Product 2258,3/25/2026,1
Product 3735,3/25/2026,1
Product 7,3/25/2026,1
Product 3621,3/25/2026,1
Product 488,3/25/2026,1
Product 818,3/25/2026,1
Product 3929,3/25/2026,1
Product 3547,3/25/2026,1
Product 5382,3/25/2026,1
Product 3428,3/25/2026,1
Product 2440,3/25/2026,1
Product 1252,3/25/2026,1
Product 3056,3/25/2026,1
Product 3634,3/25/2026,1
Product 1122,3/25/2026,1
Product 5793,3/25/2026,1
Product 4940,3/25/2026,20
Product 2486,3/25/2026,1
Product 2243,3/25/2026,1
Product 1467,3/25/2026,1
Product 844,3/25/2026,1
Product 4710,3/25/2026,1
Product 266,3/25/2026,1
Product 858,3/25/2026,1
Product 5794,3/25/2026,1
Product 5795,3/25/2026,1
Product 2271,3/25/2026,1
Product 2188,3/25/2026,1
Product 4490,3/25/2026,1
Product 37,3/25/2026,1
Product 1503,3/25/2026,2
Product 1119,3/25/2026,1
Product 5796,3/25/2026,1
Product 3376,3/25/2026,1
Product 2491,3/25/2026,1
Product 1583,3/25/2026,1
Product 2881,3/25/2026,1
Product 5353,3/25/2026,2
Product 4076,3/25/2026,1
Product 2019,3/25/2026,1
Product 496,3/25/2026,1
Product 2176,3/25/2026,1
Product 5797,3/25/2026,1
Product 804,3/25/2026,1
Product 4495,3/25/2026,1
Product 5798,3/25/2026,1
Product 616,3/25/2026,1
Product 2906,3/25/2026,1
Product 1978,3/25/2026,1
Product 1634,3/25/2026,2
Product 3068,3/25/2026,1
Product 1377,3/25/2026,1
Product 939,3/25/2026,1
Product 2109,3/25/2026,1
Product 2891,3/25/2026,5
Product 2270,3/25/2026,1
Product 5174,3/25/2026,1
Product 279,3/25/2026,1
Product 5532,3/25/2026,1
Product 246,3/25/2026,2
Product 1496,3/25/2026,1
Product 204,3/25/2026,1
Product 1935,3/25/2026,1
Product 5799,3/25/2026,1
Product 1107,3/25/2026,1
Product 244,3/25/2026,1
Product 2440,3/25/2026,1
Product 5112,3/25/2026,1
Product 1216,3/25/2026,1
Product 13,3/25/2026,1
Product 249,3/25/2026,4
Product 3561,3/25/2026,1
Product 580,3/25/2026,1
Product 79,3/25/2026,1
Product 4761,3/25/2026,1
Product 4554,3/25/2026,1
Product 1511,3/25/2026,2
Product 1064,3/25/2026,1
Product 5053,3/25/2026,1
Product 4632,3/25/2026,1
Product 1712,3/25/2026,1
Product 924,3/25/2026,1
Product 991,3/25/2026,2
Product 258,3/25/2026,1
Product 4457,3/25/2026,1
Product 3661,3/25/2026,1
Product 3916,3/25/2026,1
Product 4048,3/25/2026,2
Product 5800,3/25/2026,2
Product 3732,3/25/2026,1
Product 1278,3/25/2026,1
Product 3798,3/25/2026,-1
Product 11,3/25/2026,1
Product 398,3/25/2026,2
Product 1044,3/25/2026,1
Product 752,3/25/2026,1
Product 1254,3/25/2026,10
Product 1585,3/25/2026,1
Product 3279,3/25/2026,2
Product 2070,3/25/2026,1
Product 2393,3/25/2026,1
Product 406,3/25/2026,1
Product 5801,3/25/2026,3
Product 565,3/25/2026,1
Product 2297,3/25/2026,1
Product 73,3/25/2026,1
Product 37,3/25/2026,2
Product 2419,3/25/2026,1
Product 1272,3/25/2026,1
Product 49,3/25/2026,1
Product 2490,3/25/2026,1
Product 317,3/25/2026,1
Product 186,3/25/2026,1
Product 1297,3/25/2026,1
Product 338,3/25/2026,1
Product 2838,3/25/2026,2
Product 3782,3/25/2026,1
Product 3640,3/25/2026,1
Product 2065,3/25/2026,1
Product 1141,3/25/2026,1
Product 5705,3/25/2026,1
Product 555,3/25/2026,1
Product 5234,3/25/2026,1
Product 1450,3/25/2026,1
Product 266,3/25/2026,1
Product 4317,3/25/2026,1
Product 4068,3/25/2026,1
Product 5802,3/25/2026,1
Product 4711,3/25/2026,1
Product 3615,3/25/2026,1
Product 3921,3/25/2026,1
Product 1509,3/25/2026,1
Product 6,3/25/2026,1
Product 2,3/25/2026,1
Product 2254,3/25/2026,1
Product 5803,3/25/2026,1
Product 326,3/25/2026,1
Product 6,3/25/2026,1
Product 5804,3/25/2026,1
Product 3422,3/25/2026,1
Product 2082,3/25/2026,1
Product 1450,3/25/2026,2
Product 1755,3/25/2026,2
Product 506,3/25/2026,1
Product 5805,3/25/2026,1
Product 1403,3/25/2026,1
Product 5806,3/25/2026,1
Product 2615,3/25/2026,1
Product 2617,3/25/2026,1
Product 981,3/25/2026,1
Product 2504,3/25/2026,1
Product 544,3/25/2026,1
Product 4400,3/25/2026,1
Product 2860,3/25/2026,1
Product 3440,3/25/2026,1
Product 4852,3/25/2026,1
Product 3190,3/25/2026,1
Product 1288,3/25/2026,1
Product 707,3/25/2026,2
Product 548,3/25/2026,1
Product 1216,3/25/2026,1
Product 717,3/25/2026,1
Product 279,3/25/2026,1
Product 5807,3/25/2026,1
Product 3209,3/25/2026,1
Product 1747,3/25/2026,1
Product 5808,3/25/2026,1
Product 3124,3/25/2026,1
Product 1640,3/25/2026,1
Product 5809,3/25/2026,1
Product 3224,3/25/2026,1
Product 246,3/25/2026,1
Product 1692,3/25/2026,1
Product 5021,3/25/2026,1
Product 5810,3/25/2026,1
Product 5811,3/25/2026,1
Product 965,3/25/2026,1
Product 392,3/25/2026,1
Product 1818,3/25/2026,1
Product 1254,3/25/2026,1
Product 2264,3/25/2026,1
Product 515,3/25/2026,1
Product 2171,3/25/2026,1
Product 2514,3/25/2026,1
Product 5812,3/25/2026,1
Product 696,3/25/2026,1
Product 5530,3/25/2026,1
Product 3222,3/25/2026,1
Product 4419,3/25/2026,1
Product 2967,3/25/2026,1
Product 5813,3/25/2026,2
Product 2030,3/25/2026,1
Product 4625,3/25/2026,1
Product 108,3/25/2026,1
Product 249,3/25/2026,2
Product 2685,3/25/2026,1
Product 5814,3/25/2026,1
Product 2079,3/25/2026,2
Product 5815,3/25/2026,5
Product 37,3/24/2026,2
Product 5816,3/24/2026,1
Product 3547,3/24/2026,2
Product 5817,3/24/2026,2
Product 5818,3/24/2026,2
Product 5819,3/24/2026,1
Product 1984,3/24/2026,1
Product 3636,3/24/2026,1
Product 1146,3/24/2026,1
Product 648,3/24/2026,1
Product 3640,3/24/2026,2
Product 2058,3/24/2026,1
Product 1139,3/24/2026,1
Product 2095,3/24/2026,1
Product 2787,3/24/2026,1
Product 3880,3/24/2026,1
Product 4773,3/24/2026,1
Product 4757,3/24/2026,1
Product 3346,3/24/2026,1
Product 2920,3/24/2026,1
Product 2460,3/24/2026,1
Product 4183,3/24/2026,1
Product 5820,3/24/2026,1
Product 1834,3/24/2026,1
Product 527,3/24/2026,2
Product 1165,3/24/2026,1
Product 522,3/24/2026,1
Product 650,3/24/2026,1
Product 3289,3/24/2026,1
Product 3213,3/24/2026,1
Product 2863,3/24/2026,1
Product 2469,3/24/2026,1
Product 652,3/24/2026,3
Product 3291,3/24/2026,2
Product 5821,3/24/2026,1
Product 313,3/24/2026,0
Product 3869,3/24/2026,1
Product 5147,3/24/2026,1
Product 5822,3/24/2026,1
Product 4251,3/24/2026,1
Product 4481,3/24/2026,1
Product 3634,3/24/2026,1
Product 3384,3/24/2026,1
Product 3705,3/24/2026,3
Product 1262,3/24/2026,1
Product 5823,3/24/2026,3
Product 4630,3/24/2026,2
Product 5824,3/24/2026,1
Product 5825,3/24/2026,-1
Product 329,3/24/2026,1
Product 4909,3/24/2026,1
Product 472,3/24/2026,2
Product 688,3/24/2026,1
Product 65,3/24/2026,1
Product 1842,3/24/2026,1
Product 4531,3/24/2026,1
Product 364,3/24/2026,1
Product 4850,3/24/2026,1
Product 5000,3/24/2026,1
Product 2988,3/24/2026,1
Product 5826,3/24/2026,1
Product 2070,3/24/2026,2
Product 1847,3/24/2026,1
Product 3821,3/24/2026,1
Product 279,3/24/2026,1
Product 712,3/24/2026,1
Product 321,3/24/2026,1
Product 74,3/24/2026,1
Product 2260,3/24/2026,1
Product 4002,3/24/2026,1
Product 5827,3/24/2026,1
Product 2339,3/24/2026,1
Product 5289,3/24/2026,1
Product 5828,3/24/2026,1
Product 7,3/24/2026,1
Product 5829,3/24/2026,1
Product 821,3/24/2026,1
Product 1998,3/24/2026,1
Product 397,3/24/2026,1
Product 1367,3/24/2026,1
Product 2207,3/24/2026,1
Product 79,3/24/2026,1
Product 1599,3/24/2026,1
Product 5686,3/24/2026,1
Product 3158,3/24/2026,1
Product 2989,3/24/2026,1
Product 491,3/24/2026,1
Product 1538,3/24/2026,1
Product 5830,3/24/2026,1
Product 696,3/24/2026,1
Product 5831,3/24/2026,2
Product 2448,3/24/2026,1
Product 2567,3/24/2026,1
Product 4710,3/24/2026,2
Product 5283,3/24/2026,1
Product 225,3/24/2026,1
Product 1791,3/24/2026,1
Product 3004,3/24/2026,1
Product 2676,3/24/2026,1
Product 3235,3/24/2026,1
Product 2908,3/24/2026,1
Product 1624,3/24/2026,2
Product 1625,3/24/2026,1
Product 246,3/24/2026,1
Product 4478,3/24/2026,1
Product 599,3/24/2026,1
Product 5832,3/24/2026,1
Product 1990,3/24/2026,1
Product 1003,3/24/2026,1
Product 4772,3/24/2026,1
Product 79,3/24/2026,2
Product 653,3/24/2026,1
Product 1752,3/24/2026,1
Product 1135,3/24/2026,1
Product 5833,3/24/2026,1
Product 1843,3/24/2026,1
Product 3039,3/24/2026,1
Product 2545,3/24/2026,1
Product 117,3/24/2026,1
Product 1591,3/24/2026,1
Product 5834,3/24/2026,1
Product 3242,3/24/2026,1
Product 1375,3/24/2026,1
Product 1439,3/24/2026,2
Product 1134,3/24/2026,1
Product 858,3/24/2026,2
Product 3955,3/24/2026,20
Product 4970,3/24/2026,1
Product 493,3/24/2026,1
Product 730,3/24/2026,1
Product 777,3/24/2026,1
Product 1230,3/24/2026,1
Product 79,3/24/2026,3
Product 653,3/24/2026,1
Product 300,3/24/2026,2
Product 4538,3/24/2026,1
Product 634,3/24/2026,1
Product 3262,3/24/2026,2
Product 5835,3/24/2026,1
Product 5213,3/24/2026,1
Product 439,3/24/2026,4
Product 5836,3/24/2026,1
Product 1541,3/24/2026,1
Product 735,3/24/2026,1
Product 795,3/24/2026,1
Product 5837,3/24/2026,1
Product 3974,3/24/2026,1
Product 594,3/24/2026,1
Product 394,3/24/2026,1
Product 37,3/24/2026,1
Product 3234,3/24/2026,1
Product 2589,3/24/2026,1
Product 3695,3/24/2026,2
Product 5838,3/24/2026,1
Product 4299,3/24/2026,1
Product 3357,3/24/2026,2
Product 4730,3/24/2026,1
Product 2324,3/24/2026,1
Product 5054,3/24/2026,1
Product 4895,3/24/2026,1
Product 1049,3/24/2026,1
Product 3781,3/24/2026,3
Product 5839,3/24/2026,3
Product 3470,3/24/2026,1
Product 244,3/24/2026,2
Product 5174,3/24/2026,1
Product 246,3/24/2026,2
Product 274,3/24/2026,1
Product 1094,3/24/2026,1
Product 689,3/24/2026,2
Product 2232,3/24/2026,2
Product 3529,3/24/2026,1
Product 1439,3/24/2026,1
Product 79,3/24/2026,1
Product 2427,3/24/2026,1
Product 3513,3/24/2026,2
Product 644,3/24/2026,1
Product 645,3/24/2026,1
Product 5840,3/24/2026,1
Product 2779,3/24/2026,2
Product 5296,3/24/2026,1
Product 3547,3/24/2026,1
Product 698,3/24/2026,2
Product 4229,3/24/2026,1
Product 5841,3/24/2026,1
Product 3124,3/24/2026,3
Product 5842,3/24/2026,1
Product 1708,3/24/2026,1
Product 3880,3/24/2026,2
Product 926,3/24/2026,1
Product 1959,3/24/2026,1
Product 3214,3/24/2026,1
Product 3844,3/24/2026,1
Product 550,3/24/2026,1
Product 403,3/24/2026,1
Product 4052,3/24/2026,1
Product 308,3/24/2026,1
Product 5843,3/24/2026,4
Product 5844,3/24/2026,1
Product 5385,3/24/2026,1
Product 5845,3/24/2026,1
Product 3347,3/24/2026,1
Product 330,3/24/2026,2
Product 1237,3/24/2026,1
Product 3764,3/24/2026,1
Product 469,3/24/2026,1
Product 14,3/24/2026,2
Product 5846,3/24/2026,2
Product 4529,3/24/2026,1
Product 2189,3/24/2026,1
Product 2756,3/24/2026,1
Product 1002,3/24/2026,1
Product 1704,3/24/2026,1
Product 5847,3/24/2026,1
Product 5848,3/24/2026,1
Product 3604,3/24/2026,1
Product 37,3/24/2026,1
Product 4647,3/24/2026,1
Product 481,3/24/2026,1
Product 2460,3/24/2026,1
Product 266,3/24/2026,2
Product 280,3/24/2026,2
Product 1296,3/24/2026,1
Product 5849,3/24/2026,1
Product 733,3/24/2026,1
Product 5850,3/24/2026,1
Product 2519,3/24/2026,1
Product 413,3/24/2026,1
Product 429,3/24/2026,1
Product 4675,3/24/2026,1
Product 956,3/24/2026,1
Product 1297,3/24/2026,1
Product 5663,3/24/2026,1
Product 1335,3/24/2026,1
Product 219,3/24/2026,1
Product 1134,3/24/2026,1
Product 2331,3/24/2026,1
Product 5851,3/24/2026,1
Product 4984,3/24/2026,1
Product 144,3/24/2026,1
Product 5852,3/24/2026,-1
Product 1310,3/24/2026,1
Product 4585,3/24/2026,1
Product 5853,3/24/2026,1
Product 1670,3/24/2026,1
Product 5854,3/24/2026,2
Product 2059,3/24/2026,1
Product 2240,3/24/2026,1
Product 439,3/24/2026,-1
Product 1145,3/24/2026,1
Product 1560,3/24/2026,1
Product 859,3/24/2026,1
Product 320,3/24/2026,1
Product 3544,3/24/2026,2
Product 1263,3/24/2026,1
Product 7,3/24/2026,1
Product 399,3/24/2026,2
Product 1886,3/24/2026,1
Product 4345,3/24/2026,1
Product 108,3/24/2026,3
Product 1300,3/24/2026,1
Product 5650,3/24/2026,1
Product 4085,3/24/2026,1
Product 5855,3/24/2026,1
Product 5853,3/24/2026,1
Product 3634,3/24/2026,1
Product 5114,3/24/2026,1
Product 3088,3/24/2026,1
Product 2296,3/24/2026,1
Product 500,3/24/2026,1
Product 1148,3/24/2026,1
Product 4754,3/24/2026,1
Product 3407,3/24/2026,1
Product 5856,3/24/2026,1
Product 4809,3/24/2026,1
Product 2065,3/24/2026,1
Product 3811,3/24/2026,1
Product 128,3/24/2026,1
Product 3,3/24/2026,1
Product 5857,3/24/2026,1
Product 317,3/24/2026,1
Product 65,3/24/2026,1
Product 5858,3/24/2026,1
Product 5859,3/24/2026,1
Product 1506,3/24/2026,1
Product 364,3/24/2026,3
Product 326,3/24/2026,2
Product 244,3/24/2026,1
Product 2848,3/24/2026,1
Product 2984,3/24/2026,1
Product 782,3/24/2026,1
Product 3708,3/24/2026,1
Product 1238,3/24/2026,1
Product 3124,3/24/2026,1
Product 302,3/24/2026,1
Product 1086,3/24/2026,1
Product 4102,3/24/2026,1
Product 548,3/24/2026,1
Product 4408,3/24/2026,1
Product 684,3/24/2026,-1
Product 737,3/24/2026,1
Product 5860,3/24/2026,1
Product 4066,3/24/2026,1
Product 262,3/24/2026,1
Product 2835,3/24/2026,1
Product 488,3/24/2026,1
Product 3252,3/24/2026,1
Product 1020,3/24/2026,1
Product 1617,3/24/2026,1
Product 5861,3/24/2026,1
Product 4972,3/24/2026,2
Product 5862,3/24/2026,2
Product 5863,3/23/2026,1
Product 1262,3/23/2026,1
Product 5594,3/23/2026,1
Product 4757,3/23/2026,1
Product 3520,3/23/2026,1
Product 4248,3/23/2026,1
Product 5864,3/23/2026,1
Product 5865,3/23/2026,1
Product 3547,3/23/2026,3
Product 1851,3/23/2026,2
Product 3475,3/23/2026,1
Product 1505,3/23/2026,1
Product 437,3/23/2026,1
Product 1179,3/23/2026,2
Product 5866,3/23/2026,1
Product 5867,3/23/2026,1
Product 696,3/23/2026,1
Product 1139,3/23/2026,1
Product 13,3/23/2026,2
Product 743,3/23/2026,1
Product 2024,3/23/2026,2
Product 5868,3/23/2026,2
Product 2855,3/23/2026,2
Product 1644,3/23/2026,1
Product 5869,3/23/2026,1
Product 5870,3/23/2026,1
Product 5871,3/23/2026,1
Product 313,3/23/2026,1
Product 2132,3/23/2026,1
Product 3634,3/23/2026,2
Product 1122,3/23/2026,1
Product 353,3/23/2026,1
Product 532,3/23/2026,1
Product 5872,3/23/2026,1
Product 5873,3/23/2026,1
Product 4514,3/23/2026,1
Product 5874,3/23/2026,1
Product 3124,3/23/2026,1
Product 3999,3/23/2026,1
Product 363,3/23/2026,1
Product 3593,3/23/2026,1
Product 79,3/23/2026,1
Product 4140,3/23/2026,1
Product 5875,3/23/2026,1
Product 3507,3/23/2026,1
Product 683,3/23/2026,2
Product 1469,3/23/2026,1
Product 3030,3/23/2026,5
Product 3550,3/23/2026,2
Product 696,3/23/2026,1
Product 5876,3/23/2026,1
Product 62,3/23/2026,1
Product 79,3/23/2026,1
Product 3936,3/23/2026,1
Product 1824,3/23/2026,1
Product 2852,3/23/2026,1
Product 2729,3/23/2026,1
Product 934,3/23/2026,1
Product 275,3/23/2026,18
Product 1554,3/23/2026,1
Product 5877,3/23/2026,2
Product 4914,3/23/2026,2
Product 3634,3/23/2026,1
Product 689,3/23/2026,1
Product 2351,3/23/2026,1
Product 1170,3/23/2026,1
Product 6,3/23/2026,1
Product 7,3/23/2026,1
Product 5878,3/23/2026,1
Product 3459,3/23/2026,1
Product 1094,3/23/2026,1
Product 403,3/23/2026,1
Product 4891,3/23/2026,1
Product 4152,3/23/2026,1
Product 4210,3/23/2026,1
Product 2188,3/23/2026,2
Product 1667,3/23/2026,1
Product 3395,3/23/2026,1
Product 495,3/23/2026,1
Product 482,3/23/2026,1
Product 1624,3/23/2026,1
Product 3721,3/23/2026,1
Product 2941,3/23/2026,1
Product 398,3/23/2026,1
Product 32,3/23/2026,1
Product 5879,3/23/2026,1
Product 5880,3/23/2026,1
Product 5881,3/23/2026,1
Product 5882,3/23/2026,1
Product 5883,3/23/2026,1
Product 2269,3/23/2026,1
Product 3479,3/23/2026,4
Product 2257,3/23/2026,1
Product 1713,3/23/2026,1
Product 2185,3/23/2026,1
Product 3964,3/23/2026,1
Product 2285,3/23/2026,2
Product 14,3/23/2026,2
Product 3151,3/23/2026,1
Product 1250,3/23/2026,1
Product 735,3/23/2026,1
Product 364,3/23/2026,1
Product 2208,3/23/2026,1
Product 1548,3/23/2026,1
Product 1533,3/23/2026,1
Product 2243,3/23/2026,1
Product 3978,3/23/2026,1
Product 682,3/23/2026,1
Product 2201,3/23/2026,1
Product 3640,3/23/2026,1
Product 3689,3/23/2026,1
Product 2788,3/23/2026,1
Product 875,3/23/2026,1
Product 5053,3/23/2026,1
Product 4632,3/23/2026,1
Product 319,3/23/2026,1
Product 5433,3/23/2026,3
Product 2104,3/23/2026,1
Product 543,3/23/2026,1
Product 4805,3/23/2026,1
Product 2225,3/23/2026,5
Product 5884,3/23/2026,9
Product 2631,3/23/2026,1
Product 5885,3/23/2026,1
Product 1235,3/23/2026,1
Product 3622,3/23/2026,1
Product 2910,3/23/2026,1
Product 1157,3/23/2026,1
Product 3887,3/23/2026,1
Product 5886,3/23/2026,1
Product 858,3/23/2026,1
Product 115,3/23/2026,1
Product 94,3/23/2026,1
Product 3262,3/23/2026,1
Product 5174,3/23/2026,1
Product 223,3/23/2026,1
Product 5887,3/23/2026,1
Product 3675,3/23/2026,1
Product 1796,3/23/2026,1
Product 897,3/23/2026,1
Product 1938,3/23/2026,2
Product 537,3/23/2026,1
Product 657,3/23/2026,1
Product 79,3/23/2026,1
Product 3547,3/23/2026,1
Product 286,3/23/2026,1
Product 5888,3/23/2026,2
Product 2087,3/23/2026,2
Product 2303,3/23/2026,1
Product 5889,3/23/2026,1
Product 4500,3/23/2026,1
Product 2800,3/23/2026,1
Product 4111,3/23/2026,1
Product 5397,3/23/2026,1
Product 1647,3/23/2026,1
Product 5890,3/23/2026,1
Product 260,3/23/2026,1
Product 262,3/23/2026,1
Product 5746,3/23/2026,1
Product 1857,3/23/2026,1
Product 85,3/23/2026,2
Product 308,3/23/2026,1
Product 551,3/23/2026,1
Product 4864,3/23/2026,1
Product 4348,3/23/2026,1
Product 5891,3/23/2026,1
Product 744,3/23/2026,1
Product 5892,3/23/2026,1
Product 925,3/23/2026,1
Product 2952,3/23/2026,1
Product 1668,3/23/2026,1
Product 1715,3/23/2026,1
Product 1378,3/23/2026,2
Product 991,3/23/2026,1
Product 275,3/23/2026,2
Product 1771,3/23/2026,1
Product 1252,3/23/2026,1
Product 2155,3/23/2026,1
Product 2593,3/23/2026,1
Product 2207,3/23/2026,1
Product 5745,3/23/2026,1
Product 394,3/23/2026,1
Product 966,3/23/2026,1
Product 2448,3/23/2026,1
Product 495,3/23/2026,1
Product 5156,3/23/2026,1
Product 79,3/23/2026,2
Product 543,3/23/2026,1
Product 2595,3/23/2026,1
Product 399,3/23/2026,2
Product 5893,3/23/2026,1
Product 3847,3/23/2026,1
Product 5894,3/23/2026,1
Product 85,3/23/2026,2
Product 822,3/23/2026,1
Product 3664,3/23/2026,2
Product 5895,3/23/2026,1
Product 3689,3/23/2026,1
Product 1386,3/23/2026,1
Product 5896,3/23/2026,1
Product 2272,3/23/2026,1
Product 1254,3/23/2026,1
Product 362,3/23/2026,1
Product 5740,3/23/2026,1
Product 1095,3/23/2026,1
Product 3619,3/23/2026,1
Product 3241,3/23/2026,1
Product 3634,3/23/2026,1
Product 4083,3/23/2026,1
Product 5897,3/23/2026,1
Product 1509,3/23/2026,2
Product 1782,3/23/2026,1
Product 2021,3/23/2026,1
Product 2847,3/23/2026,1
Product 2594,3/23/2026,1
Product 1563,3/23/2026,1
Product 955,3/23/2026,1
Product 4064,3/23/2026,2
Product 439,3/23/2026,1
Product 1335,3/23/2026,1
Product 896,3/23/2026,1
Product 5898,3/23/2026,1
Product 5899,3/23/2026,2
Product 13,3/23/2026,1
Product 4250,3/23/2026,1
Product 1102,3/23/2026,2
Product 5900,3/23/2026,1
Product 488,3/23/2026,1
Product 3921,3/23/2026,1
Product 5386,3/23/2026,1
Product 5901,3/23/2026,2
Product 609,3/23/2026,1
Product 1700,3/23/2026,2
Product 5902,3/23/2026,2
Product 3547,3/23/2026,2
Product 5903,3/23/2026,1
Product 3703,3/23/2026,1
Product 3634,3/23/2026,3
Product 745,3/23/2026,1
Product 5904,3/23/2026,1
Product 5644,3/23/2026,1
Product 684,3/23/2026,1
Product 5905,3/23/2026,1
Product 3704,3/23/2026,1
Product 4964,3/23/2026,2
Product 5560,3/23/2026,1
Product 236,3/23/2026,1
Product 5906,3/23/2026,1
Product 5907,3/23/2026,1
Product 4085,3/23/2026,1
Product 4086,3/23/2026,2
Product 2797,3/23/2026,1
Product 114,3/23/2026,1
Product 4482,3/23/2026,1
Product 25,3/23/2026,1
Product 2317,3/23/2026,1
Product 2026,3/23/2026,1
Product 3909,3/23/2026,1
Product 4974,3/23/2026,1
Product 3493,3/23/2026,1
Product 1392,3/23/2026,1
Product 5908,3/23/2026,1
Product 1610,3/23/2026,1
Product 3073,3/23/2026,1
Product 3478,3/23/2026,2
Product 2962,3/23/2026,1
Product 4900,3/23/2026,1
Product 5909,3/23/2026,1
Product 2032,3/23/2026,1
Product 5910,3/23/2026,1
Product 5911,3/23/2026,1
Product 4532,3/23/2026,1
Product 5826,3/23/2026,1
Product 667,3/23/2026,1
Product 657,3/23/2026,1
Product 5912,3/23/2026,1
Product 5913,3/23/2026,2
Product 223,3/23/2026,1
Product 5914,3/23/2026,1
Product 2894,3/23/2026,1
Product 5915,3/23/2026,4
Product 5916,3/23/2026,1
Product 5857,3/23/2026,1
Product 918,3/23/2026,1
Product 3422,3/23/2026,1
Product 2886,3/23/2026,3
Product 782,3/22/2026,1
Product 5917,3/22/2026,1
Product 3489,3/22/2026,1
Product 79,3/22/2026,2
Product 3504,3/22/2026,1
Product 778,3/22/2026,1
Product 4888,3/22/2026,1
Product 1850,3/22/2026,1
Product 3388,3/22/2026,1
Product 743,3/22/2026,1
Product 4540,3/22/2026,1
Product 4568,3/22/2026,1
Product 1309,3/22/2026,1
Product 1944,3/22/2026,1
Product 1384,3/22/2026,1
Product 2551,3/22/2026,1
Product 3547,3/22/2026,2
Product 1007,3/22/2026,1
Product 2244,3/22/2026,1
Product 1766,3/22/2026,1
Product 466,3/22/2026,1
Product 5918,3/22/2026,1
Product 4550,3/22/2026,1
Product 5919,3/22/2026,1
Product 5806,3/22/2026,1
Product 5920,3/22/2026,1
Product 740,3/22/2026,1
Product 525,3/22/2026,2
Product 3721,3/22/2026,2
Product 4598,3/22/2026,2
Product 3584,3/22/2026,1
Product 4384,3/22/2026,1
Product 398,3/22/2026,1
Product 784,3/22/2026,12
Product 4716,3/22/2026,1
Product 5921,3/22/2026,1
Product 1186,3/22/2026,1
Product 4465,3/22/2026,1
Product 2599,3/22/2026,2
Product 5922,3/22/2026,1
Product 5562,3/22/2026,1
Product 4936,3/22/2026,3
Product 4222,3/22/2026,5
Product 2728,3/22/2026,1
Product 5825,3/22/2026,1
Product 696,3/22/2026,1
Product 2874,3/22/2026,1
Product 2473,3/22/2026,1
Product 2487,3/22/2026,1
Product 5146,3/22/2026,1
Product 4473,3/22/2026,1
Product 2733,3/22/2026,1
Product 5923,3/22/2026,1
Product 596,3/22/2026,2
Product 3204,3/22/2026,1
Product 5924,3/22/2026,1
Product 1520,3/22/2026,1
Product 727,3/22/2026,1
Product 120,3/22/2026,1
Product 676,3/22/2026,1
Product 22,3/22/2026,1
Product 3537,3/22/2026,1
Product 1264,3/22/2026,1
Product 5925,3/22/2026,1
Product 3592,3/22/2026,1
Product 5763,3/22/2026,3
Product 1791,3/22/2026,1
Product 3004,3/22/2026,1
Product 4733,3/22/2026,1
Product 7,3/22/2026,7
Product 3582,3/22/2026,2
Product 2268,3/22/2026,1
Product 360,3/22/2026,3
Product 2285,3/22/2026,4
Product 3964,3/22/2026,3
Product 1147,3/22/2026,1
Product 2590,3/22/2026,1
Product 1705,3/22/2026,1
Product 63,3/22/2026,1
Product 79,3/22/2026,4
Product 918,3/22/2026,1
Product 5926,3/22/2026,1
Product 5927,3/22/2026,1
Product 4378,3/22/2026,1
Product 2966,3/22/2026,1
Product 37,3/22/2026,1
Product 144,3/22/2026,1
Product 3634,3/22/2026,1
Product 275,3/22/2026,2
Product 747,3/22/2026,1
Product 638,3/22/2026,1
Product 12,3/22/2026,1
Product 506,3/22/2026,1
Product 3,3/22/2026,1
Product 5928,3/22/2026,1
Product 917,3/22/2026,1
Product 72,3/22/2026,1
Product 689,3/22/2026,1
Product 70,3/22/2026,1
Product 1262,3/22/2026,1
Product 4313,3/22/2026,2
Product 3769,3/22/2026,1
Product 2120,3/22/2026,2
Product 5929,3/22/2026,2
Product 2805,3/22/2026,3
Product 3296,3/22/2026,2
Product 2807,3/22/2026,1
Product 3640,3/22/2026,1
Product 1453,3/22/2026,1
Product 488,3/22/2026,1
Product 656,3/22/2026,2
Product 4109,3/22/2026,1
Product 5930,3/22/2026,1
Product 2504,3/22/2026,1
Product 108,3/22/2026,1
Product 2927,3/22/2026,1
Product 1738,3/22/2026,1
Product 1060,3/22/2026,1
Product 3124,3/22/2026,1
Product 493,3/22/2026,1
Product 5931,3/22/2026,1
Product 4657,3/22/2026,1
Product 2316,3/22/2026,1
Product 582,3/22/2026,1
Product 321,3/22/2026,1
Product 995,3/22/2026,2
Product 808,3/22/2026,1
Product 2971,3/22/2026,1
Product 5362,3/22/2026,1
Product 2264,3/22/2026,1
Product 5932,3/22/2026,1
Product 5933,3/22/2026,1
Product 4571,3/22/2026,1
Product 1,3/22/2026,1
Product 785,3/22/2026,1
Product 3659,3/22/2026,1
Product 2715,3/22/2026,1
Product 4954,3/22/2026,1
Product 865,3/22/2026,4
Product 246,3/22/2026,1
Product 1130,3/22/2026,1
Product 1971,3/22/2026,1
Product 2105,3/22/2026,1
Product 2001,3/22/2026,1
Product 399,3/22/2026,1
Product 329,3/22/2026,1
Product 4986,3/22/2026,1
Product 16,3/22/2026,1
Product 5934,3/22/2026,1
Product 872,3/22/2026,1
Product 4172,3/22/2026,1
Product 5935,3/22/2026,1
Product 784,3/22/2026,2
Product 923,3/22/2026,1
Product 2749,3/22/2026,1
Product 2175,3/22/2026,1
Product 2693,3/22/2026,1
Product 556,3/22/2026,1
Product 3547,3/22/2026,1
Product 3555,3/22/2026,1
Product 409,3/22/2026,1
Product 2095,3/22/2026,1
Product 1891,3/22/2026,1
Product 5936,3/22/2026,1
Product 5937,3/22/2026,1
Product 541,3/22/2026,1
Product 3449,3/22/2026,1
Product 4014,3/22/2026,1
Product 1250,3/22/2026,1
Product 1254,3/22/2026,5
Product 362,3/22/2026,5
Product 2676,3/22/2026,1
Product 330,3/22/2026,1
Product 79,3/22/2026,2
Product 5938,3/22/2026,1
Product 5309,3/22/2026,1
Product 4869,3/22/2026,1
Product 5659,3/22/2026,1
Product 5939,3/22/2026,1
Product 5940,3/22/2026,1
Product 1343,3/22/2026,1
Product 959,3/22/2026,2
Product 5941,3/22/2026,1
Product 696,3/22/2026,1
Product 315,3/22/2026,1
Product 3921,3/22/2026,4
Product 300,3/22/2026,1
Product 4671,3/22/2026,1
Product 5942,3/22/2026,1
Product 4676,3/22/2026,1
Product 5943,3/22/2026,1
Product 3056,3/22/2026,2
Product 37,3/22/2026,1
Product 2813,3/22/2026,1
Product 5174,3/22/2026,1
Product 246,3/22/2026,1
Product 1259,3/22/2026,1
Product 65,3/22/2026,1
Product 689,3/22/2026,2
Product 2351,3/22/2026,1
Product 2888,3/22/2026,1
Product 2899,3/22/2026,1
Product 3039,3/22/2026,2
Product 3597,3/22/2026,1
Product 2672,3/22/2026,1
Product 2463,3/22/2026,1
Product 5717,3/22/2026,1
Product 1843,3/22/2026,1
Product 2024,3/22/2026,1
Product 2757,3/22/2026,1
Product 5944,3/22/2026,1
Product 313,3/22/2026,1
Product 2139,3/22/2026,1
Product 3665,3/22/2026,1
Product 3246,3/22/2026,1
Product 1308,3/22/2026,1
Product 3406,3/22/2026,1
Product 777,3/22/2026,1
Product 743,3/22/2026,1
Product 399,3/22/2026,1
Product 17,3/22/2026,1
Product 338,3/22/2026,1
Product 2369,3/22/2026,1
Product 308,3/22/2026,1
Product 631,3/22/2026,1
Product 1705,3/22/2026,1
Product 75,3/22/2026,1
Product 5345,3/22/2026,1
Product 5791,3/22/2026,1
Product 117,3/22/2026,1
Product 3002,3/22/2026,20
Product 329,3/22/2026,1
Product 1863,3/22/2026,1
Product 63,3/22/2026,1
Product 5710,3/22/2026,1
Product 4153,3/22/2026,1
Product 966,3/22/2026,1
Product 5945,3/22/2026,1
Product 3224,3/22/2026,1
Product 5946,3/22/2026,1
Product 3811,3/22/2026,1
Product 2292,3/22/2026,1
Product 5947,3/22/2026,1
Product 1218,3/22/2026,1
Product 326,3/22/2026,1
Product 3,3/22/2026,1
Product 7,3/22/2026,1
Product 825,3/22/2026,1
Product 1725,3/22/2026,1
Product 216,3/22/2026,1
Product 3634,3/22/2026,2
Product 3497,3/22/2026,1
Product 302,3/22/2026,1
Product 3382,3/22/2026,1
Product 3639,3/22/2026,2
Product 37,3/22/2026,4
Product 2184,3/22/2026,1
Product 543,3/22/2026,1
Product 79,3/22/2026,6
Product 548,3/22/2026,1
Product 4704,3/22/2026,1
Product 5858,3/22/2026,1
Product 3927,3/22/2026,1
Product 144,3/22/2026,1
Product 2059,3/22/2026,1
Product 5948,3/22/2026,1
Product 3949,3/22/2026,1
Product 528,3/22/2026,1
Product 1289,3/22/2026,1
Product 745,3/22/2026,1
Product 5949,3/22/2026,1
Product 3824,3/22/2026,1
Product 4045,3/22/2026,2
Product 3721,3/22/2026,3
Product 5950,3/22/2026,2
Product 97,3/22/2026,1
Product 2309,3/22/2026,1
Product 5744,3/22/2026,2
Product 4911,3/22/2026,1
Product 5951,3/22/2026,1
Product 4385,3/22/2026,1
Product 1008,3/22/2026,1
Product 4717,3/22/2026,1
Product 147,3/22/2026,1
Product 1216,3/22/2026,1
Product 3224,3/22/2026,2
Product 1147,3/22/2026,4
Product 5466,3/22/2026,4
Product 1976,3/22/2026,1
Product 65,3/22/2026,1
Product 4771,3/22/2026,2
Product 1870,3/22/2026,1
Product 1363,3/22/2026,1
Product 2176,3/22/2026,1
Product 3547,3/22/2026,1
Product 5952,3/22/2026,1
Product 2330,3/22/2026,1
Product 212,3/22/2026,1
Product 5103,3/22/2026,1
Product 13,3/22/2026,1
Product 4032,3/22/2026,1
Product 246,3/22/2026,1
Product 5953,3/22/2026,2
Product 4884,3/22/2026,1
Product 2971,3/22/2026,8
Product 4499,3/22/2026,1
Product 748,3/22/2026,1
Product 5473,3/22/2026,1
Product 1860,3/22/2026,1
Product 3637,3/22/2026,1
Product 5532,3/22/2026,1
Product 4663,3/22/2026,1
Product 42,3/22/2026,1
Product 508,3/22/2026,1
Product 960,3/22/2026,2
Product 5954,3/22/2026,1
Product 5955,3/22/2026,1
Product 2404,3/22/2026,1
Product 365,3/22/2026,1
Product 683,3/22/2026,1
Product 3191,3/22/2026,1
Product 1231,3/22/2026,1
Product 3241,3/22/2026,1
Product 983,3/22/2026,1
Product 5956,3/22/2026,1
Product 3673,3/22/2026,1
Product 1197,3/22/2026,1
Product 3636,3/22/2026,1
Product 397,3/22/2026,1
Product 2019,3/22/2026,1
Product 616,3/22/2026,1
Product 1166,3/22/2026,1
Product 3124,3/22/2026,1
Product 5957,3/22/2026,1
Product 883,3/22/2026,1
Product 788,3/22/2026,1
Product 5347,3/22/2026,2
Product 3572,3/22/2026,1
Product 4718,3/22/2026,1
Product 5334,3/22/2026,1
Product 296,3/22/2026,1
Product 2276,3/22/2026,1
Product 5327,3/22/2026,1
Product 1710,3/22/2026,1
Product 5328,3/22/2026,1
Product 2285,3/22/2026,1
Product 1919,3/22/2026,2
Product 2158,3/22/2026,3
Product 2262,3/22/2026,1
Product 691,3/22/2026,1
Product 2584,3/22/2026,6
Product 5958,3/22/2026,1
Product 65,3/22/2026,1
Product 3636,3/22/2026,1
Product 2657,3/22/2026,1
Product 5959,3/22/2026,1
Product 37,3/22/2026,9
Product 218,3/22/2026,1
Product 219,3/22/2026,1
Product 4408,3/22/2026,1
Product 3124,3/22/2026,3
Product 3547,3/22/2026,1
Product 2686,3/22/2026,1
Product 5960,3/22/2026,1
Product 305,3/22/2026,1
Product 3933,3/22/2026,1
Product 1450,3/22/2026,2
Product 4340,3/22/2026,1
Product 144,3/22/2026,1
Product 876,3/22/2026,1
Product 1597,3/22/2026,1
Product 1105,3/22/2026,1
Product 5961,3/22/2026,4
Product 5359,3/22/2026,1
Product 5221,3/22/2026,1
Product 5392,3/22/2026,1
Product 952,3/22/2026,1
Product 1555,3/22/2026,1
Product 2794,3/22/2026,1
Product 2132,3/22/2026,1
Product 5962,3/22/2026,1
Product 5547,3/22/2026,1
Product 2919,3/22/2026,1
Product 5963,3/22/2026,1
Product 5548,3/22/2026,1
Product 1551,3/22/2026,1
Product 2807,3/22/2026,1
Product 696,3/22/2026,2
Product 2068,3/22/2026,6
Product 5964,3/22/2026,1
Product 6,3/22/2026,1
Product 5965,3/22/2026,1
Product 571,3/22/2026,1
Product 1131,3/22/2026,1
Product 2355,3/22/2026,1
Product 2460,3/22/2026,1
Product 5966,3/22/2026,2
Product 631,3/22/2026,1
Product 1543,3/22/2026,2
Product 319,3/22/2026,1
Product 1235,3/22/2026,1
Product 1772,3/22/2026,1
Product 1854,3/22/2026,1
Product 2658,3/22/2026,1
Product 79,3/22/2026,3
Product 1176,3/22/2026,1
Product 3755,3/22/2026,1
Product 5967,3/22/2026,1
Product 4433,3/22/2026,1
Product 383,3/22/2026,1
Product 2604,3/22/2026,1
Product 1289,3/22/2026,1
Product 2591,3/22/2026,1
Product 3092,3/22/2026,2
Product 2072,3/22/2026,1
Product 5329,3/22/2026,1
Product 3615,3/22/2026,1
Product 2770,3/22/2026,1
Product 17,3/22/2026,1
Product 820,3/22/2026,1
Product 2643,3/22/2026,1
Product 3239,3/22/2026,2
Product 2127,3/22/2026,1
Product 1650,3/22/2026,4
Product 3928,3/22/2026,2
Product 5251,3/22/2026,1
Product 262,3/22/2026,1
Product 4417,3/22/2026,1
Product 1830,3/22/2026,1
Product 5968,3/22/2026,1
Product 2207,3/22/2026,1
Product 4545,3/22/2026,1
Product 5969,3/22/2026,1
Product 5970,3/22/2026,0
Product 4116,3/22/2026,1
Product 556,3/22/2026,1
Product 2270,3/22/2026,1
Product 398,3/22/2026,1
Product 286,3/22/2026,1
Product 5971,3/22/2026,1
Product 5972,3/22/2026,3
Product 3575,3/22/2026,1
Product 5973,3/22/2026,1
Product 3296,3/22/2026,1
Product 449,3/22/2026,1
Product 5974,3/22/2026,2
Product 3782,3/22/2026,1
Product 5937,3/22/2026,1
Product 2612,3/22/2026,1
Product 966,3/22/2026,1
Product 5975,3/22/2026,1
Product 4736,3/22/2026,1
Product 4602,3/22/2026,1
Product 5976,3/22/2026,1
Product 5977,3/22/2026,1
Product 5978,3/22/2026,1
Product 717,3/22/2026,1
Product 364,3/22/2026,1
Product 2439,3/22/2026,2
Product 775,3/22/2026,1
Product 131,3/22/2026,1
Product 373,3/22/2026,1
Product 3073,3/22/2026,1
Product 1539,3/22/2026,1
Product 2310,3/22/2026,1
Product 724,3/22/2026,1
Product 1170,3/22/2026,1
Product 3224,3/22/2026,1
Product 4080,3/22/2026,1
Product 723,3/22/2026,1
Product 2846,3/22/2026,1
Product 3650,3/22/2026,1
Product 4082,3/22/2026,1
Product 425,3/22/2026,1
Product 5979,3/22/2026,2
Product 3104,3/22/2026,1
Product 5980,3/22/2026,1
Product 5264,3/22/2026,1
Product 4086,3/22/2026,1
Product 4820,3/22/2026,1
Product 5806,3/22/2026,1
Product 1322,3/22/2026,1
Product 524,3/22/2026,1
Product 1591,3/22/2026,1
Product 3406,3/22/2026,1
Product 1145,3/22/2026,2
Product 403,3/22/2026,1
Product 5237,3/22/2026,1
Product 279,3/22/2026,1
Product 5981,3/22/2026,1
Product 787,3/22/2026,1
Product 3087,3/22/2026,1
Product 1361,3/22/2026,3
Product 4956,3/22/2026,1
Product 4957,3/22/2026,1
Product 5982,3/22/2026,1
Product 5893,3/22/2026,2
Product 591,3/22/2026,1
Product 2212,3/22/2026,1
Product 3108,3/22/2026,1
Product 2806,3/22/2026,3
Product 5983,3/22/2026,1
Product 5984,3/22/2026,1
Product 5985,3/22/2026,1
Product 5986,3/22/2026,1
Product 5987,3/22/2026,1
Product 3747,3/22/2026,1
Product 3613,3/22/2026,2
Product 3471,3/22/2026,1
Product 996,3/22/2026,1
Product 5988,3/22/2026,1
Product 2722,3/22/2026,1
Product 1663,3/22/2026,1
Product 3838,3/22/2026,1
Product 135,3/22/2026,1
Product 3056,3/22/2026,1
Product 2160,3/22/2026,1
Product 1112,3/22/2026,1
Product 2355,3/22/2026,1
Product 2321,3/22/2026,1
Product 5895,3/22/2026,1
Product 2724,3/22/2026,1
Product 2096,3/22/2026,1
Product 2351,3/22/2026,1
Product 266,3/22/2026,1
Product 1237,3/22/2026,1
Product 2664,3/22/2026,3
Product 719,3/22/2026,1
Product 4973,3/22/2026,1
Product 2571,3/22/2026,1
Product 1161,3/22/2026,1
Product 728,3/22/2026,1
Product 329,3/22/2026,1
Product 4834,3/22/2026,1
Product 5989,3/22/2026,1
Product 7,3/22/2026,4
Product 989,3/22/2026,1
Product 4936,3/22/2026,2
Product 144,3/22/2026,2
Product 785,3/22/2026,1
Product 721,3/22/2026,1
Product 2589,3/22/2026,1
Product 1242,3/22/2026,1
Product 1637,3/22/2026,2
Product 5990,3/22/2026,1
Product 4077,3/22/2026,2
Product 1,3/22/2026,1
Product 5991,3/22/2026,1
Product 5992,3/22/2026,1
Product 4525,3/22/2026,1
Product 1528,3/22/2026,1
Product 5993,3/22/2026,1
Product 3766,3/22/2026,1
Product 4445,3/22/2026,1
Product 569,3/22/2026,1
Product 874,3/22/2026,1
Product 1309,3/22/2026,2
Product 2000,3/22/2026,1
Product 5994,3/22/2026,1
Product 3884,3/22/2026,1
Product 128,3/22/2026,1
Product 5995,3/22/2026,1
Product 3775,3/22/2026,1
Product 104,3/22/2026,2
Product 1853,3/22/2026,1
Product 2523,3/22/2026,1
Product 399,3/22/2026,1
Product 5996,3/22/2026,1
Product 21,3/22/2026,1
Product 3654,3/22/2026,1
Product 2744,3/22/2026,1
Product 3030,3/22/2026,1
Product 5997,3/22/2026,1
Product 1118,3/22/2026,1
Product 638,3/22/2026,1
Product 2019,3/22/2026,1
Product 2105,3/22/2026,1
Product 162,3/22/2026,1
Product 554,3/22/2026,1
Product 2102,3/22/2026,1
Product 2547,3/22/2026,1
Product 2272,3/22/2026,1
Product 217,3/22/2026,1
Product 5998,3/22/2026,1
Product 745,3/22/2026,1
Product 313,3/22/2026,1
Product 5999,3/22/2026,1
Product 6000,3/22/2026,3
Product 744,3/22/2026,1
Product 6001,3/22/2026,1
Product 6002,3/22/2026,-1
Product 2701,3/22/2026,1
Product 6003,3/22/2026,1
Product 5347,3/22/2026,1
Product 2596,3/22/2026,1
Product 3517,3/22/2026,1
Product 3652,3/22/2026,1
Product 6004,3/22/2026,1
Product 6005,3/22/2026,1
Product 4244,3/22/2026,1
Product 6006,3/22/2026,1
Product 4905,3/22/2026,1
Product 394,3/22/2026,1
Product 537,3/22/2026,2
Product 82,3/22/2026,1
Product 6007,3/22/2026,1
Product 5071,3/22/2026,1
Product 3844,3/22/2026,1
Product 3333,3/22/2026,1
Product 122,3/22/2026,1
Product 3459,3/22/2026,1
Product 32,3/22/2026,1
Product 3382,3/22/2026,1
Product 2777,3/22/2026,1
Product 2731,3/22/2026,1
Product 5041,3/22/2026,1
Product 1197,3/22/2026,2
Product 505,3/22/2026,1
Product 1834,3/22/2026,1
Product 3915,3/22/2026,1
Product 6008,3/22/2026,2
Product 696,3/22/2026,2
Product 58,3/22/2026,1
Product 1994,3/22/2026,1
Product 6009,3/22/2026,2
Product 1872,3/22/2026,1
Product 2886,3/22/2026,2
Product 6010,3/22/2026,1
Product 2082,3/22/2026,1
Product 1619,3/22/2026,1
Product 1935,3/22/2026,1
Product 316,3/22/2026,1
Product 320,3/22/2026,1
Product 2473,3/22/2026,1
Product 3547,3/22/2026,1
Product 6011,3/22/2026,1
Product 5115,3/22/2026,2
Product 6012,3/22/2026,1
Product 1170,3/22/2026,1
Product 1134,3/22/2026,2
Product 4635,3/22/2026,1
Product 326,3/22/2026,1
Product 6013,3/22/2026,1
Product 1818,3/22/2026,1
Product 1244,3/22/2026,4
Product 503,3/22/2026,5
Product 275,3/22/2026,2
Product 1307,3/22/2026,2
Product 1337,3/22/2026,1
Product 14,3/22/2026,1
Product 6014,3/22/2026,1
Product 3807,3/22/2026,1
Product 6015,3/22/2026,1
Product 3264,3/22/2026,2
Product 2833,3/22/2026,1
Product 496,3/22/2026,1
Product 2615,3/22/2026,1
Product 1570,3/22/2026,1
Product 6016,3/22/2026,1
Product 2126,3/22/2026,1
Product 3774,3/22/2026,1
Product 444,3/22/2026,2
Product 6017,3/22/2026,2
Product 5240,3/22/2026,1
Product 713,3/22/2026,1
Product 6018,3/22/2026,1
Product 2193,3/22/2026,1
Product 288,3/22/2026,1
Product 1158,3/22/2026,1
Product 2026,3/22/2026,1
Product 2611,3/22/2026,1
Product 1159,3/22/2026,1
Product 482,3/22/2026,1
Product 863,3/22/2026,1
Product 1817,3/22/2026,1
Product 6019,3/22/2026,1
Product 3755,3/22/2026,1
Product 330,3/21/2026,2
Product 4585,3/21/2026,1
Product 4060,3/21/2026,1
Product 3560,3/21/2026,1
Product 1753,3/21/2026,1
Product 5009,3/21/2026,1
Product 5308,3/21/2026,1
Product 360,3/21/2026,2
Product 2285,3/21/2026,4
Product 2292,3/21/2026,1
Product 79,3/21/2026,1
Product 37,3/21/2026,1
Product 108,3/21/2026,1
Product 2617,3/21/2026,1
Product 131,3/21/2026,1
Product 4048,3/21/2026,1
Product 5155,3/21/2026,1
Product 283,3/21/2026,1
Product 551,3/21/2026,1
Product 1338,3/21/2026,11
Product 342,3/21/2026,3
Product 6020,3/21/2026,5
Product 1788,3/21/2026,1
Product 3547,3/21/2026,2
Product 1305,3/21/2026,2
Product 6021,3/21/2026,3
Product 3466,3/21/2026,2
Product 815,3/21/2026,2
Product 6022,3/21/2026,1
Product 2282,3/21/2026,1
Product 2082,3/21/2026,1
Product 6023,3/21/2026,1
Product 2723,3/21/2026,1
Product 2251,3/21/2026,2
Product 45,3/21/2026,4
Product 2625,3/21/2026,1
Product 876,3/21/2026,1
Product 74,3/21/2026,1
Product 4008,3/21/2026,1
Product 5472,3/21/2026,1
Product 85,3/21/2026,1
Product 891,3/21/2026,1
Product 2551,3/21/2026,1
Product 5382,3/21/2026,1
Product 434,3/21/2026,1
Product 611,3/21/2026,1
Product 1986,3/21/2026,1
Product 1714,3/21/2026,1
Product 1956,3/21/2026,2
Product 2756,3/21/2026,2
Product 1719,3/21/2026,1
Product 1361,3/21/2026,1
Product 1002,3/21/2026,1
Product 1704,3/21/2026,1
Product 4250,3/21/2026,1
Product 1582,3/21/2026,1
Product 3,3/21/2026,1
Product 4582,3/21/2026,1
Product 2216,3/21/2026,1
Product 6024,3/21/2026,1
Product 3521,3/21/2026,1
Product 2439,3/21/2026,1
Product 689,3/21/2026,1
Product 2351,3/21/2026,1
Product 2105,3/21/2026,1
Product 6025,3/21/2026,1
Product 2098,3/21/2026,2
Product 359,3/21/2026,1
Product 4582,3/21/2026,1
Product 4210,3/21/2026,1
Product 735,3/21/2026,1
Product 4545,3/21/2026,1
Product 3642,3/21/2026,1
Product 1602,3/21/2026,1
Product 79,3/21/2026,5
Product 933,3/21/2026,1
Product 1904,3/21/2026,1
Product 2749,3/21/2026,1
Product 13,3/21/2026,2
Product 1647,3/21/2026,1
Product 2864,3/21/2026,1
Product 688,3/21/2026,1
Product 1951,3/21/2026,2
Product 279,3/21/2026,1
Product 164,3/21/2026,2
Product 2176,3/21/2026,1
Product 3191,3/21/2026,1
Product 2414,3/21/2026,2
Product 1332,3/21/2026,1
Product 3634,3/21/2026,1
Product 501,3/21/2026,1
Product 3684,3/21/2026,1
Product 2518,3/21/2026,1
Product 748,3/21/2026,1
Product 3880,3/21/2026,2
Product 362,3/21/2026,1
Product 503,3/21/2026,1
Product 330,3/21/2026,1
Product 4935,3/21/2026,1
Product 2975,3/21/2026,1
Product 3423,3/21/2026,2
Product 441,3/21/2026,1
Product 5151,3/21/2026,1
Product 3547,3/21/2026,1
Product 2045,3/21/2026,2
Product 737,3/21/2026,1
Product 360,3/21/2026,2
Product 2285,3/21/2026,2
Product 5738,3/21/2026,1
Product 2891,3/21/2026,1
Product 4715,3/21/2026,1
Product 119,3/21/2026,1
Product 2508,3/21/2026,1
Product 917,3/21/2026,1
Product 3911,3/21/2026,1
Product 397,3/21/2026,1
Product 746,3/21/2026,1
Product 1263,3/21/2026,1
Product 4143,3/21/2026,1
Product 5676,3/21/2026,2
Product 37,3/21/2026,2
Product 144,3/21/2026,1
Product 696,3/21/2026,1
Product 4967,3/21/2026,1
Product 1660,3/21/2026,1
Product 286,3/21/2026,2
Product 4555,3/21/2026,1
Product 4578,3/21/2026,1
Product 865,3/21/2026,2
Product 1360,3/21/2026,1
Product 2114,3/21/2026,1
Product 6026,3/21/2026,1
Product 6027,3/21/2026,1
Product 3964,3/21/2026,2
Product 784,3/21/2026,1
Product 2218,3/21/2026,1
Product 3634,3/21/2026,2
Product 696,3/21/2026,3
Product 4083,3/21/2026,1
Product 3547,3/21/2026,1
Product 6028,3/21/2026,2
Product 6029,3/21/2026,1
Product 6030,3/21/2026,1
Product 3939,3/21/2026,1
Product 4808,3/21/2026,1
Product 2526,3/21/2026,1
Product 108,3/21/2026,1
Product 2172,3/21/2026,1
Product 3124,3/21/2026,1
Product 2067,3/21/2026,1
Product 3269,3/21/2026,1
Product 2479,3/21/2026,1
Product 1675,3/21/2026,1
Product 3241,3/21/2026,1
Product 695,3/21/2026,2
Product 4412,3/21/2026,1
Product 246,3/21/2026,3
Product 48,3/21/2026,2
Product 2244,3/21/2026,1
Product 6031,3/21/2026,1
Product 2733,3/21/2026,1
Product 2734,3/21/2026,1
Product 2590,3/21/2026,1
Product 723,3/21/2026,1
Product 2845,3/21/2026,1
Product 2797,3/21/2026,1
Product 568,3/21/2026,1
Product 404,3/21/2026,1
Product 4496,3/21/2026,1
Product 1385,3/21/2026,1
Product 4805,3/21/2026,1
Product 439,3/21/2026,1
Product 3921,3/21/2026,1
Product 1251,3/21/2026,2
Product 1250,3/21/2026,2
Product 661,3/21/2026,1
Product 3775,3/21/2026,1
Product 858,3/21/2026,1
Product 1735,3/21/2026,1
Product 3617,3/21/2026,1
Product 4275,3/21/2026,1
Product 5242,3/21/2026,1
Product 5157,3/21/2026,1
Product 5068,3/21/2026,2
Product 2514,3/21/2026,1
Product 3722,3/21/2026,1
Product 2267,3/21/2026,1
Product 6032,3/21/2026,1
Product 1624,3/21/2026,1
Product 366,3/21/2026,1
Product 3698,3/21/2026,1
Product 534,3/21/2026,1
Product 4750,3/21/2026,1
Product 1437,3/21/2026,1
Product 6033,3/21/2026,1
Product 631,3/21/2026,1
Product 2859,3/21/2026,1
Product 1951,3/21/2026,1
Product 1989,3/21/2026,1
Product 1378,3/21/2026,1
Product 6034,3/21/2026,10
Product 6035,3/21/2026,1
Product 5944,3/21/2026,1
Product 6036,3/21/2026,1
Product 3848,3/21/2026,3
Product 4857,3/21/2026,1
Product 2013,3/21/2026,1
Product 4632,3/21/2026,1
Product 2529,3/21/2026,2
Product 5540,3/21/2026,1
Product 3303,3/21/2026,1
Product 6037,3/21/2026,1
Product 1309,3/21/2026,1
Product 6038,3/21/2026,1
Product 4539,3/21/2026,1
Product 37,3/21/2026,1
Product 857,3/21/2026,1
Product 491,3/21/2026,1
Product 6039,3/21/2026,1
Product 2267,3/21/2026,1
Product 13,3/21/2026,1
Product 79,3/21/2026,2
Product 6040,3/21/2026,1
Product 4534,3/21/2026,1
Product 3590,3/21/2026,1
Product 898,3/21/2026,1
Product 5142,3/21/2026,1
Product 6041,3/21/2026,1
Product 37,3/21/2026,3
Product 3476,3/21/2026,1
Product 5941,3/21/2026,1
Product 1794,3/21/2026,1
Product 5091,3/21/2026,1
Product 3634,3/21/2026,1
Product 1140,3/21/2026,1
Product 3874,3/21/2026,1
Product 3226,3/21/2026,1
Product 4096,3/21/2026,1
Product 1159,3/21/2026,1
Product 1161,3/21/2026,1
Product 3813,3/21/2026,1
Product 151,3/21/2026,1
Product 456,3/21/2026,1
Product 1289,3/21/2026,1
Product 2623,3/21/2026,1
Product 2960,3/21/2026,1
Product 1790,3/21/2026,1
Product 239,3/21/2026,1
Product 2077,3/21/2026,1
Product 2860,3/21/2026,1
Product 1257,3/21/2026,1
Product 2082,3/21/2026,1
Product 1494,3/21/2026,1
Product 3332,3/21/2026,1
Product 3224,3/21/2026,2
Product 273,3/21/2026,1
Product 1997,3/21/2026,1
Product 1070,3/21/2026,1
Product 3820,3/21/2026,1
Product 1510,3/21/2026,1
Product 6042,3/21/2026,1
Product 4635,3/21/2026,1
Product 1148,3/21/2026,1
Product 482,3/21/2026,1
Product 5459,3/21/2026,1
Product 6043,3/21/2026,1
Product 3,3/21/2026,1
Product 2744,3/21/2026,1
Product 340,3/21/2026,1
Product 6044,3/21/2026,1
Product 4441,3/21/2026,2
Product 53,3/21/2026,1
Product 616,3/21/2026,1
Product 414,3/21/2026,1
Product 3312,3/21/2026,1
Product 6045,3/21/2026,1
Product 6046,3/21/2026,1
Product 598,3/21/2026,1
Product 6047,3/21/2026,1
Product 6048,3/21/2026,1
Product 2095,3/21/2026,2
Product 2986,3/21/2026,0
Product 5515,3/21/2026,1
Product 6049,3/21/2026,1
Product 735,3/21/2026,1
Product 5417,3/21/2026,1
Product 6050,3/21/2026,1
Product 1624,3/21/2026,1
Product 3715,3/21/2026,1
Product 3775,3/21/2026,1
Product 3408,3/21/2026,3
Product 820,3/21/2026,1
Product 5246,3/21/2026,1
Product 5245,3/21/2026,2
Product 2522,3/21/2026,1
Product 246,3/21/2026,2
Product 4,3/21/2026,1
Product 2285,3/21/2026,1
Product 5455,3/21/2026,1
Product 1335,3/21/2026,2
Product 6051,3/21/2026,1
Product 6052,3/21/2026,1
Product 62,3/21/2026,1
Product 1272,3/21/2026,1
Product 886,3/21/2026,1
Product 1655,3/21/2026,1
Product 4057,3/21/2026,1
Product 402,3/21/2026,2
Product 3550,3/21/2026,1
Product 2272,3/21/2026,1
Product 6053,3/21/2026,1
Product 3124,3/21/2026,2
Product 4656,3/21/2026,1
Product 747,3/21/2026,1
Product 3684,3/21/2026,1
Product 85,3/21/2026,2
Product 3840,3/21/2026,1
Product 6054,3/21/2026,1
Product 5468,3/21/2026,1
Product 3038,3/21/2026,1
Product 372,3/21/2026,1
Product 788,3/21/2026,1
Product 6055,3/21/2026,1
Product 6056,3/21/2026,2
Product 1216,3/21/2026,1
Product 4210,3/21/2026,1
Product 1133,3/21/2026,1
Product 1591,3/21/2026,1
Product 3422,3/21/2026,1
Product 1446,3/21/2026,1
Product 6057,3/21/2026,3
Product 313,3/21/2026,2
Product 219,3/21/2026,1
Product 3706,3/21/2026,4
Product 6058,3/21/2026,1
Product 4052,3/21/2026,1
Product 6059,3/21/2026,1
Product 5714,3/21/2026,1
Product 5712,3/21/2026,1
Product 6060,3/21/2026,1
Product 3124,3/21/2026,1
Product 6061,3/21/2026,1
Product 6062,3/21/2026,1
Product 6063,3/21/2026,1
Product 2857,3/21/2026,1
Product 883,3/21/2026,1
Product 2602,3/21/2026,1
Product 2331,3/21/2026,2
Product 1231,3/21/2026,1
Product 6064,3/21/2026,1
Product 6065,3/21/2026,1
Product 5235,3/21/2026,1
Product 5791,3/21/2026,2
Product 6066,3/21/2026,2
Product 1816,3/21/2026,1
Product 3030,3/21/2026,1
Product 425,3/21/2026,1
Product 547,3/21/2026,1
Product 6067,3/21/2026,1
Product 1403,3/21/2026,1
Product 5571,3/21/2026,1
Product 2665,3/21/2026,1
Product 1431,3/21/2026,1
Product 2216,3/21/2026,2
Product 2986,3/21/2026,1
Product 79,3/21/2026,3
Product 6068,3/21/2026,1
Product 6069,3/21/2026,1
Product 3962,3/21/2026,1
Product 4968,3/21/2026,1
Product 4985,3/21/2026,1
Product 6070,3/21/2026,1
Product 3262,3/21/2026,1
Product 4032,3/21/2026,6
Product 131,3/21/2026,1
Product 2270,3/21/2026,1
Product 2837,3/21/2026,1
Product 1322,3/21/2026,1
Product 633,3/21/2026,3
Product 37,3/21/2026,4
Product 5696,3/21/2026,1
Product 5839,3/21/2026,2
Product 6071,3/21/2026,2
Product 3964,3/21/2026,1
Product 5413,3/21/2026,1
Product 2920,3/21/2026,1
Product 5626,3/21/2026,1
Product 6072,3/21/2026,2
Product 6073,3/21/2026,1
Product 2219,3/21/2026,1
Product 274,3/21/2026,1
Product 275,3/21/2026,4
Product 3384,3/21/2026,1
Product 408,3/21/2026,1
Product 1139,3/21/2026,1
Product 244,3/21/2026,1
Product 2779,3/21/2026,1
Product 2260,3/21/2026,1
Product 413,3/21/2026,1
Product 4308,3/21/2026,1
Product 246,3/21/2026,2
Product 6074,3/21/2026,1
Product 4338,3/21/2026,1
Product 2766,3/21/2026,1
Product 6075,3/21/2026,2
Product 1554,3/21/2026,2
Product 114,3/21/2026,1
Product 2439,3/21/2026,1
Product 2951,3/21/2026,1
Product 1666,3/21/2026,1
Product 3259,3/21/2026,1
Product 800,3/21/2026,1
Product 3406,3/21/2026,1
Product 962,3/21/2026,1
Product 2847,3/21/2026,1
Product 75,3/21/2026,1
Product 1273,3/21/2026,1
Product 700,3/21/2026,1
Product 6076,3/21/2026,1
Product 6077,3/21/2026,2
Product 6078,3/21/2026,1
Product 2906,3/21/2026,1
Product 929,3/21/2026,1
Product 4110,3/21/2026,1
Product 1958,3/21/2026,1
Product 2511,3/21/2026,1
Product 1161,3/21/2026,1
Product 728,3/21/2026,1
Product 96,3/21/2026,1
Product 1965,3/21/2026,4
Product 2749,3/21/2026,3
Product 5529,3/21/2026,1
Product 147,3/21/2026,1
Product 3203,3/21/2026,1
Product 6079,3/21/2026,1
Product 6080,3/21/2026,1
Product 6081,3/21/2026,1
Product 6082,3/21/2026,2
Product 6083,3/21/2026,4
Product 6084,3/21/2026,1
Product 6085,3/21/2026,1
Product 6086,3/21/2026,1
Product 1055,3/21/2026,1
Product 6087,3/21/2026,1
Product 6088,3/21/2026,2
Product 6089,3/21/2026,1
Product 1807,3/21/2026,2
Product 3634,3/21/2026,1
Product 108,3/21/2026,1
Product 5645,3/21/2026,1
Product 6090,3/21/2026,1
Product 6091,3/21/2026,1
Product 3318,3/21/2026,1
Product 3722,3/21/2026,1
Product 2275,3/21/2026,1
Product 136,3/21/2026,2
Product 6,3/21/2026,1
Product 1304,3/21/2026,5
Product 1269,3/21/2026,4
Product 2698,3/21/2026,1
Product 5237,3/21/2026,1
Product 3888,3/21/2026,1
Product 166,3/21/2026,1
Product 5403,3/21/2026,1
Product 696,3/21/2026,2
Product 3092,3/21/2026,1
Product 161,3/21/2026,1
Product 4449,3/21/2026,1
Product 2830,3/21/2026,2
Product 6092,3/21/2026,1
Product 2774,3/21/2026,1
Product 3112,3/21/2026,1
Product 5438,3/21/2026,1
Product 5763,3/21/2026,2
Product 5486,3/21/2026,2
Product 3081,3/21/2026,1
Product 1487,3/21/2026,3
Product 3879,3/21/2026,1
Product 872,3/21/2026,2
Product 649,3/21/2026,1
Product 1129,3/21/2026,1
Product 653,3/21/2026,1
Product 1109,3/21/2026,1
Product 5359,3/21/2026,1
Product 489,3/21/2026,1
Product 2440,3/21/2026,1
Product 2969,3/21/2026,1
Product 795,3/21/2026,2
Product 987,3/21/2026,1
Product 6093,3/21/2026,1
Product 3789,3/21/2026,1
Product 364,3/21/2026,1
Product 3721,3/21/2026,1
Product 919,3/21/2026,1
Product 130,3/21/2026,2
Product 5128,3/21/2026,1
Product 3224,3/21/2026,1
Product 2078,3/21/2026,1
Product 2902,3/21/2026,1
Product 5802,3/21/2026,1
Product 1850,3/21/2026,1
Product 2105,3/21/2026,1
Product 485,3/21/2026,1
Product 2097,3/21/2026,1
Product 2425,3/21/2026,1
Product 1254,3/21/2026,1
Product 5848,3/21/2026,1
Product 3386,3/21/2026,1
Product 1621,3/21/2026,1
Product 4078,3/21/2026,1
Product 6094,3/21/2026,1
Product 3264,3/21/2026,1
Product 1130,3/21/2026,1
Product 5966,3/21/2026,1
Product 1185,3/21/2026,1
Product 2952,3/21/2026,1
Product 1360,3/21/2026,2
Product 341,3/21/2026,1
Product 2272,3/21/2026,3
Product 1540,3/21/2026,2
Product 788,3/21/2026,1
Product 330,3/21/2026,1
Product 5935,3/21/2026,1
Product 892,3/21/2026,1
Product 2283,3/21/2026,1
Product 1823,3/21/2026,1
Product 441,3/21/2026,1
Product 2262,3/21/2026,4
Product 6095,3/21/2026,1
Product 6096,3/21/2026,1
Product 3547,3/21/2026,1
Product 1186,3/21/2026,1
Product 6097,3/21/2026,1
Product 4860,3/21/2026,1
Product 423,3/21/2026,1
Product 3488,3/21/2026,1
Product 477,3/21/2026,1
Product 5803,3/21/2026,1
Product 1681,3/21/2026,1
Product 2325,3/21/2026,1
Product 3668,3/21/2026,1
Product 45,3/21/2026,1
Product 2481,3/21/2026,1
Product 3057,3/21/2026,1
Product 2702,3/21/2026,1
Product 3634,3/21/2026,2
Product 6098,3/21/2026,1
Product 1000,3/21/2026,1
Product 1875,3/21/2026,1
Product 1020,3/21/2026,1
Product 2539,3/21/2026,1
Product 6099,3/21/2026,1
Product 1384,3/21/2026,1
Product 3849,3/21/2026,1
Product 6100,3/21/2026,1
Product 2705,3/21/2026,1
Product 6101,3/21/2026,1
Product 6102,3/21/2026,1
Product 865,3/21/2026,1
Product 6103,3/21/2026,1
Product 5073,3/21/2026,1
Product 6104,3/21/2026,1
Product 6105,3/21/2026,1
Product 5729,3/21/2026,2
Product 5308,3/21/2026,1
Product 446,3/21/2026,1
Product 2264,3/21/2026,2
Product 6106,3/21/2026,1
Product 3640,3/21/2026,2
Product 6027,3/21/2026,1
Product 1046,3/21/2026,1
Product 552,3/21/2026,1
Product 1886,3/21/2026,1
Product 3124,3/21/2026,2
Product 3547,3/21/2026,3
Product 604,3/21/2026,1
Product 1985,3/21/2026,4
Product 128,3/21/2026,1
Product 6107,3/21/2026,2
Product 6108,3/21/2026,1
Product 246,3/21/2026,1
Product 477,3/21/2026,1
Product 918,3/21/2026,3
Product 408,3/21/2026,2
Product 247,3/21/2026,1
Product 650,3/21/2026,1
Product 6109,3/21/2026,1
Product 1087,3/21/2026,1
Product 983,3/21/2026,1
Product 631,3/21/2026,2
Product 1890,3/21/2026,4
Product 301,3/21/2026,3
Product 82,3/21/2026,1
Product 1971,3/21/2026,1
Product 5110,3/21/2026,1
Product 3052,3/21/2026,1
Product 6110,3/21/2026,1
Product 1892,3/21/2026,5
Product 1617,3/21/2026,1
Product 4677,3/21/2026,2
Product 2581,3/21/2026,1
Product 223,3/21/2026,1
Product 664,3/21/2026,1
Product 6002,3/21/2026,1
Product 378,3/21/2026,1
Product 4701,3/21/2026,1
Product 5021,3/21/2026,1
Product 6111,3/21/2026,1
Product 2108,3/21/2026,2
Product 2045,3/21/2026,1
Product 327,3/21/2026,1
Product 1470,3/21/2026,1
Product 3387,3/21/2026,1
Product 5040,3/21/2026,1
Product 3684,3/21/2026,1
Product 2624,3/21/2026,3
Product 488,3/21/2026,2
Product 795,3/21/2026,1
Product 1455,3/21/2026,1
Product 1760,3/21/2026,1
Product 3904,3/21/2026,1
Product 4015,3/21/2026,1
Product 3985,3/21/2026,1
Product 6112,3/21/2026,1
Product 345,3/21/2026,1
Product 3121,3/21/2026,1
Product 5797,3/21/2026,1
Product 1244,3/21/2026,1
Product 503,3/21/2026,2
Product 958,3/21/2026,2
Product 3854,3/21/2026,1
Product 1356,3/21/2026,1
Product 2102,3/21/2026,1
Product 747,3/21/2026,1
Product 6113,3/21/2026,3
Product 6,3/21/2026,1
Product 6114,3/21/2026,1
Product 1148,3/21/2026,2
Product 1238,3/21/2026,1
Product 1338,3/21/2026,1
Product 6115,3/21/2026,1
Product 5431,3/21/2026,1
Product 573,3/21/2026,1
Product 5090,3/21/2026,1
Product 6116,3/21/2026,1
Product 5766,3/21/2026,1
Product 872,3/21/2026,2
Product 176,3/21/2026,1
Product 1501,3/21/2026,1
Product 748,3/21/2026,1
Product 162,3/21/2026,1
Product 3143,3/21/2026,1
Product 5563,3/21/2026,1
Product 774,3/21/2026,1
Product 4292,3/21/2026,1
Product 1196,3/21/2026,2
Product 1559,3/21/2026,1
Product 6117,3/21/2026,1
Product 97,3/21/2026,1
Product 3723,3/21/2026,1
Product 4532,3/21/2026,1
Product 3713,3/21/2026,1
Product 5656,3/21/2026,1
Product 3382,3/21/2026,1
Product 7,3/21/2026,1
Product 6118,3/21/2026,1
Product 6119,3/21/2026,1
Product 6120,3/21/2026,1
Product 1908,3/21/2026,1
Product 6121,3/20/2026,1
Product 3716,3/20/2026,4
Product 3124,3/20/2026,1
Product 2965,3/20/2026,2
Product 3952,3/20/2026,1
Product 1920,3/20/2026,1
Product 592,3/20/2026,2
Product 895,3/20/2026,1
Product 144,3/20/2026,1
Product 5271,3/20/2026,1
Product 488,3/20/2026,1
Product 3634,3/20/2026,2
Product 424,3/20/2026,1
Product 108,3/20/2026,1
Product 2529,3/20/2026,1
Product 202,3/20/2026,1
Product 685,3/20/2026,1
Product 5040,3/20/2026,1
Product 2420,3/20/2026,1
Product 848,3/20/2026,1
Product 6122,3/20/2026,1
Product 733,3/20/2026,1
Product 6123,3/20/2026,1
Product 5797,3/20/2026,1
Product 5859,3/20/2026,5
Product 5783,3/20/2026,1
Product 2,3/20/2026,1
Product 6124,3/20/2026,1
Product 1755,3/20/2026,1
Product 5792,3/20/2026,1
Product 1615,3/20/2026,1
Product 6125,3/20/2026,1
Product 2351,3/20/2026,1
Product 436,3/20/2026,1
Product 1816,3/20/2026,1
Product 1477,3/20/2026,1
Product 170,3/20/2026,1
Product 2948,3/20/2026,1
Product 967,3/20/2026,1
Product 1688,3/20/2026,1
Product 1161,3/20/2026,1
Product 2605,3/20/2026,2
Product 4275,3/20/2026,1
Product 2910,3/20/2026,1
Product 2267,3/20/2026,1
Product 556,3/20/2026,1
Product 6126,3/20/2026,1
Product 4864,3/20/2026,1
Product 4792,3/20/2026,1
Product 5757,3/20/2026,2
Product 4618,3/20/2026,1
Product 2978,3/20/2026,1
Product 1308,3/20/2026,1
Product 266,3/20/2026,1
Product 5715,3/20/2026,1
Product 694,3/20/2026,1
Product 1584,3/20/2026,1
Product 5897,3/20/2026,2
Product 37,3/20/2026,3
Product 3230,3/20/2026,1
Product 558,3/20/2026,1
Product 2365,3/20/2026,1
Product 3547,3/20/2026,1
Product 1131,3/20/2026,1
Product 2141,3/20/2026,1
Product 1211,3/20/2026,1
Product 2292,3/20/2026,1
Product 6127,3/20/2026,2
Product 85,3/20/2026,1
Product 4540,3/20/2026,1
Product 2287,3/20/2026,1
Product 571,3/20/2026,1
Product 3081,3/20/2026,1
Product 1088,3/20/2026,1
Product 3002,3/20/2026,20
Product 696,3/20/2026,1
Product 1320,3/20/2026,1
Product 6128,3/20/2026,1
Product 6129,3/20/2026,1
Product 1244,3/20/2026,2
Product 249,3/20/2026,3
Product 2332,3/20/2026,1
Product 432,3/20/2026,1
Product 733,3/20/2026,1
Product 833,3/20/2026,1
Product 2285,3/20/2026,1
Product 4337,3/20/2026,1
Product 4098,3/20/2026,2
Product 893,3/20/2026,1
Product 4568,3/20/2026,1
Product 740,3/20/2026,1
Product 4365,3/20/2026,1
Product 2919,3/20/2026,1
Product 1624,3/20/2026,1
Product 1559,3/20/2026,1
Product 2965,3/20/2026,1
Product 2428,3/20/2026,1
Product 493,3/20/2026,1
Product 2,3/20/2026,1
Product 3167,3/20/2026,1
Product 6130,3/20/2026,1
Product 540,3/20/2026,1
Product 1294,3/20/2026,2
Product 4190,3/20/2026,1
Product 3634,3/20/2026,1
Product 1825,3/20/2026,1
Product 4727,3/20/2026,1
Product 2353,3/20/2026,1
Product 5067,3/20/2026,1
Product 1642,3/20/2026,1
Product 13,3/20/2026,1
Product 6131,3/20/2026,1
Product 4478,3/20/2026,1
Product 1690,3/20/2026,1
Product 128,3/20/2026,1
Product 397,3/20/2026,1
Product 3087,3/20/2026,4
Product 4992,3/20/2026,2
Product 1983,3/20/2026,4
Product 2000,3/20/2026,1
Product 37,3/20/2026,1
Product 2417,3/20/2026,1
Product 66,3/20/2026,2
Product 4589,3/20/2026,1
Product 4105,3/20/2026,1
Product 2702,3/20/2026,1
Product 3124,3/20/2026,1
Product 260,3/20/2026,1
Product 2068,3/20/2026,1
Product 1684,3/20/2026,1
Product 536,3/20/2026,1
Product 3634,3/20/2026,1
Product 1059,3/20/2026,1
Product 2242,3/20/2026,1
Product 723,3/20/2026,1
Product 1592,3/20/2026,1
Product 79,3/20/2026,1
Product 469,3/20/2026,1
Product 6132,3/20/2026,1
Product 352,3/20/2026,1
Product 1022,3/20/2026,3
Product 2975,3/20/2026,1
Product 4911,3/20/2026,1
Product 5951,3/20/2026,2
Product 1648,3/20/2026,1
Product 3690,3/20/2026,1
Product 2631,3/20/2026,3
Product 1743,3/20/2026,1
Product 1494,3/20/2026,1
Product 1496,3/20/2026,1
Product 1854,3/20/2026,1
Product 899,3/20/2026,1
Product 4281,3/20/2026,1
Product 3544,3/20/2026,1
Product 2970,3/20/2026,1
Product 3689,3/20/2026,1
Product 1613,3/20/2026,1
Product 4659,3/20/2026,1
Product 2067,3/20/2026,1
Product 3372,3/20/2026,1
Product 498,3/20/2026,1
Product 5250,3/20/2026,1
Product 2840,3/20/2026,1
Product 495,3/20/2026,2
Product 2860,3/20/2026,1
Product 2519,3/20/2026,1
Product 144,3/20/2026,1
Product 2359,3/20/2026,1
Product 3124,3/20/2026,1
Product 3665,3/20/2026,1
Product 4098,3/20/2026,1
Product 273,3/20/2026,1
Product 651,3/20/2026,1
Product 2443,3/20/2026,1
Product 4032,3/20/2026,1
Product 2,3/20/2026,6
Product 1557,3/20/2026,1
Product 931,3/20/2026,1
Product 1905,3/20/2026,1
Product 1715,3/20/2026,1
Product 1372,3/20/2026,1
Product 1001,3/20/2026,1
Product 1361,3/20/2026,1
Product 1925,3/20/2026,1
Product 914,3/20/2026,1
Product 79,3/20/2026,2
Product 6133,3/20/2026,1
Product 6134,3/20/2026,1
Product 4294,3/20/2026,1
Product 2369,3/20/2026,1
Product 1094,3/20/2026,2
Product 3855,3/20/2026,1
Product 1139,3/20/2026,1
Product 1129,3/20/2026,1
Product 357,3/20/2026,1
Product 6135,3/20/2026,1
Product 3035,3/20/2026,2
Product 3814,3/20/2026,1
Product 1362,3/20/2026,1
Product 4949,3/20/2026,1
Product 3928,3/20/2026,1
Product 1050,3/20/2026,1
Product 6136,3/20/2026,1
Product 1,3/20/2026,1
Product 2628,3/20/2026,1
Product 1607,3/20/2026,1
Product 268,3/20/2026,1
Product 717,3/20/2026,1
Product 2830,3/20/2026,1
Product 2507,3/20/2026,1
Product 6137,3/20/2026,1
Product 6138,3/20/2026,1
Product 3957,3/20/2026,1
Product 6139,3/20/2026,1
Product 2439,3/20/2026,1
Product 4076,3/20/2026,1
Product 688,3/20/2026,1
Product 1791,3/20/2026,1
Product 4648,3/20/2026,1
Product 4649,3/20/2026,1
Product 6140,3/20/2026,1
Product 593,3/20/2026,1
Product 4584,3/20/2026,1
Product 6141,3/20/2026,1
Product 1428,3/20/2026,1
Product 3634,3/20/2026,2
Product 5159,3/20/2026,1
Product 6083,3/20/2026,2
Product 3346,3/20/2026,1
Product 1892,3/20/2026,1
Product 326,3/20/2026,1
Product 6142,3/20/2026,1
Product 6143,3/20/2026,1
Product 1612,3/20/2026,1
Product 3967,3/20/2026,1
Product 2487,3/20/2026,1
Product 3470,3/20/2026,1
Product 5756,3/20/2026,1
Product 3774,3/20/2026,1
Product 3634,3/20/2026,1
Product 808,3/20/2026,1
Product 1591,3/20/2026,1
Product 261,3/20/2026,1
Product 1925,3/20/2026,1
Product 2906,3/20/2026,1
Product 1943,3/20/2026,1
Product 5853,3/20/2026,1
Product 6144,3/20/2026,1
Product 3547,3/20/2026,4
Product 62,3/20/2026,1
Product 2065,3/20/2026,1
Product 4400,3/20/2026,1
Product 1048,3/20/2026,1
Product 1578,3/20/2026,1
Product 2287,3/20/2026,1
Product 1660,3/20/2026,1
Product 3234,3/20/2026,1
Product 1779,3/20/2026,1
Product 2977,3/20/2026,1
Product 1094,3/20/2026,1
Product 1453,3/20/2026,2
Product 717,3/20/2026,5
Product 2169,3/20/2026,1
Product 1537,3/20/2026,1
Product 1538,3/20/2026,1
Product 6145,3/20/2026,1
Product 5230,3/20/2026,1
Product 6146,3/20/2026,1
Product 1701,3/20/2026,2
Product 1965,3/20/2026,3
Product 1370,3/20/2026,2
Product 4599,3/20/2026,2
Product 2952,3/20/2026,2
Product 3583,3/20/2026,2
Product 2754,3/20/2026,2
Product 146,3/20/2026,2
Product 6147,3/20/2026,1
Product 3372,3/20/2026,1
Product 487,3/20/2026,1
Product 6148,3/20/2026,1
Product 5159,3/20/2026,2
Product 3472,3/20/2026,1
Product 3124,3/20/2026,2
Product 4483,3/20/2026,1
Product 1455,3/20/2026,1
Product 544,3/20/2026,1
Product 4306,3/20/2026,1
Product 47,3/20/2026,1
Product 5127,3/20/2026,1
Product 4715,3/20/2026,1
Product 392,3/20/2026,1
Product 3803,3/20/2026,1
Product 1475,3/20/2026,2
Product 5422,3/20/2026,1
Product 314,3/20/2026,1
Product 538,3/20/2026,1
Product 1642,3/20/2026,1
Product 5277,3/20/2026,1
Product 1352,3/20/2026,1
Product 1571,3/20/2026,1
Product 1403,3/20/2026,1
Product 2199,3/20/2026,1
Product 2823,3/20/2026,1
Product 6149,3/20/2026,1
Product 331,3/20/2026,1
Product 3603,3/20/2026,1
Product 447,3/20/2026,2
Product 6150,3/20/2026,1
Product 5999,3/20/2026,1
Product 4060,3/20/2026,1
Product 172,3/20/2026,1
Product 6151,3/20/2026,1
Product 1451,3/20/2026,1
Product 275,3/20/2026,1
Product 2311,3/20/2026,1
Product 3010,3/20/2026,1
Product 2439,3/20/2026,1
Product 144,3/20/2026,1
Product 4200,3/20/2026,2
Product 871,3/19/2026,1
Product 268,3/19/2026,2
Product 4891,3/19/2026,1
Product 1707,3/19/2026,1
Product 6152,3/19/2026,2
Product 1393,3/19/2026,2
Product 1050,3/19/2026,1
Product 2801,3/19/2026,1
Product 6153,3/19/2026,1
Product 13,3/19/2026,2
Product 3430,3/19/2026,1
Product 6154,3/19/2026,1
Product 6155,3/19/2026,1
Product 995,3/19/2026,1
Product 399,3/19/2026,1
Product 5800,3/19/2026,1
Product 4049,3/19/2026,1
Product 1002,3/19/2026,1
Product 1368,3/19/2026,1
Product 1582,3/19/2026,1
Product 2524,3/19/2026,1
Product 4954,3/19/2026,1
Product 3884,3/19/2026,1
Product 2960,3/19/2026,1
Product 165,3/19/2026,1
Product 3640,3/19/2026,1
Product 3963,3/19/2026,1
Product 3634,3/19/2026,1
Product 3046,3/19/2026,1
Product 4131,3/19/2026,2
Product 3105,3/19/2026,1
Product 5393,3/19/2026,1
Product 1555,3/19/2026,1
Product 3259,3/19/2026,1
Product 3406,3/19/2026,1
Product 6064,3/19/2026,1
Product 495,3/19/2026,1
Product 6156,3/19/2026,2
Product 6157,3/19/2026,1
Product 4589,3/19/2026,1
Product 144,3/19/2026,1
Product 2977,3/19/2026,1
Product 1506,3/19/2026,1
Product 1251,3/19/2026,1
Product 334,3/19/2026,2
Product 5137,3/19/2026,1
Product 6158,3/19/2026,1
Product 5410,3/19/2026,1
Product 1972,3/19/2026,1
Product 286,3/19/2026,1
Product 237,3/19/2026,1
Product 6159,3/19/2026,1
Product 1624,3/19/2026,1
Product 164,3/19/2026,2
Product 3593,3/19/2026,2
Product 4052,3/19/2026,1
Product 37,3/19/2026,1
Product 2414,3/19/2026,1
Product 1779,3/19/2026,1
Product 1083,3/19/2026,4
Product 696,3/19/2026,1
Product 3572,3/19/2026,1
Product 582,3/19/2026,1
Product 960,3/19/2026,2
Product 4866,3/19/2026,1
Product 173,3/19/2026,1
Product 2321,3/19/2026,1
Product 6160,3/19/2026,1
Product 55,3/19/2026,2
Product 6161,3/19/2026,2
Product 6162,3/19/2026,1
Product 6039,3/19/2026,1
Product 858,3/19/2026,1
Product 6163,3/19/2026,1
Product 2908,3/19/2026,1
Product 1625,3/19/2026,1
Product 841,3/19/2026,1
Product 842,3/19/2026,1
Product 6164,3/19/2026,1
Product 79,3/19/2026,1
Product 2439,3/19/2026,2
Product 5382,3/19/2026,1
Product 918,3/19/2026,1
Product 1506,3/19/2026,2
Product 1823,3/19/2026,1
Product 3715,3/19/2026,1
Product 369,3/19/2026,1
Product 5461,3/19/2026,1
Product 1022,3/19/2026,1
Product 2166,3/19/2026,1
Product 4294,3/19/2026,1
Product 1659,3/19/2026,1
Product 2694,3/19/2026,1
Product 696,3/19/2026,1
Product 1657,3/19/2026,1
Product 1792,3/19/2026,1
Product 3857,3/19/2026,1
Product 51,3/19/2026,1
Product 1743,3/19/2026,1
Product 16,3/19/2026,1
Product 6041,3/19/2026,1
Product 79,3/19/2026,1
Product 6165,3/19/2026,4
Product 2602,3/19/2026,1
Product 6166,3/19/2026,1
Product 4353,3/19/2026,3
Product 3640,3/19/2026,1
Product 1094,3/19/2026,1
Product 2141,3/19/2026,1
Product 3465,3/19/2026,1
Product 1971,3/19/2026,1
Product 1642,3/19/2026,1
Product 126,3/19/2026,3
Product 489,3/19/2026,1
Product 4483,3/19/2026,1
Product 4485,3/19/2026,2
Product 1747,3/19/2026,1
Product 735,3/19/2026,1
Product 2105,3/19/2026,1
Product 2174,3/19/2026,3
Product 6167,3/19/2026,1
Product 584,3/19/2026,1
Product 2523,3/19/2026,1
Product 6168,3/19/2026,1
Product 1952,3/19/2026,1
Product 97,3/19/2026,1
Product 79,3/19/2026,3
Product 398,3/19/2026,1
Product 2064,3/19/2026,1
Product 1112,3/19/2026,1
Product 1126,3/19/2026,1
Product 2038,3/19/2026,2
Product 4728,3/19/2026,2
Product 6169,3/19/2026,2
Product 6170,3/19/2026,1
Product 355,3/19/2026,1
Product 278,3/19/2026,1
Product 4064,3/19/2026,1
Product 436,3/19/2026,1
Product 804,3/19/2026,1
Product 4695,3/19/2026,1
Product 6171,3/19/2026,1
Product 6172,3/19/2026,1
Product 661,3/19/2026,1
Product 748,3/19/2026,1
Product 440,3/19/2026,1
Product 37,3/19/2026,1
Product 6173,3/19/2026,1
Product 2806,3/19/2026,1
Product 4269,3/19/2026,1
Product 1080,3/19/2026,1
Product 715,3/19/2026,1
Product 508,3/19/2026,1
Product 1851,3/19/2026,1
Product 5253,3/19/2026,1
Product 6174,3/19/2026,1
Product 1483,3/19/2026,1
Product 6175,3/19/2026,1
Product 1628,3/19/2026,1
Product 4002,3/19/2026,1
Product 696,3/19/2026,1
Product 6176,3/19/2026,1
Product 533,3/19/2026,5
Product 1444,3/19/2026,20
Product 4229,3/19/2026,1
Product 6177,3/19/2026,1
Product 2581,3/19/2026,1
Product 1017,3/19/2026,1
Product 908,3/19/2026,1
Product 6178,3/19/2026,2
Product 3547,3/19/2026,1
Product 3672,3/19/2026,1
Product 781,3/19/2026,1
Product 4626,3/19/2026,2
Product 6179,3/19/2026,1
Product 6180,3/19/2026,1
Product 2,3/19/2026,1
Product 6181,3/19/2026,1
Product 264,3/19/2026,1
Product 2087,3/19/2026,1
Product 6182,3/19/2026,1
Product 3124,3/19/2026,1
Product 6183,3/19/2026,1
Product 1887,3/19/2026,1
Product 6184,3/19/2026,1
Product 3634,3/19/2026,3
Product 4112,3/19/2026,1
Product 5954,3/19/2026,1
Product 6185,3/19/2026,1
Product 1237,3/19/2026,1
Product 1447,3/19/2026,1
Product 6186,3/19/2026,1
Product 5550,3/19/2026,2
Product 1010,3/19/2026,1
Product 1618,3/19/2026,1
Product 568,3/19/2026,1
Product 4662,3/19/2026,2
Product 3874,3/19/2026,1
Product 3708,3/19/2026,12
Product 4501,3/19/2026,1
Product 1236,3/19/2026,2
Product 1,3/19/2026,1
Product 3562,3/19/2026,1
Product 6187,3/19/2026,1
Product 6188,3/19/2026,1
Product 6189,3/19/2026,1
Product 136,3/19/2026,1
Product 453,3/19/2026,1
Product 3192,3/19/2026,1
Product 4444,3/19/2026,3
Product 3224,3/19/2026,1
Product 6190,3/19/2026,1
Product 2164,3/19/2026,1
Product 5116,3/19/2026,1
Product 488,3/19/2026,1
Product 4493,3/19/2026,2
Product 1509,3/19/2026,1
Product 144,3/19/2026,1
Product 4145,3/19/2026,1
Product 696,3/19/2026,1
Product 6191,3/19/2026,1
Product 2815,3/19/2026,5
Product 1691,3/19/2026,6
Product 3640,3/19/2026,1
Product 2032,3/19/2026,1
Product 6192,3/19/2026,1
Product 6193,3/19/2026,1
Product 52,3/19/2026,1
Product 1846,3/19/2026,1
Product 455,3/19/2026,1
Product 4799,3/19/2026,1
Product 5067,3/19/2026,1
Product 6194,3/19/2026,2
Product 4401,3/19/2026,1
Product 2285,3/19/2026,1
Product 6195,3/19/2026,10
Product 6196,3/19/2026,1
Product 311,3/19/2026,3
Product 5375,3/19/2026,-3
Product 79,3/18/2026,2
Product 80,3/18/2026,1
Product 918,3/18/2026,1
Product 1759,3/18/2026,2
Product 6197,3/18/2026,1
Product 3721,3/18/2026,1
Product 6198,3/18/2026,1
Product 5756,3/18/2026,1
Product 212,3/18/2026,1
Product 949,3/18/2026,1
Product 6199,3/18/2026,1
Product 696,3/18/2026,2
Product 1136,3/18/2026,1
Product 4978,3/18/2026,1
Product 2358,3/18/2026,1
Product 1753,3/18/2026,1
Product 3850,3/18/2026,1
Product 3335,3/18/2026,1
Product 2703,3/18/2026,1
Product 37,3/18/2026,1
Product 2305,3/18/2026,1
Product 246,3/18/2026,2
Product 1165,3/18/2026,1
Product 3773,3/18/2026,1
Product 5308,3/18/2026,1
Product 544,3/18/2026,1
Product 639,3/18/2026,1
Product 342,3/18/2026,1
Product 4414,3/18/2026,1
Product 2616,3/18/2026,1
Product 152,3/18/2026,1
Product 6200,3/18/2026,5
Product 654,3/18/2026,1
Product 1152,3/18/2026,1
Product 6201,3/18/2026,4
Product 6202,3/18/2026,1
Product 1834,3/18/2026,5
Product 4570,3/18/2026,5
Product 2262,3/18/2026,1
Product 6203,3/18/2026,1
Product 6204,3/18/2026,2
Product 6205,3/18/2026,1
Product 6206,3/18/2026,1
Product 6207,3/18/2026,1
Product 6208,3/18/2026,1
Product 1838,3/18/2026,1
Product 1663,3/18/2026,1
Product 1673,3/18/2026,1
Product 1902,3/18/2026,1
Product 6209,3/18/2026,2
Product 6210,3/18/2026,1
Product 3891,3/18/2026,1
Product 3573,3/18/2026,1
Product 1200,3/18/2026,1
Product 5594,3/18/2026,1
Product 6211,3/18/2026,1
Product 98,3/18/2026,1
Product 6212,3/18/2026,1
Product 1453,3/18/2026,1
Product 359,3/18/2026,1
Product 2693,3/18/2026,1
Product 957,3/18/2026,1
Product 2001,3/18/2026,1
Product 1665,3/18/2026,1
Product 3884,3/18/2026,1
Product 4600,3/18/2026,1
Product 995,3/18/2026,1
Product 4486,3/18/2026,1
Product 2756,3/18/2026,1
Product 6213,3/18/2026,1
Product 1437,3/18/2026,1
Product 1473,3/18/2026,1
Product 1524,3/18/2026,1
Product 1339,3/18/2026,1
Product 3958,3/18/2026,1
Product 2185,3/18/2026,1
Product 3024,3/18/2026,1
Product 2351,3/18/2026,1
Product 66,3/18/2026,3
Product 548,3/18/2026,1
Product 246,3/18/2026,1
Product 5831,3/18/2026,2
Product 6214,3/18/2026,6
Product 5522,3/18/2026,2
Product 4293,3/18/2026,1
Product 815,3/18/2026,1
Product 484,3/18/2026,1
Product 6215,3/18/2026,1
Product 6216,3/18/2026,1
Product 37,3/18/2026,2
Product 5225,3/18/2026,1
Product 1745,3/18/2026,8
Product 3124,3/18/2026,1
Product 4004,3/18/2026,1
Product 3938,3/18/2026,1
Product 918,3/18/2026,2
Product 79,3/18/2026,1
Product 696,3/18/2026,1
Product 1996,3/18/2026,1
Product 688,3/18/2026,1
Product 493,3/18/2026,1
Product 6078,3/18/2026,1
Product 354,3/18/2026,1
Product 911,3/18/2026,1
Product 3778,3/18/2026,1
Product 584,3/18/2026,1
Product 518,3/18/2026,1
Product 296,3/18/2026,1
Product 1601,3/18/2026,1
Product 3466,3/18/2026,1
Product 173,3/18/2026,1
Product 1486,3/18/2026,1
Product 10,3/18/2026,1
Product 537,3/18/2026,1
Product 1963,3/18/2026,1
Product 1964,3/18/2026,1
Product 491,3/18/2026,1
Product 13,3/18/2026,1
Product 7,3/18/2026,1
Product 329,3/18/2026,1
Product 796,3/18/2026,1
Product 85,3/18/2026,1
Product 3634,3/18/2026,2
Product 3835,3/18/2026,1
Product 2209,3/18/2026,1
Product 282,3/18/2026,1
Product 112,3/18/2026,1
Product 3035,3/18/2026,1
Product 1520,3/18/2026,1
Product 3493,3/18/2026,1
Product 246,3/18/2026,1
Product 2068,3/18/2026,1
Product 1295,3/18/2026,1
Product 1018,3/18/2026,1
Product 6217,3/18/2026,2
Product 37,3/18/2026,2
Product 5532,3/18/2026,1
Product 164,3/18/2026,2
Product 6218,3/18/2026,1
Product 1393,3/18/2026,6
Product 1047,3/18/2026,1
Product 4694,3/18/2026,4
Product 3640,3/18/2026,1
Product 531,3/18/2026,1
Product 4911,3/18/2026,1
Product 6219,3/18/2026,2
Product 79,3/18/2026,2
Product 329,3/18/2026,1
Product 1968,3/18/2026,2
Product 2188,3/18/2026,1
Product 5382,3/18/2026,1
Product 1611,3/18/2026,1
Product 6220,3/18/2026,1
Product 4878,3/18/2026,1
Product 482,3/18/2026,1
Product 3134,3/18/2026,1
Product 1485,3/18/2026,1
Product 4324,3/18/2026,1
Product 2231,3/18/2026,1
Product 300,3/18/2026,1
Product 359,3/18/2026,1
Product 4701,3/18/2026,1
Product 2909,3/18/2026,1
Product 2711,3/18/2026,1
Product 611,3/18/2026,1
Product 3582,3/18/2026,1
Product 1987,3/18/2026,1
Product 926,3/18/2026,1
Product 927,3/18/2026,1
Product 2177,3/18/2026,1
Product 610,3/18/2026,1
Product 2954,3/18/2026,1
Product 134,3/18/2026,1
Product 1668,3/18/2026,1
Product 1717,3/18/2026,1
Product 146,3/18/2026,1
Product 2750,3/18/2026,1
Product 1002,3/18/2026,1
Product 3447,3/18/2026,1
Product 4110,3/18/2026,1
Product 613,3/18/2026,1
Product 941,3/18/2026,1
Product 1582,3/18/2026,1
Product 3448,3/18/2026,1
Product 4303,3/18/2026,1
Product 1684,3/18/2026,1
Product 3124,3/18/2026,1
Product 6221,3/18/2026,1
Product 2229,3/18/2026,1
Product 1554,3/18/2026,1
Product 2267,3/18/2026,2
Product 788,3/18/2026,1
Product 3637,3/18/2026,1
Product 2615,3/18/2026,1
Product 439,3/18/2026,2
Product 73,3/18/2026,1
Product 330,3/18/2026,1
Product 2425,3/18/2026,3
Product 6222,3/18/2026,1
Product 874,3/18/2026,1
Product 1254,3/18/2026,3
Product 362,3/18/2026,0
Product 5277,3/18/2026,1
Product 2654,3/18/2026,1
Product 4105,3/18/2026,1
Product 1553,3/18/2026,1
Product 785,3/18/2026,1
Product 6223,3/18/2026,1
Product 6224,3/18/2026,1
Product 6225,3/18/2026,2
Product 3549,3/18/2026,1
Product 4068,3/18/2026,1
Product 279,3/18/2026,1
Product 13,3/18/2026,1
Product 6226,3/18/2026,1
Product 264,3/18/2026,1
Product 6227,3/18/2026,1
Product 4477,3/18/2026,1
Product 1559,3/18/2026,1
Product 2711,3/18/2026,1
Product 1861,3/18/2026,2
Product 506,3/18/2026,1
Product 5676,3/18/2026,1
Product 2923,3/18/2026,1
Product 79,3/18/2026,1
Product 3782,3/18/2026,1
Product 4108,3/18/2026,1
Product 5937,3/18/2026,1
Product 6228,3/18/2026,1
Product 2775,3/18/2026,1
Product 1951,3/18/2026,1
Product 1639,3/18/2026,1
Product 2,3/18/2026,3
Product 4494,3/18/2026,1
Product 359,3/18/2026,1
Product 988,3/18/2026,1
Product 3956,3/18/2026,10
Product 6229,3/18/2026,1
Product 6230,3/18/2026,1
Product 3944,3/18/2026,1
Product 1144,3/18/2026,1
Product 6231,3/18/2026,2
Product 806,3/18/2026,1
Product 1690,3/18/2026,1
Product 922,3/18/2026,1
Product 2268,3/18/2026,1
Product 96,3/18/2026,1
Product 3730,3/18/2026,1
Product 1668,3/18/2026,1
Product 3749,3/18/2026,1
Product 6232,3/18/2026,1
Product 5655,3/18/2026,1
Product 37,3/18/2026,1
Product 1421,3/18/2026,1
Product 3010,3/18/2026,1
Product 3634,3/18/2026,1
Product 6233,3/18/2026,1
Product 1509,3/18/2026,2
Product 26,3/18/2026,1
Product 3807,3/18/2026,1
Product 4014,3/18/2026,1
Product 3046,3/18/2026,1
Product 946,3/18/2026,1
Product 3017,3/18/2026,1
Product 250,3/18/2026,1
Product 1296,3/18/2026,1
Product 614,3/18/2026,2
Product 6234,3/18/2026,1
Product 1097,3/18/2026,2
Product 3654,3/18/2026,1
Product 543,3/18/2026,4
Product 392,3/18/2026,1
Product 966,3/18/2026,1
Product 1157,3/18/2026,1
Product 6235,3/18/2026,1
Product 6236,3/18/2026,1
Product 476,3/18/2026,1
Product 4605,3/18/2026,1
Product 250,3/18/2026,1
Product 2439,3/18/2026,1
Product 4838,3/18/2026,1
Product 776,3/18/2026,1
Product 333,3/18/2026,1
Product 531,3/18/2026,1
Product 2655,3/18/2026,1
Product 1749,3/18/2026,1
Product 4895,3/18/2026,1
Product 3140,3/18/2026,1
Product 6042,3/18/2026,1
Product 1812,3/18/2026,1
Product 5948,3/18/2026,1
Product 3246,3/18/2026,1
Product 1132,3/18/2026,1
Product 493,3/18/2026,1
Product 1817,3/18/2026,1
Product 1238,3/18/2026,2
Product 5881,3/18/2026,1
Product 11,3/18/2026,1
Product 6,3/18/2026,1
Product 6237,3/18/2026,2
Product 1836,3/18/2026,3
Product 959,3/18/2026,1
Product 1857,3/17/2026,1
Product 296,3/17/2026,1
Product 2147,3/17/2026,1
Product 86,3/17/2026,4
Product 2939,3/17/2026,1
Product 246,3/17/2026,1
Product 3665,3/17/2026,1
Product 1613,3/17/2026,1
Product 1509,3/17/2026,2
Product 3651,3/17/2026,1
Product 2284,3/17/2026,1
Product 6238,3/17/2026,1
Product 3705,3/17/2026,1
Product 1938,3/17/2026,1
Product 1682,3/17/2026,1
Product 79,3/17/2026,1
Product 37,3/17/2026,1
Product 5863,3/17/2026,1
Product 552,3/17/2026,1
Product 648,3/17/2026,1
Product 6239,3/17/2026,1
Product 6240,3/17/2026,1
Product 3640,3/17/2026,1
Product 6241,3/17/2026,1
Product 6242,3/17/2026,1
Product 6243,3/17/2026,1
Product 566,3/17/2026,1
Product 3124,3/17/2026,1
Product 5575,3/17/2026,1
Product 2958,3/17/2026,1
Product 6244,3/17/2026,1
Product 1964,3/17/2026,1
Product 2,3/17/2026,1
Product 5383,3/17/2026,14
Product 2906,3/17/2026,1
Product 2529,3/17/2026,1
Product 13,3/17/2026,2
Product 3593,3/17/2026,1
Product 1752,3/17/2026,1
Product 565,3/17/2026,1
Product 2323,3/17/2026,1
Product 266,3/17/2026,1
Product 2910,3/17/2026,1
Product 977,3/17/2026,1
Product 1665,3/17/2026,1
Product 1554,3/17/2026,1
Product 554,3/17/2026,1
Product 4306,3/17/2026,1
Product 1639,3/17/2026,1
Product 2589,3/17/2026,1
Product 2439,3/17/2026,1
Product 6245,3/17/2026,1
Product 2775,3/17/2026,1
Product 696,3/17/2026,1
Product 4275,3/17/2026,2
Product 104,3/17/2026,1
Product 1984,3/17/2026,1
Product 2519,3/17/2026,2
Product 413,3/17/2026,3
Product 3555,3/17/2026,1
Product 744,3/17/2026,1
Product 1616,3/17/2026,1
Product 79,3/17/2026,1
Product 1132,3/17/2026,1
Product 2833,3/17/2026,1
Product 2590,3/17/2026,1
Product 1017,3/17/2026,1
Product 3373,3/17/2026,1
Product 1254,3/17/2026,2
Product 2264,3/17/2026,1
Product 326,3/17/2026,1
Product 65,3/17/2026,1
Product 6246,3/17/2026,1
Product 6247,3/17/2026,1
Product 2828,3/17/2026,1
Product 382,3/17/2026,1
Product 79,3/17/2026,1
Product 1437,3/17/2026,1
Product 489,3/17/2026,1
Product 490,3/17/2026,2
Product 491,3/17/2026,1
Product 6248,3/17/2026,1
Product 3981,3/17/2026,1
Product 1501,3/17/2026,1
Product 872,3/17/2026,1
Product 3640,3/17/2026,3
Product 2928,3/17/2026,2
Product 3465,3/17/2026,2
Product 1997,3/17/2026,1
Product 4099,3/17/2026,1
Product 6249,3/17/2026,1
Product 6250,3/17/2026,1
Product 6199,3/17/2026,1
Product 365,3/17/2026,1
Product 3273,3/17/2026,1
Product 6130,3/17/2026,1
Product 3248,3/17/2026,1
Product 4924,3/17/2026,1
Product 1994,3/17/2026,1
Product 656,3/17/2026,1
Product 2105,3/17/2026,1
Product 5215,3/17/2026,1
Product 2813,3/17/2026,1
Product 2619,3/17/2026,1
Product 4895,3/17/2026,1
Product 4052,3/17/2026,1
Product 2257,3/17/2026,1
Product 255,3/17/2026,1
Product 6251,3/17/2026,1
Product 3039,3/17/2026,1
Product 2251,3/17/2026,1
Product 3821,3/17/2026,1
Product 752,3/17/2026,1
Product 329,3/17/2026,1
Product 1088,3/17/2026,1
Product 6252,3/17/2026,2
Product 723,3/17/2026,1
Product 3406,3/17/2026,1
Product 1104,3/17/2026,1
Product 1681,3/17/2026,1
Product 745,3/17/2026,1
Product 2188,3/17/2026,1
Product 1274,3/17/2026,1
Product 1268,3/17/2026,1
Product 3189,3/17/2026,1
Product 4711,3/17/2026,1
Product 6253,3/17/2026,1
Product 164,3/17/2026,3
Product 3359,3/17/2026,3
Product 5249,3/17/2026,1
Product 6254,3/17/2026,1
Product 3022,3/17/2026,1
Product 6255,3/17/2026,1
Product 1234,3/17/2026,1
Product 13,3/17/2026,1
Product 4665,3/17/2026,1
Product 4679,3/17/2026,1
Product 372,3/17/2026,1
Product 3900,3/17/2026,1
Product 694,3/17/2026,1
Product 3661,3/17/2026,1
Product 79,3/17/2026,2
Product 4952,3/17/2026,1
Product 1968,3/17/2026,3
Product 2523,3/17/2026,1
Product 37,3/17/2026,3
Product 6256,3/17/2026,2
Product 244,3/17/2026,2
Product 3124,3/17/2026,3
Product 4483,3/17/2026,1
Product 4966,3/17/2026,2
Product 4485,3/17/2026,1
Product 1666,3/17/2026,1
Product 6257,3/17/2026,2
Product 5485,3/17/2026,2
Product 531,3/17/2026,1
Product 5513,3/17/2026,1
Product 65,3/17/2026,2
Product 441,3/17/2026,1
Product 313,3/17/2026,1
Product 14,3/17/2026,1
Product 1,3/17/2026,2
Product 3094,3/17/2026,1
Product 2263,3/17/2026,1
Product 2082,3/17/2026,1
Product 4090,3/17/2026,1
Product 250,3/17/2026,1
Product 3798,3/17/2026,2
Product 4824,3/17/2026,1
Product 4809,3/17/2026,1
Product 1054,3/17/2026,1
Product 5483,3/17/2026,1
Product 551,3/17/2026,4
Product 329,3/17/2026,1
Product 3381,3/17/2026,1
Product 3909,3/17/2026,0
Product 4094,3/17/2026,1
Product 246,3/17/2026,2
Product 476,3/17/2026,1
Product 2615,3/17/2026,1
Product 853,3/17/2026,1
Product 6258,3/17/2026,1
Product 3663,3/17/2026,1
Product 352,3/17/2026,1
Product 1350,3/17/2026,1
Product 3755,3/17/2026,1
Product 875,3/17/2026,1
Product 4206,3/17/2026,1
Product 6259,3/17/2026,1
Product 6260,3/17/2026,2
Product 1332,3/17/2026,1
Product 2360,3/17/2026,1
Product 106,3/17/2026,1
Product 3569,3/17/2026,1
Product 3570,3/17/2026,1
Product 6261,3/17/2026,1
Product 2171,3/17/2026,1
Product 1254,3/17/2026,1
Product 3262,3/17/2026,1
Product 1034,3/17/2026,1
Product 6262,3/17/2026,1
Product 258,3/17/2026,5
Product 13,3/17/2026,1
Product 6263,3/17/2026,1
Product 6264,3/17/2026,1
Product 3362,3/17/2026,1
Product 3947,3/17/2026,1
Product 4677,3/17/2026,2
Product 2902,3/17/2026,1
Product 1970,3/17/2026,1
Product 3143,3/17/2026,1
Product 3711,3/17/2026,3
Product 5603,3/17/2026,1
Product 3522,3/17/2026,3
Product 6265,3/17/2026,3
Product 5027,3/17/2026,3
Product 6266,3/17/2026,3
Product 5403,3/17/2026,1
Product 1755,3/17/2026,1
Product 2642,3/17/2026,1
Product 764,3/17/2026,1
Product 1133,3/17/2026,1
Product 1244,3/17/2026,1
Product 1038,3/17/2026,1
Product 6267,3/17/2026,1
Product 2548,3/17/2026,1
Product 1840,3/17/2026,1
Product 1894,3/17/2026,1
Product 6268,3/17/2026,1
Product 1237,3/17/2026,1
Product 3811,3/17/2026,1
Product 1145,3/17/2026,2
Product 502,3/17/2026,1
Product 268,3/17/2026,1
Product 6269,3/17/2026,1
Product 2,3/17/2026,1
Product 7,3/17/2026,1
Product 2339,3/17/2026,2
Product 4763,3/17/2026,1
Product 2509,3/17/2026,2
Product 2680,3/17/2026,1
Product 2206,3/17/2026,1
Product 3220,3/17/2026,1
Product 170,3/17/2026,1
Product 717,3/17/2026,1
Product 295,3/17/2026,1
Product 1201,3/17/2026,2
Product 4229,3/17/2026,1
Product 6270,3/17/2026,1
Product 4278,3/17/2026,1
Product 524,3/17/2026,1
Product 737,3/17/2026,1
Product 741,3/17/2026,1
Product 548,3/17/2026,1
Product 6271,3/17/2026,1
Product 62,3/17/2026,1
Product 6272,3/17/2026,1
Product 246,3/17/2026,1
Product 566,3/17/2026,1
Product 2721,3/17/2026,1
Product 1650,3/17/2026,2
Product 5376,3/17/2026,1
Product 1496,3/17/2026,2
Product 1188,3/17/2026,2
Product 6273,3/17/2026,1
Product 6274,3/16/2026,4
Product 5867,3/16/2026,1
Product 696,3/16/2026,1
Product 1069,3/16/2026,1
Product 542,3/16/2026,1
Product 1681,3/16/2026,1
Product 2075,3/16/2026,1
Product 384,3/16/2026,1
Product 945,3/16/2026,2
Product 1033,3/16/2026,1
Product 1538,3/16/2026,1
Product 5894,3/16/2026,1
Product 3,3/16/2026,1
Product 5947,3/16/2026,1
Product 13,3/16/2026,2
Product 1639,3/16/2026,1
Product 1540,3/16/2026,1
Product 2148,3/16/2026,1
Product 3824,3/16/2026,1
Product 1291,3/16/2026,1
Product 44,3/16/2026,2
Product 86,3/16/2026,1
Product 3634,3/16/2026,1
Product 6275,3/16/2026,1
Product 3870,3/16/2026,1
Product 246,3/16/2026,1
Product 3412,3/16/2026,1
Product 5409,3/16/2026,2
Product 3373,3/16/2026,2
Product 254,3/16/2026,1
Product 3909,3/16/2026,1
Product 2988,3/16/2026,1
Product 3351,3/16/2026,1
Product 4820,3/16/2026,1
Product 6276,3/16/2026,2
Product 5122,3/16/2026,5
Product 33,3/16/2026,1
Product 1260,3/16/2026,1
Product 2314,3/16/2026,2
Product 6277,3/16/2026,3
Product 79,3/16/2026,2
Product 4102,3/16/2026,1
Product 5935,3/16/2026,1
Product 2296,3/16/2026,1
Product 6278,3/16/2026,1
Product 1660,3/16/2026,1
Product 250,3/16/2026,2
Product 4032,3/16/2026,1
Product 3593,3/16/2026,1
Product 2942,3/16/2026,1
Product 3917,3/16/2026,1
Product 1378,3/16/2026,1
Product 13,3/16/2026,1
Product 1842,3/16/2026,1
Product 37,3/16/2026,2
Product 6279,3/16/2026,1
Product 3547,3/16/2026,1
Product 497,3/16/2026,1
Product 1145,3/16/2026,1
Product 145,3/16/2026,1
Product 3735,3/16/2026,1
Product 1771,3/16/2026,1
Product 774,3/16/2026,2
Product 6280,3/16/2026,1
Product 956,3/16/2026,1
Product 5273,3/16/2026,1
Product 1893,3/16/2026,1
Product 7,3/16/2026,1
Product 1354,3/16/2026,1
Product 128,3/16/2026,1
Product 3728,3/16/2026,1
Product 1423,3/16/2026,1
Product 6281,3/16/2026,1
Product 6282,3/16/2026,1
Product 2178,3/16/2026,1
Product 394,3/16/2026,1
Product 488,3/16/2026,1
Product 2888,3/16/2026,1
Product 821,3/16/2026,1
Product 399,3/16/2026,1
Product 1359,3/16/2026,1
Product 3917,3/16/2026,1
Product 5143,3/16/2026,1
Product 665,3/16/2026,1
Product 3798,3/16/2026,1
Product 6283,3/16/2026,1
Product 6284,3/16/2026,1
Product 13,3/16/2026,2
Product 6285,3/16/2026,1
Product 967,3/16/2026,1
Product 249,3/16/2026,2
Product 6286,3/16/2026,1
Product 3382,3/16/2026,1
Product 752,3/16/2026,1
Product 1307,3/16/2026,1
Product 724,3/16/2026,1
Product 32,3/16/2026,1
Product 5479,3/16/2026,1
Product 6287,3/16/2026,1
Product 5500,3/16/2026,1
Product 3634,3/16/2026,1
Product 696,3/16/2026,1
Product 1524,3/16/2026,1
Product 4191,3/16/2026,1
Product 3105,3/16/2026,1
Product 952,3/16/2026,1
Product 6288,3/16/2026,1
Product 2847,3/16/2026,1
Product 2627,3/16/2026,1
Product 4306,3/16/2026,1
Product 6289,3/16/2026,1
Product 4499,3/16/2026,2
Product 1141,3/16/2026,2
Product 5617,3/16/2026,1
Product 3039,3/16/2026,1
Product 2145,3/16/2026,1
Product 6290,3/16/2026,1
Product 4917,3/16/2026,1
Product 2087,3/16/2026,1
Product 13,3/16/2026,2
Product 1583,3/16/2026,1
Product 4602,3/16/2026,1
Product 2749,3/16/2026,1
Product 3780,3/16/2026,1
Product 1216,3/16/2026,1
Product 3360,3/16/2026,1
Product 4679,3/16/2026,1
Product 3949,3/16/2026,1
Product 87,3/16/2026,1
Product 5176,3/16/2026,1
Product 6291,3/16/2026,1
Product 6292,3/16/2026,2
Product 6293,3/16/2026,1
Product 3332,3/16/2026,2
Product 3547,3/16/2026,1
Product 3921,3/16/2026,1
Product 3129,3/16/2026,2
Product 5937,3/16/2026,1
Product 6294,3/16/2026,1
Product 6295,3/16/2026,1
Product 6296,3/16/2026,1
Product 3328,3/16/2026,1
Product 3634,3/16/2026,1
Product 5565,3/16/2026,2
Product 3248,3/16/2026,1
Product 1195,3/16/2026,2
Product 519,3/16/2026,1
Product 6009,3/16/2026,1
Product 6297,3/16/2026,1
Product 6298,3/16/2026,1
Product 5785,3/16/2026,1
Product 4007,3/16/2026,1
Product 3194,3/16/2026,1
Product 3972,3/16/2026,1
Product 295,3/16/2026,1
Product 1979,3/16/2026,1
Product 469,3/16/2026,1
Product 79,3/16/2026,1
Product 696,3/16/2026,1
Product 4094,3/16/2026,1
Product 630,3/16/2026,1
Product 6299,3/16/2026,2
Product 6300,3/16/2026,1
Product 2168,3/16/2026,1
Product 1981,3/16/2026,2
Product 3824,3/16/2026,2
Product 131,3/16/2026,1
Product 398,3/16/2026,1
Product 399,3/16/2026,1
Product 1666,3/16/2026,1
Product 3917,3/16/2026,1
Product 1952,3/16/2026,1
Product 3890,3/16/2026,1
Product 1956,3/16/2026,3
Product 1361,3/16/2026,2
Product 934,3/16/2026,1
Product 147,3/16/2026,2
Product 1378,3/16/2026,1
Product 991,3/16/2026,1
Product 1582,3/16/2026,3
Product 3448,3/16/2026,1
Product 1003,3/16/2026,1
Product 5653,3/16/2026,1
Product 3547,3/16/2026,2
Product 6301,3/16/2026,2
Product 3140,3/16/2026,1
Product 3188,3/16/2026,1
Product 6302,3/16/2026,1
Product 37,3/16/2026,2
Product 3983,3/16/2026,1
Product 707,3/16/2026,1
Product 1708,3/16/2026,2
Product 3262,3/16/2026,1
Product 4032,3/16/2026,1
Product 4313,3/16/2026,1
Product 6303,3/16/2026,1
Product 1107,3/16/2026,1
Product 6304,3/16/2026,1
Product 1109,3/16/2026,1
Product 1627,3/16/2026,1
Product 6305,3/16/2026,1
Product 3372,3/16/2026,1
Product 5465,3/16/2026,2
Product 1001,3/16/2026,1
Product 1717,3/16/2026,2
Product 2750,3/16/2026,3
Product 1372,3/16/2026,2
Product 2109,3/16/2026,2
Product 1000,3/16/2026,2
Product 6103,3/16/2026,1
Product 5073,3/16/2026,1
Product 3234,3/16/2026,1
Product 1820,3/16/2026,1
Product 2425,3/16/2026,1
Product 280,3/16/2026,1
Product 3408,3/16/2026,1
Product 6306,3/16/2026,1
Product 4876,3/16/2026,1
Product 6307,3/16/2026,1
Product 5966,3/16/2026,1
Product 58,3/16/2026,1
Product 1179,3/16/2026,1
Product 618,3/16/2026,1
Product 502,3/16/2026,1
Product 4834,3/16/2026,1
Product 4140,3/16/2026,1
Product 6308,3/16/2026,1
Product 13,3/16/2026,1
Product 727,3/16/2026,1
Product 877,3/16/2026,2
Product 6309,3/16/2026,1
Product 664,3/16/2026,1
Product 4545,3/16/2026,1
Product 6310,3/16/2026,1
Product 4611,3/16/2026,1
Product 6311,3/16/2026,1
Product 304,3/16/2026,2
Product 6019,3/16/2026,1
Product 4833,3/16/2026,4
Product 3775,3/16/2026,1
Product 1747,3/16/2026,1
Product 3459,3/16/2026,1
Product 66,3/16/2026,1
Product 260,3/16/2026,1
Product 6312,3/16/2026,1
Product 330,3/16/2026,1
Product 4236,3/16/2026,3
Product 6313,3/16/2026,1
Product 2287,3/16/2026,1
Product 6314,3/16/2026,5
Product 918,3/16/2026,5
Product 7,3/16/2026,1
Product 2439,3/16/2026,1
Product 6315,3/16/2026,1
Product 6316,3/16/2026,2
Product 4818,3/16/2026,2
Product 6317,3/16/2026,2
Product 2945,3/16/2026,1
Product 3446,3/16/2026,1
Product 246,3/16/2026,2
Product 2840,3/16/2026,1
Product 1761,3/16/2026,1
Product 3708,3/16/2026,1
Product 4165,3/16/2026,1
Product 4022,3/16/2026,1
Product 6318,3/16/2026,1
Product 6319,3/16/2026,1
Product 3547,3/16/2026,2
Product 5523,3/16/2026,1
Product 1235,3/16/2026,1
Product 5276,3/16/2026,1
Product 3586,3/16/2026,1
Product 6320,3/16/2026,2
Product 62,3/16/2026,2
Product 250,3/16/2026,1
Product 5551,3/16/2026,1
Product 3224,3/16/2026,1
Product 6321,3/16/2026,1
Product 452,3/16/2026,1
Product 2920,3/16/2026,1
Product 2669,3/16/2026,1
Product 65,3/16/2026,1
Product 802,3/16/2026,1
Product 222,3/16/2026,1
Product 4877,3/16/2026,1
Product 6322,3/16/2026,1
Product 6323,3/16/2026,3
Product 5617,3/16/2026,2
Product 13,3/16/2026,1
Product 6324,3/16/2026,2
Product 1474,3/16/2026,3
Product 6325,3/16/2026,1
Product 4908,3/16/2026,2
Product 3629,3/16/2026,1
Product 6326,3/16/2026,1
Product 6327,3/16/2026,2
Product 79,3/15/2026,1
Product 4776,3/15/2026,1
Product 6328,3/15/2026,1
Product 94,3/15/2026,1
Product 5846,3/15/2026,6
Product 37,3/15/2026,2
Product 3856,3/15/2026,1
Product 5982,3/15/2026,0
Product 3522,3/15/2026,1
Product 3717,3/15/2026,1
Product 6265,3/15/2026,1
Product 5027,3/15/2026,1
Product 1755,3/15/2026,1
Product 3124,3/15/2026,1
Product 3855,3/15/2026,1
Product 2400,3/15/2026,1
Product 1179,3/15/2026,1
Product 6329,3/15/2026,1
Product 6330,3/15/2026,1
Product 913,3/15/2026,1
Product 2317,3/15/2026,1
Product 816,3/15/2026,1
Product 360,3/15/2026,1
Product 2285,3/15/2026,1
Product 3273,3/15/2026,1
Product 696,3/15/2026,1
Product 1146,3/15/2026,1
Product 5204,3/15/2026,1
Product 6331,3/15/2026,1
Product 153,3/15/2026,1
Product 3634,3/15/2026,1
Product 2139,3/15/2026,1
Product 782,3/15/2026,7
Product 3063,3/15/2026,1
Product 4936,3/15/2026,1
Product 1739,3/15/2026,1
Product 1101,3/15/2026,2
Product 710,3/15/2026,1
Product 1819,3/15/2026,1
Product 3952,3/15/2026,1
Product 2079,3/15/2026,1
Product 4373,3/15/2026,1
Product 2541,3/15/2026,1
Product 6332,3/15/2026,1
Product 3392,3/15/2026,1
Product 3112,3/15/2026,1
Product 6333,3/15/2026,1
Product 3547,3/15/2026,3
Product 5120,3/15/2026,1
Product 1326,3/15/2026,1
Product 1424,3/15/2026,1
Product 488,3/15/2026,1
Product 6023,3/15/2026,1
Product 3255,3/15/2026,1
Product 69,3/15/2026,1
Product 926,3/15/2026,1
Product 4860,3/15/2026,1
Product 246,3/15/2026,1
Product 3740,3/15/2026,1
Product 1131,3/15/2026,1
Product 3346,3/15/2026,2
Product 740,3/15/2026,2
Product 2989,3/15/2026,1
Product 1261,3/15/2026,2
Product 6334,3/15/2026,1
Product 6231,3/15/2026,1
Product 159,3/15/2026,1
Product 6335,3/15/2026,1
Product 6336,3/15/2026,2
Product 5037,3/15/2026,1
Product 3640,3/15/2026,1
Product 782,3/15/2026,1
Product 2910,3/15/2026,1
Product 648,3/15/2026,1
Product 6337,3/15/2026,1
Product 6338,3/15/2026,1
Product 37,3/15/2026,3
Product 5253,3/15/2026,1
Product 2067,3/15/2026,1
Product 6339,3/15/2026,1
Product 5619,3/15/2026,1
Product 1866,3/15/2026,1
Product 2756,3/15/2026,2
Product 5034,3/15/2026,3
Product 2414,3/15/2026,1
Product 4231,3/15/2026,1
Product 79,3/15/2026,5
Product 2401,3/15/2026,8
Product 6340,3/15/2026,1
Product 4378,3/15/2026,1
Product 6341,3/15/2026,3
Product 6342,3/15/2026,1
Product 6343,3/15/2026,1
Product 4685,3/15/2026,2
Product 1044,3/15/2026,1
Product 6344,3/15/2026,1
Product 345,3/15/2026,2
Product 5649,3/15/2026,4
Product 178,3/15/2026,4
Product 2340,3/15/2026,6
Product 3770,3/15/2026,2
Product 6345,3/15/2026,1
Product 24,3/15/2026,1
Product 1035,3/15/2026,2
Product 3547,3/15/2026,1
Product 3276,3/15/2026,1
Product 274,3/15/2026,1
Product 2207,3/15/2026,1
Product 581,3/15/2026,2
Product 1508,3/15/2026,1
Product 712,3/15/2026,1
Product 20,3/15/2026,1
Product 1710,3/15/2026,1
Product 11,3/15/2026,1
Product 6346,3/15/2026,1
Product 987,3/15/2026,1
Product 4585,3/15/2026,1
Product 6347,3/15/2026,5
Product 611,3/15/2026,1
Product 1662,3/15/2026,1
Product 924,3/15/2026,2
Product 1954,3/15/2026,2
Product 1905,3/15/2026,1
Product 938,3/15/2026,2
Product 97,3/15/2026,1
Product 3735,3/15/2026,1
Product 2519,3/15/2026,1
Product 4850,3/15/2026,1
Product 2351,3/15/2026,1
Product 2214,3/15/2026,2
Product 806,3/15/2026,1
Product 397,3/15/2026,1
Product 3775,3/15/2026,4
Product 326,3/15/2026,1
Product 5998,3/15/2026,1
Product 3328,3/15/2026,1
Product 5337,3/15/2026,1
Product 4293,3/15/2026,1
Product 4222,3/15/2026,1
Product 4334,3/15/2026,1
Product 754,3/15/2026,1
Product 162,3/15/2026,1
Product 3,3/15/2026,1
Product 1840,3/15/2026,1
Product 6283,3/15/2026,1
Product 3441,3/15/2026,1
Product 6348,3/15/2026,1
Product 930,3/15/2026,1
Product 6349,3/15/2026,1
Product 4315,3/15/2026,1
Product 140,3/15/2026,1
Product 931,3/15/2026,1
Product 2730,3/15/2026,1
Product 5937,3/15/2026,1
Product 1822,3/15/2026,1
Product 6350,3/15/2026,1
Product 688,3/15/2026,1
Product 4426,3/15/2026,1
Product 3303,3/15/2026,3
Product 3647,3/15/2026,1
Product 995,3/15/2026,1
Product 399,3/15/2026,1
Product 2590,3/15/2026,1
Product 488,3/15/2026,1
Product 1244,3/15/2026,2
Product 1554,3/15/2026,1
Product 494,3/15/2026,1
Product 1176,3/15/2026,1
Product 4434,3/15/2026,1
Product 717,3/15/2026,1
Product 583,3/15/2026,1
Product 6351,3/15/2026,1
Product 922,3/15/2026,1
Product 1986,3/15/2026,1
Product 4599,3/15/2026,1
Product 2177,3/15/2026,1
Product 134,3/15/2026,1
Product 1001,3/15/2026,1
Product 341,3/15/2026,1
Product 4250,3/15/2026,1
Product 1378,3/15/2026,1
Product 942,3/15/2026,1
Product 246,3/15/2026,2
Product 3634,3/15/2026,2
Product 493,3/15/2026,1
Product 3046,3/15/2026,1
Product 2673,3/15/2026,1
Product 6352,3/15/2026,1
Product 1624,3/15/2026,2
Product 3547,3/15/2026,3
Product 696,3/15/2026,7
Product 3224,3/15/2026,1
Product 1289,3/15/2026,1
Product 865,3/15/2026,2
Product 1584,3/15/2026,1
Product 495,3/15/2026,2
Product 3867,3/15/2026,1
Product 1055,3/15/2026,1
Product 6353,3/15/2026,1
Product 2178,3/15/2026,1
Product 394,3/15/2026,2
Product 966,3/15/2026,2
Product 5571,3/15/2026,1
Product 3242,3/15/2026,1
Product 2439,3/15/2026,1
Product 356,3/15/2026,1
Product 5582,3/15/2026,1
Product 2070,3/15/2026,1
Product 2855,3/15/2026,3
Product 1591,3/15/2026,1
Product 3775,3/15/2026,1
Product 364,3/15/2026,1
Product 2264,3/15/2026,1
Product 329,3/15/2026,1
Product 2725,3/15/2026,1
Product 3722,3/15/2026,1
Product 126,3/15/2026,1
Product 5125,3/15/2026,1
Product 345,3/15/2026,2
Product 79,3/15/2026,1
Product 3461,3/15/2026,1
Product 260,3/15/2026,1
Product 2065,3/15/2026,2
Product 815,3/15/2026,1
Product 3061,3/15/2026,1
Product 1311,3/15/2026,2
Product 3457,3/15/2026,2
Product 166,3/15/2026,1
Product 3437,3/15/2026,2
Product 2277,3/15/2026,2
Product 6354,3/15/2026,2
Product 3029,3/15/2026,1
Product 5528,3/15/2026,1
Product 6191,3/15/2026,1
Product 2039,3/15/2026,1
Product 795,3/15/2026,1
Product 1734,3/15/2026,1
Product 1932,3/15/2026,1
Product 12,3/15/2026,2
Product 365,3/15/2026,1
Product 1325,3/15/2026,1
Product 1328,3/15/2026,1
Product 2056,3/15/2026,1
Product 4,3/15/2026,1
Product 1404,3/15/2026,1
Product 7,3/15/2026,5
Product 603,3/15/2026,1
Product 4340,3/15/2026,1
Product 2881,3/15/2026,1
Product 1017,3/15/2026,1
Product 3373,3/15/2026,1
Product 1665,3/15/2026,1
Product 5307,3/15/2026,1
Product 730,3/15/2026,1
Product 2133,3/15/2026,1
Product 6355,3/15/2026,1
Product 6356,3/15/2026,1
Product 814,3/15/2026,1
Product 815,3/15/2026,1
Product 3640,3/15/2026,1
Product 1764,3/15/2026,1
Product 5363,3/15/2026,1
Product 6357,3/15/2026,2
Product 2607,3/15/2026,1
Product 5012,3/15/2026,2
Product 1848,3/15/2026,2
Product 1187,3/15/2026,1
Product 2953,3/15/2026,1
Product 5529,3/15/2026,1
Product 1378,3/15/2026,1
Product 1582,3/15/2026,1
Product 79,3/15/2026,3
Product 269,3/15/2026,2
Product 528,3/15/2026,1
Product 238,3/15/2026,2
Product 5890,3/15/2026,1
Product 3927,3/15/2026,1
Product 538,3/15/2026,1
Product 4715,3/15/2026,1
Product 4644,3/15/2026,3
Product 3124,3/15/2026,2
Product 3,3/15/2026,2
Product 1591,3/15/2026,1
Product 118,3/15/2026,1
Product 5837,3/15/2026,1
Product 246,3/15/2026,1
Product 5297,3/15/2026,1
Product 3734,3/15/2026,1
Product 232,3/15/2026,1
Product 3815,3/15/2026,1
Product 6358,3/15/2026,2
Product 6359,3/15/2026,1
Product 5783,3/15/2026,1
Product 4025,3/15/2026,2
Product 144,3/15/2026,2
Product 3722,3/15/2026,1
Product 6360,3/15/2026,1
Product 4781,3/15/2026,4
Product 1926,3/15/2026,1
Product 2146,3/15/2026,1
Product 548,3/15/2026,1
Product 918,3/15/2026,1
Product 6361,3/15/2026,1
Product 1305,3/15/2026,1
Product 6278,3/15/2026,1
Product 2960,3/15/2026,0
Product 634,3/15/2026,1
Product 3675,3/15/2026,1
Product 737,3/15/2026,1
Product 5003,3/15/2026,1
Product 2659,3/15/2026,1
Product 3442,3/15/2026,1
Product 439,3/15/2026,3
Product 1994,3/15/2026,1
Product 397,3/15/2026,1
Product 614,3/15/2026,1
Product 97,3/15/2026,1
Product 37,3/15/2026,2
Product 509,3/15/2026,1
Product 866,3/15/2026,2
Product 3437,3/15/2026,1
Product 1333,3/15/2026,1
Product 3888,3/15/2026,2
Product 1228,3/15/2026,2
Product 3330,3/15/2026,2
Product 335,3/15/2026,1
Product 695,3/15/2026,1
Product 3547,3/15/2026,1
Product 6362,3/15/2026,1
Product 4531,3/15/2026,1
Product 4191,3/15/2026,1
Product 5672,3/15/2026,1
Product 4716,3/15/2026,1
Product 394,3/15/2026,1
Product 966,3/15/2026,1
Product 2487,3/15/2026,1
Product 1937,3/15/2026,1
Product 2686,3/15/2026,1
Product 696,3/15/2026,1
Product 13,3/15/2026,1
Product 1816,3/15/2026,1
Product 495,3/15/2026,1
Product 2590,3/15/2026,1
Product 4951,3/15/2026,1
Product 1150,3/15/2026,1
Product 1235,3/15/2026,1
Product 696,3/15/2026,3
Product 5157,3/15/2026,1
Product 5068,3/15/2026,1
Product 5070,3/15/2026,1
Product 1867,3/15/2026,1
Product 2262,3/15/2026,1
Product 6363,3/15/2026,1
Product 37,3/15/2026,7
Product 3124,3/15/2026,2
Product 440,3/15/2026,1
Product 5645,3/15/2026,2
Product 4087,3/15/2026,1
Product 2976,3/15/2026,1
Product 36,3/15/2026,1
Product 1928,3/15/2026,2
Product 1752,3/15/2026,1
Product 10,3/15/2026,1
Product 1141,3/15/2026,1
Product 6364,3/15/2026,1
Product 3606,3/15/2026,1
Product 6365,3/15/2026,1
Product 6366,3/15/2026,2
Product 3346,3/15/2026,1
Product 278,3/15/2026,1
Product 548,3/15/2026,1
Product 2941,3/15/2026,1
Product 398,3/15/2026,1
Product 2897,3/15/2026,1
Product 2898,3/15/2026,1
Product 372,3/15/2026,1
Product 1319,3/15/2026,1
Product 2928,3/15/2026,1
Product 5821,3/15/2026,1
Product 6367,3/15/2026,2
Product 79,3/15/2026,7
Product 4808,3/15/2026,1
Product 277,3/15/2026,2
Product 2121,3/15/2026,1
Product 6368,3/15/2026,2
Product 5785,3/15/2026,1
Product 6369,3/15/2026,1
Product 6370,3/15/2026,1
Product 4581,3/15/2026,1
Product 2386,3/15/2026,1
Product 6371,3/15/2026,1
Product 3094,3/15/2026,1
Product 2272,3/15/2026,1
Product 1049,3/15/2026,1
Product 2991,3/15/2026,1
Product 2730,3/15/2026,1
Product 1236,3/15/2026,1
Product 648,3/15/2026,1
Product 789,3/15/2026,1
Product 1144,3/15/2026,4
Product 1894,3/15/2026,1
Product 38,3/15/2026,1
Product 39,3/15/2026,1
Product 6372,3/15/2026,2
Product 5479,3/15/2026,2
Product 2178,3/15/2026,1
Product 392,3/15/2026,1
Product 2333,3/15/2026,1
Product 2217,3/15/2026,1
Product 2439,3/15/2026,1
Product 6373,3/15/2026,1
Product 45,3/15/2026,1
Product 365,3/15/2026,1
Product 6374,3/15/2026,1
Product 1442,3/15/2026,1
Product 6375,3/15/2026,1
Product 5295,3/15/2026,4
Product 2315,3/15/2026,1
Product 399,3/15/2026,1
Product 6376,3/15/2026,1
Product 1034,3/15/2026,1
Product 6377,3/15/2026,1
Product 3097,3/15/2026,1
Product 320,3/15/2026,1
Product 2397,3/15/2026,1
Product 5154,3/15/2026,1
Product 6378,3/15/2026,1
Product 2280,3/15/2026,1
Product 1240,3/15/2026,1
Product 6238,3/15/2026,1
Product 6379,3/15/2026,1
Product 6264,3/15/2026,1
Product 334,3/15/2026,1
Product 3844,3/15/2026,1
Product 3382,3/15/2026,1
Product 2523,3/15/2026,2
Product 4522,3/15/2026,1
Product 3640,3/15/2026,1
Product 4711,3/15/2026,1
Product 5465,3/15/2026,1
Product 1666,3/15/2026,1
Product 1715,3/15/2026,2
Product 4770,3/15/2026,1
Product 6380,3/15/2026,1
Product 974,3/15/2026,1
Product 2551,3/15/2026,2
Product 3547,3/15/2026,2
Product 6381,3/15/2026,1
Product 768,3/15/2026,1
Product 2685,3/15/2026,1
Product 2694,3/15/2026,1
Product 5930,3/15/2026,2
Product 5763,3/15/2026,1
Product 377,3/15/2026,1
Product 1104,3/15/2026,1
Product 1662,3/15/2026,1
Product 6382,3/15/2026,1
Product 2176,3/15/2026,1
Product 1324,3/15/2026,1
Product 2731,3/15/2026,1
Product 2087,3/15/2026,1
Product 1538,3/15/2026,1
Product 6383,3/15/2026,2
Product 2003,3/15/2026,1
Product 133,3/15/2026,1
Product 6384,3/15/2026,1
Product 707,3/15/2026,2
Product 6385,3/15/2026,1
Product 326,3/15/2026,3
Product 1006,3/15/2026,1
Product 3782,3/15/2026,1
Product 3851,3/15/2026,2
Product 419,3/15/2026,1
Product 1712,3/15/2026,1
Product 744,3/15/2026,1
Product 2340,3/15/2026,2
Product 2249,3/15/2026,1
Product 364,3/15/2026,1
Product 1905,3/15/2026,1
Product 1361,3/15/2026,1
Product 897,3/15/2026,1
Product 1792,3/15/2026,1
Product 1969,3/15/2026,2
Product 6386,3/15/2026,1
Product 5962,3/15/2026,1
Product 6322,3/15/2026,1
Product 4459,3/15/2026,1
Product 246,3/15/2026,1
Product 244,3/15/2026,3
Product 1780,3/15/2026,1
Product 1850,3/15/2026,1
Product 2107,3/15/2026,1
Product 2923,3/15/2026,3
Product 2279,3/15/2026,1
Product 4268,3/15/2026,1
Product 5405,3/15/2026,1
Product 3224,3/15/2026,2
Product 6246,3/15/2026,2
Product 6387,3/15/2026,1
Product 2663,3/15/2026,2
Product 6388,3/15/2026,1
Product 644,3/15/2026,1
Product 4498,3/15/2026,2
Product 217,3/15/2026,1
Product 2822,3/15/2026,1
Product 713,3/15/2026,1
Product 1170,3/15/2026,1
Product 5081,3/15/2026,1
Product 3529,3/15/2026,1
Product 1439,3/15/2026,1
Product 737,3/15/2026,1
Product 3262,3/15/2026,4
Product 2145,3/15/2026,2
Product 689,3/15/2026,4
Product 3039,3/15/2026,1
Product 1563,3/15/2026,1
Product 2891,3/15/2026,2
Product 2269,3/15/2026,1
Product 1241,3/15/2026,1
Product 35,3/15/2026,2
Product 5466,3/15/2026,2
Product 3663,3/15/2026,1
Product 785,3/15/2026,1
Product 5531,3/15/2026,1
Product 288,3/15/2026,1
Product 227,3/15/2026,2
Product 482,3/15/2026,1
Product 1601,3/15/2026,1
Product 1339,3/15/2026,1
Product 3650,3/15/2026,1
Product 2850,3/15/2026,1
Product 1838,3/15/2026,2
Product 1839,3/15/2026,1
Product 171,3/15/2026,1
Product 4086,3/15/2026,1
Product 3780,3/15/2026,1
Product 6389,3/15/2026,1
Product 3721,3/15/2026,1
Product 6390,3/15/2026,4
Product 1417,3/15/2026,1
Product 6391,3/15/2026,1
Product 3634,3/15/2026,1
Product 4417,3/15/2026,1
Product 1530,3/15/2026,1
Product 4856,3/15/2026,1
Product 3045,3/15/2026,2
Product 681,3/15/2026,1
Product 1176,3/15/2026,1
Product 1834,3/15/2026,1
Product 1038,3/15/2026,1
Product 1310,3/15/2026,1
Product 2355,3/15/2026,1
Product 2141,3/15/2026,1
Product 1541,3/15/2026,1
Product 313,3/15/2026,1
Product 11,3/15/2026,1
Product 1621,3/15/2026,1
Product 3938,3/15/2026,1
Product 1937,3/15/2026,1
Product 7,3/15/2026,1
Product 144,3/15/2026,1
Product 1345,3/15/2026,1
Product 6392,3/15/2026,1
Product 6393,3/15/2026,1
Product 808,3/15/2026,1
Product 2948,3/15/2026,1
Product 6394,3/15/2026,1
Product 6395,3/15/2026,1
Product 2200,3/15/2026,1
Product 639,3/15/2026,1
Product 1046,3/15/2026,1
Product 3985,3/15/2026,1
Product 3905,3/15/2026,1
Product 3608,3/15/2026,1
Product 1907,3/15/2026,1
Product 5075,3/15/2026,3
Product 364,3/15/2026,1
Product 1615,3/15/2026,1
Product 6396,3/15/2026,1
Product 3124,3/15/2026,2
Product 4414,3/15/2026,2
Product 801,3/15/2026,1
Product 2279,3/15/2026,1
Product 1095,3/15/2026,2
Product 6397,3/15/2026,1
Product 246,3/15/2026,4
Product 6398,3/15/2026,1
Product 4531,3/15/2026,1
Product 397,3/15/2026,1
Product 69,3/15/2026,1
Product 2952,3/15/2026,2
Product 1377,3/15/2026,1
Product 146,3/15/2026,1
Product 1339,3/15/2026,1
Product 1127,3/15/2026,1
Product 2715,3/15/2026,1
Product 6399,3/15/2026,1
Product 13,3/15/2026,1
Product 2861,3/15/2026,1
Product 1403,3/15/2026,1
Product 79,3/15/2026,1
Product 3449,3/15/2026,1
Product 6116,3/15/2026,1
Product 1572,3/15/2026,1
Product 745,3/15/2026,1
Product 1658,3/15/2026,1
Product 2874,3/15/2026,1
Product 6400,3/15/2026,2
Product 3459,3/15/2026,2
Product 2617,3/15/2026,1
Product 744,3/15/2026,1
Product 3251,3/15/2026,1
Product 983,3/15/2026,1
Product 301,3/15/2026,1
Product 6401,3/15/2026,1
Product 190,3/15/2026,1
Product 542,3/15/2026,1
Product 1935,3/15/2026,1
Product 933,3/15/2026,1
Product 2749,3/15/2026,1
Product 1004,3/15/2026,2
Product 6295,3/15/2026,1
Product 1238,3/15/2026,1
Product 488,3/15/2026,1
Product 5591,3/15/2026,1
Product 4085,3/15/2026,1
Product 4820,3/15/2026,1
Product 5656,3/15/2026,1
Product 6402,3/15/2026,1
Product 3035,3/15/2026,1
Product 3640,3/15/2026,1
Product 3634,3/15/2026,3
Product 3224,3/15/2026,4
Product 2264,3/15/2026,1
Product 785,3/15/2026,1
Product 6403,3/15/2026,1
Product 3540,3/15/2026,1
Product 85,3/15/2026,1
Product 398,3/15/2026,1
Product 6404,3/15/2026,1
Product 6405,3/15/2026,1
Product 696,3/15/2026,1
Product 3911,3/15/2026,1
Product 6349,3/15/2026,1
Product 140,3/15/2026,1
Product 3328,3/15/2026,2
Product 4075,3/15/2026,2
Product 2909,3/15/2026,1
Product 3155,3/15/2026,1
Product 6406,3/15/2026,1
Product 2860,3/15/2026,1
Product 1589,3/15/2026,2
Product 6407,3/15/2026,2
Product 1500,3/15/2026,1
Product 413,3/15/2026,1
Product 43,3/15/2026,1
Product 6408,3/15/2026,1
Product 5372,3/15/2026,2
Product 6409,3/15/2026,1
Product 6389,3/15/2026,1
Product 4131,3/15/2026,1
Product 5492,3/15/2026,1
Product 519,3/15/2026,2
Product 1628,3/15/2026,1
Product 897,3/15/2026,3
Product 2154,3/15/2026,3
Product 3883,3/15/2026,1
Product 6410,3/15/2026,1
Product 4723,3/15/2026,1
Product 6411,3/15/2026,1
Product 2386,3/15/2026,1
Product 6412,3/15/2026,1
Product 308,3/15/2026,1
Product 4856,3/15/2026,1
Product 1235,3/15/2026,1
Product 6413,3/15/2026,2
Product 4354,3/15/2026,1
Product 4693,3/15/2026,1
Product 1236,3/15/2026,3
Product 12,3/15/2026,3
Product 1678,3/15/2026,3
Product 2954,3/15/2026,1
Product 2109,3/15/2026,1
Product 940,3/15/2026,1
Product 147,3/15/2026,1
Product 1718,3/15/2026,1
Product 1378,3/15/2026,1
Product 97,3/15/2026,1
Product 6414,3/15/2026,1
Product 1574,3/15/2026,1
Product 6415,3/15/2026,1
Product 4694,3/15/2026,2
Product 795,3/15/2026,1
Product 2014,3/15/2026,1
Product 316,3/15/2026,1
Product 1342,3/15/2026,1
Product 6416,3/15/2026,1
Product 5069,3/15/2026,1
Product 5070,3/15/2026,1
Product 1867,3/15/2026,1
Product 6417,3/15/2026,1
Product 4106,3/15/2026,1
Product 6418,3/15/2026,1
Product 326,3/15/2026,1
Product 7,3/15/2026,2
Product 329,3/15/2026,1
Product 6419,3/15/2026,2
Product 1083,3/15/2026,1
Product 573,3/15/2026,1
Product 564,3/15/2026,1
Product 1831,3/15/2026,1
Product 2638,3/15/2026,1
Product 5764,3/15/2026,1
Product 2044,3/15/2026,1
Product 829,3/15/2026,1
Product 1832,3/15/2026,1
Product 1707,3/15/2026,1
Product 2095,3/15/2026,1
Product 548,3/15/2026,1
Product 934,3/15/2026,1
Product 6320,3/15/2026,1
Product 126,3/15/2026,1
Product 2263,3/15/2026,1
Product 239,3/15/2026,1
Product 135,3/15/2026,2
Product 724,3/15/2026,1
Product 6420,3/15/2026,1
Product 227,3/15/2026,1
Product 6188,3/15/2026,1
Product 6421,3/15/2026,1
Product 2067,3/15/2026,1
Product 713,3/15/2026,1
Product 1457,3/15/2026,2
Product 6422,3/15/2026,1
Product 2581,3/15/2026,1
Product 1334,3/15/2026,1
Product 568,3/15/2026,1
Product 918,3/15/2026,1
Product 6423,3/15/2026,1
Product 3268,3/15/2026,1
Product 3342,3/15/2026,1
Product 294,3/15/2026,1
Product 260,3/15/2026,1
Product 6312,3/15/2026,1
Product 1411,3/14/2026,1
Product 444,3/14/2026,1
Product 1577,3/14/2026,1
Product 5865,3/14/2026,2
Product 6424,3/14/2026,1
Product 4306,3/14/2026,1
Product 1558,3/14/2026,1
Product 5219,3/14/2026,0
Product 6425,3/14/2026,0
Product 6100,3/14/2026,0
Product 5361,3/14/2026,0
Product 3473,3/14/2026,0
Product 5508,3/14/2026,0
Product 6426,3/14/2026,0
Product 2567,3/14/2026,0
Product 6427,3/14/2026,0
Product 6428,3/14/2026,1
Product 897,3/14/2026,1
Product 4585,3/14/2026,1
Product 1925,3/14/2026,1
Product 1665,3/14/2026,1
Product 2953,3/14/2026,1
Product 2840,3/14/2026,1
Product 536,3/14/2026,1
Product 2045,3/14/2026,1
Product 4226,3/14/2026,1
Product 1841,3/14/2026,1
Product 823,3/14/2026,1
Product 13,3/14/2026,1
Product 4342,3/14/2026,1
Product 2919,3/14/2026,1
Product 2948,3/14/2026,1
Product 404,3/14/2026,3
Product 865,3/14/2026,1
Product 6429,3/14/2026,1
Product 6430,3/14/2026,1
Product 316,3/14/2026,2
Product 1214,3/14/2026,1
Product 556,3/14/2026,1
Product 5915,3/14/2026,4
Product 6431,3/14/2026,2
Product 2268,3/14/2026,1
Product 614,3/14/2026,1
Product 581,3/14/2026,1
Product 4776,3/14/2026,1
Product 79,3/14/2026,1
Product 4924,3/14/2026,1
Product 769,3/14/2026,1
Product 956,3/14/2026,1
Product 2636,3/14/2026,1
Product 4471,3/14/2026,1
Product 6432,3/14/2026,2
Product 144,3/14/2026,1
Product 774,3/14/2026,1
Product 555,3/14/2026,1
Product 785,3/14/2026,1
Product 3907,3/14/2026,1
Product 2169,3/14/2026,1
Product 4589,3/14/2026,1
Product 79,3/14/2026,2
Product 1228,3/14/2026,1
Product 6433,3/14/2026,1
Product 2285,3/14/2026,1
Product 6434,3/14/2026,1
Product 4188,3/14/2026,1
Product 457,3/14/2026,1
Product 1538,3/14/2026,1
Product 3085,3/14/2026,1
Product 3430,3/14/2026,1
Product 1258,3/14/2026,1
Product 3328,3/14/2026,1
Product 1481,3/14/2026,2
Product 1420,3/14/2026,1
Product 5332,3/14/2026,1
Product 6435,3/14/2026,1
Product 2378,3/14/2026,1
Product 2626,3/14/2026,1
Product 1553,3/14/2026,1
Product 398,3/14/2026,2
Product 6338,3/14/2026,1
Product 2723,3/14/2026,1
Product 2084,3/14/2026,1
Product 6436,3/14/2026,1
Product 3031,3/14/2026,1
Product 3033,3/14/2026,1
Product 4401,3/14/2026,1
Product 5934,3/14/2026,1
Product 3092,3/14/2026,2
Product 7,3/14/2026,2
Product 6437,3/14/2026,1
Product 4865,3/14/2026,1
Product 5382,3/14/2026,1
Product 6438,3/14/2026,1
Product 1972,3/14/2026,1
Product 2178,3/14/2026,1
Product 394,3/14/2026,2
Product 966,3/14/2026,1
Product 1284,3/14/2026,1
Product 3782,3/14/2026,1
Product 3887,3/14/2026,1
Product 3224,3/14/2026,1
Product 3077,3/14/2026,1
Product 2837,3/14/2026,2
Product 419,3/14/2026,1
Product 1712,3/14/2026,1
Product 2078,3/14/2026,1
Product 2725,3/14/2026,1
Product 959,3/14/2026,3
Product 6160,3/14/2026,1
Product 6439,3/14/2026,1
Product 357,3/14/2026,1
Product 13,3/14/2026,1
Product 1322,3/14/2026,1
Product 1245,3/14/2026,1
Product 4499,3/14/2026,1
Product 326,3/14/2026,1
Product 1834,3/14/2026,1
Product 6440,3/14/2026,0
Product 2908,3/14/2026,1
Product 1624,3/14/2026,1
Product 246,3/14/2026,2
Product 764,3/14/2026,1
Product 1254,3/14/2026,2
Product 1155,3/14/2026,1
Product 3328,3/14/2026,3
Product 696,3/14/2026,3
Product 6441,3/14/2026,1
Product 2888,3/14/2026,1
Product 3210,3/14/2026,1
Product 3282,3/14/2026,1
Product 1135,3/14/2026,1
Product 329,3/14/2026,1
Product 2860,3/14/2026,1
Product 2257,3/14/2026,1
Product 1417,3/14/2026,1
Product 150,3/14/2026,1
Product 664,3/14/2026,1
Product 3039,3/14/2026,1
Product 5084,3/14/2026,1
Product 3002,3/14/2026,20
Product 496,3/14/2026,1
Product 6442,3/14/2026,1
Product 6443,3/14/2026,1
Product 4187,3/14/2026,1
Product 3957,3/14/2026,1
Product 982,3/14/2026,1
Product 1178,3/14/2026,1
Product 6444,3/14/2026,1
Product 5887,3/14/2026,1
Product 837,3/14/2026,1
Product 3848,3/14/2026,1
Product 5003,3/14/2026,1
Product 37,3/14/2026,1
Product 1310,3/14/2026,2
Product 6445,3/14/2026,2
Product 6446,3/14/2026,2
Product 2590,3/14/2026,2
Product 6447,3/14/2026,1
Product 6448,3/14/2026,1
Product 6420,3/14/2026,1
Product 4660,3/14/2026,1
Product 6449,3/14/2026,1
Product 6450,3/14/2026,1
Product 6156,3/14/2026,1
Product 432,3/14/2026,1
Product 79,3/14/2026,1
Product 3887,3/14/2026,1
Product 1545,3/14/2026,1
Product 3140,3/14/2026,1
Product 3188,3/14/2026,1
Product 625,3/14/2026,1
Product 6451,3/14/2026,1
Product 5189,3/14/2026,3
Product 2836,3/14/2026,1
Product 962,3/14/2026,1
Product 2627,3/14/2026,1
Product 6089,3/14/2026,1
Product 1481,3/14/2026,1
Product 4269,3/14/2026,1
Product 6452,3/14/2026,1
Product 3937,3/14/2026,1
Product 6030,3/14/2026,1
Product 782,3/14/2026,4
Product 294,3/14/2026,1
Product 308,3/14/2026,1
Product 1264,3/14/2026,1
Product 2975,3/14/2026,1
Product 13,3/14/2026,1
Product 1557,3/14/2026,1
Product 3442,3/14/2026,1
Product 37,3/14/2026,2
Product 547,3/14/2026,1
Product 1190,3/14/2026,1
Product 2993,3/14/2026,1
Product 1236,3/14/2026,1
Product 1817,3/14/2026,1
Product 144,3/14/2026,2
Product 108,3/14/2026,1
Product 979,3/14/2026,2
Product 5461,3/14/2026,2
Product 2,3/14/2026,1
Product 79,3/14/2026,7
Product 1155,3/14/2026,1
Product 6251,3/14/2026,1
Product 2519,3/14/2026,2
Product 1734,3/14/2026,1
Product 744,3/14/2026,1
Product 11,3/14/2026,1
Product 1888,3/14/2026,1
Product 876,3/14/2026,1
Product 1509,3/14/2026,4
Product 737,3/14/2026,1
Product 3885,3/14/2026,1
Product 1104,3/14/2026,1
Product 3734,3/14/2026,2
Product 4207,3/14/2026,1
Product 2518,3/14/2026,1
Product 989,3/14/2026,1
Product 400,3/14/2026,1
Product 542,3/14/2026,1
Product 746,3/14/2026,1
Product 3735,3/14/2026,1
Product 1772,3/14/2026,1
Product 1854,3/14/2026,1
Product 592,3/14/2026,1
Product 3820,3/14/2026,1
Product 3,3/14/2026,1
Product 6,3/14/2026,1
Product 1988,3/14/2026,1
Product 1989,3/14/2026,1
Product 1905,3/14/2026,1
Product 4104,3/14/2026,1
Product 6042,3/14/2026,1
Product 105,3/14/2026,1
Product 6052,3/14/2026,1
Product 556,3/14/2026,1
Product 4210,3/14/2026,1
Product 5373,3/14/2026,1
Product 1038,3/14/2026,1
Product 4252,3/14/2026,1
Product 360,3/14/2026,1
Product 648,3/14/2026,1
Product 1094,3/14/2026,1
Product 5657,3/14/2026,1
Product 5658,3/14/2026,1
Product 3721,3/14/2026,3
Product 3963,3/14/2026,1
Product 186,3/14/2026,1
Product 6453,3/14/2026,1
Product 23,3/14/2026,1
Product 300,3/14/2026,1
Product 2028,3/14/2026,1
Product 1540,3/14/2026,1
Product 314,3/14/2026,1
Product 6454,3/14/2026,1
Product 3701,3/14/2026,1
Product 3640,3/14/2026,1
Product 3547,3/14/2026,1
Product 6455,3/14/2026,1
Product 2156,3/14/2026,1
Product 2045,3/14/2026,1
Product 301,3/14/2026,1
Product 2105,3/14/2026,1
Product 748,3/14/2026,1
Product 2397,3/14/2026,1
Product 1180,3/14/2026,1
Product 4753,3/14/2026,1
Product 1411,3/14/2026,1
Product 334,3/14/2026,1
Product 7,3/14/2026,2
Product 329,3/14/2026,1
Product 556,3/14/2026,1
Product 2285,3/14/2026,1
Product 79,3/14/2026,9
Product 547,3/14/2026,1
Product 1189,3/14/2026,1
Product 538,3/14/2026,1
Product 5248,3/14/2026,1
Product 297,3/14/2026,1
Product 660,3/14/2026,1
Product 4564,3/14/2026,1
Product 3547,3/14/2026,4
Product 4098,3/14/2026,1
Product 6456,3/14/2026,1
Product 743,3/14/2026,1
Product 6457,3/14/2026,1
Product 5838,3/14/2026,1
Product 6458,3/14/2026,1
Product 268,3/14/2026,2
Product 13,3/14/2026,4
Product 2271,3/14/2026,1
Product 218,3/14/2026,1
Product 2190,3/14/2026,1
Product 1104,3/14/2026,1
Product 567,3/14/2026,1
Product 835,3/14/2026,1
Product 6459,3/14/2026,1
Product 6460,3/14/2026,1
Product 6461,3/14/2026,1
Product 3650,3/14/2026,1
Product 4786,3/14/2026,1
Product 4345,3/14/2026,1
Product 2919,3/14/2026,1
Product 6462,3/14/2026,1
Product 2655,3/14/2026,1
Product 2171,3/14/2026,2
Product 399,3/14/2026,1
Product 503,3/14/2026,2
Product 737,3/14/2026,2
Product 1228,3/14/2026,1
Product 6463,3/14/2026,1
Product 5381,3/14/2026,1
Product 5407,3/14/2026,1
Product 6058,3/14/2026,1
Product 3386,3/14/2026,1
Product 682,3/14/2026,3
Product 2425,3/14/2026,1
Product 1254,3/14/2026,1
Product 3938,3/14/2026,1
Product 927,3/14/2026,1
Product 132,3/14/2026,1
Product 931,3/14/2026,1
Product 1236,3/14/2026,1
Product 4642,3/14/2026,2
Product 2983,3/14/2026,2
Product 1609,3/14/2026,2
Product 2082,3/14/2026,1
Product 313,3/14/2026,2
Product 337,3/14/2026,1
Product 6464,3/14/2026,1
Product 466,3/14/2026,1
Product 6071,3/14/2026,1
Product 6465,3/14/2026,2
Product 6466,3/14/2026,10
Product 1484,3/14/2026,2
Product 158,3/14/2026,1
Product 3332,3/14/2026,1
Product 591,3/14/2026,1
Product 5930,3/14/2026,2
Product 5286,3/14/2026,1
Product 6467,3/14/2026,1
Product 265,3/14/2026,1
Product 5382,3/14/2026,1
Product 1920,3/14/2026,1
Product 275,3/14/2026,2
Product 6468,3/14/2026,1
Product 37,3/14/2026,7
Product 3683,3/14/2026,1
Product 1645,3/14/2026,1
Product 5442,3/14/2026,2
Product 4543,3/14/2026,2
Product 335,3/14/2026,1
Product 3124,3/14/2026,2
Product 352,3/14/2026,1
Product 4425,3/14/2026,1
Product 71,3/14/2026,2
Product 14,3/14/2026,1
Product 4071,3/14/2026,1
Product 6469,3/14/2026,1
Product 349,3/14/2026,1
Product 819,3/14/2026,1
Product 688,3/14/2026,4
Product 144,3/14/2026,1
Product 3922,3/14/2026,1
Product 640,3/14/2026,1
Product 2469,3/14/2026,1
Product 6470,3/14/2026,1
Product 4654,3/14/2026,1
Product 6471,3/14/2026,1
Product 2997,3/14/2026,1
Product 2226,3/14/2026,1
Product 5967,3/14/2026,1
Product 5781,3/14/2026,1
Product 1216,3/14/2026,2
Product 65,3/14/2026,1
Product 721,3/14/2026,1
Product 745,3/14/2026,2
Product 6472,3/14/2026,1
Product 1968,3/14/2026,2
Product 3582,3/14/2026,1
Product 398,3/14/2026,1
Product 373,3/14/2026,1
Product 610,3/14/2026,1
Product 4992,3/14/2026,1
Product 3467,3/14/2026,2
Product 6473,3/14/2026,1
Product 1681,3/14/2026,1
Product 2295,3/14/2026,1
Product 604,3/14/2026,1
Product 3313,3/14/2026,1
Product 1964,3/14/2026,1
Product 3890,3/14/2026,1
Product 133,3/14/2026,1
Product 6474,3/14/2026,1
Product 237,3/14/2026,1
Product 6032,3/14/2026,1
Product 1559,3/14/2026,1
Product 689,3/14/2026,1
Product 5565,3/14/2026,1
Product 4761,3/14/2026,1
Product 2348,3/14/2026,1
Product 4624,3/14/2026,1
Product 244,3/14/2026,3
Product 6475,3/14/2026,1
Product 6476,3/14/2026,1
Product 1766,3/14/2026,1
Product 1994,3/14/2026,1
Product 3414,3/14/2026,1
Product 3971,3/14/2026,1
Product 2070,3/14/2026,1
Product 3840,3/14/2026,1
Product 1238,3/14/2026,1
Product 5231,3/14/2026,2
Product 2959,3/14/2026,1
Product 6477,3/14/2026,2
Product 6238,3/14/2026,1
Product 6478,3/14/2026,1
Product 4966,3/14/2026,1
Product 5935,3/14/2026,1
Product 6479,3/14/2026,1
Product 4384,3/14/2026,1
Product 3082,3/14/2026,1
Product 4210,3/14/2026,1
Product 515,3/14/2026,1
Product 1666,3/14/2026,2
Product 929,3/14/2026,5
Product 2003,3/14/2026,1
Product 1905,3/14/2026,2
Product 350,3/14/2026,1
Product 6480,3/14/2026,1
Product 6481,3/14/2026,1
Product 439,3/14/2026,1
Product 616,3/14/2026,1
Product 696,3/14/2026,1
Product 6482,3/14/2026,1
Product 1174,3/14/2026,1
Product 2491,3/14/2026,1
Product 6483,3/14/2026,1
Product 187,3/14/2026,1
Product 4297,3/14/2026,1
Product 354,3/14/2026,1
Product 6484,3/14/2026,2
Product 6485,3/14/2026,3
Product 6486,3/14/2026,2
Product 978,3/14/2026,2
Product 1625,3/14/2026,1
Product 6487,3/14/2026,1
Product 4694,3/14/2026,1
Product 6103,3/14/2026,1
Product 6311,3/14/2026,1
Product 963,3/14/2026,1
Product 6488,3/14/2026,1
Product 288,3/14/2026,1
Product 3037,3/14/2026,1
Product 4069,3/14/2026,1
Product 6489,3/14/2026,1
Product 6431,3/14/2026,1
Product 312,3/14/2026,1
Product 2407,3/14/2026,1
Product 3634,3/14/2026,1
Product 6490,3/14/2026,1
Product 5995,3/14/2026,1
Product 1935,3/14/2026,1
Product 6491,3/14/2026,2
Product 3756,3/14/2026,1
Product 4596,3/14/2026,2
Product 34,3/14/2026,1
Product 3537,3/14/2026,2
Product 1804,3/14/2026,1
Product 614,3/14/2026,1
Product 5464,3/14/2026,1
Product 696,3/14/2026,1
Product 3855,3/14/2026,1
Product 1734,3/14/2026,1
Product 652,3/14/2026,1
Product 956,3/14/2026,1
Product 1193,3/14/2026,1
Product 3635,3/14/2026,1
Product 1405,3/14/2026,1
Product 6492,3/14/2026,1
Product 6493,3/14/2026,1
Product 6494,3/14/2026,1
Product 6495,3/14/2026,1
Product 6496,3/14/2026,1
Product 4963,3/14/2026,1
Product 1127,3/14/2026,1
Product 4465,3/14/2026,1
Product 4555,3/14/2026,1
Product 4169,3/14/2026,1
Product 1639,3/14/2026,1
Product 6497,3/14/2026,1
Product 2429,3/14/2026,1
Product 246,3/14/2026,2
Product 1085,3/14/2026,1
Product 2023,3/14/2026,1
Product 4200,3/14/2026,1
Product 1161,3/14/2026,1
Product 2625,3/14/2026,1
Product 2324,3/14/2026,1
Product 3441,3/14/2026,1
Product 4721,3/14/2026,1
Product 583,3/14/2026,1
Product 13,3/14/2026,1
Product 6498,3/14/2026,1
Product 85,3/14/2026,1
Product 6499,3/14/2026,2
Product 6500,3/14/2026,1
Product 1780,3/14/2026,2
Product 2655,3/14/2026,1
Product 994,3/14/2026,3
Product 6501,3/14/2026,1
Product 3146,3/14/2026,1
Product 2750,3/14/2026,1
Product 71,3/14/2026,1
Product 58,3/14/2026,1
Product 2097,3/14/2026,2
Product 316,3/14/2026,1
Product 962,3/14/2026,1
Product 4993,3/14/2026,1
Product 1368,3/14/2026,1
Product 6502,3/14/2026,1
Product 6503,3/14/2026,1
Product 6504,3/14/2026,1
Product 6021,3/14/2026,1
Product 403,3/14/2026,1
Product 6505,3/14/2026,1
Product 3,3/14/2026,1
Product 133,3/14/2026,1
Product 1004,3/14/2026,1
Product 1724,3/14/2026,3
Product 7,3/14/2026,1
Product 1603,3/14/2026,1
Product 3224,3/14/2026,1
Product 1818,3/14/2026,1
Product 1213,3/14/2026,1
Product 264,3/14/2026,1
Product 4433,3/14/2026,1
Product 488,3/14/2026,1
Product 1244,3/14/2026,1
Product 2733,3/14/2026,1
Product 6506,3/14/2026,1
Product 3446,3/14/2026,1
Product 125,3/14/2026,1
Product 3547,3/14/2026,2
Product 1816,3/14/2026,1
Product 1364,3/14/2026,1
Product 2840,3/14/2026,1
Product 3803,3/14/2026,1
Product 788,3/14/2026,1
Product 3332,3/14/2026,2
Product 3763,3/14/2026,1
Product 668,3/14/2026,1
Product 1899,3/14/2026,4
Product 6372,3/14/2026,1
Product 3640,3/14/2026,2
Product 492,3/14/2026,1
Product 6119,3/14/2026,1
Product 5054,3/14/2026,1
Product 504,3/14/2026,1
Product 6507,3/14/2026,1
Product 5667,3/14/2026,1
Product 2052,3/14/2026,2
Product 6508,3/14/2026,2
Product 6509,3/14/2026,1
Product 338,3/14/2026,1
Product 2151,3/14/2026,1
Product 5770,3/14/2026,1
Product 4040,3/14/2026,1
Product 5101,3/14/2026,2
Product 6510,3/14/2026,1
Product 4085,3/14/2026,1
Product 1038,3/14/2026,1
Product 2538,3/14/2026,2
Product 1680,3/14/2026,1
Product 6041,3/14/2026,1
Product 5717,3/14/2026,1
Product 6511,3/14/2026,1
Product 891,3/14/2026,1
Product 4131,3/14/2026,1
Product 6512,3/14/2026,1
Product 5772,3/14/2026,1
Product 588,3/14/2026,1
Product 1813,3/14/2026,1
Product 6513,3/14/2026,1
Product 6514,3/14/2026,1
Product 562,3/14/2026,2
Product 1200,3/14/2026,1
Product 2208,3/14/2026,3
Product 3124,3/14/2026,2
Product 2837,3/14/2026,2
Product 4329,3/14/2026,1
Product 310,3/14/2026,1
Product 1139,3/14/2026,1
Product 1678,3/14/2026,1
Product 5580,3/14/2026,1
Product 6515,3/14/2026,1
Product 5650,3/14/2026,1
Product 2685,3/14/2026,2
Product 6516,3/14/2026,2
Product 903,3/14/2026,1
Product 6517,3/14/2026,1
Product 2353,3/14/2026,1
Product 3328,3/14/2026,1
Product 6117,3/14/2026,1
Product 1457,3/14/2026,1
Product 274,3/14/2026,1
Product 2351,3/14/2026,3
Product 6518,3/14/2026,1
Product 5431,3/14/2026,1
Product 6519,3/14/2026,1
Product 6396,3/14/2026,1
Product 144,3/14/2026,1
Product 305,3/14/2026,1
Product 6520,3/14/2026,1
Product 2414,3/13/2026,2
Product 6521,3/13/2026,1
Product 3741,3/13/2026,1
Product 5241,3/13/2026,1
Product 6522,3/13/2026,1
Product 157,3/13/2026,1
Product 6523,3/13/2026,1
Product 144,3/13/2026,1
Product 108,3/13/2026,2
Product 1819,3/13/2026,1
Product 3406,3/13/2026,1
Product 316,3/13/2026,1
Product 5930,3/13/2026,1
Product 5763,3/13/2026,1
Product 13,3/13/2026,3
Product 2148,3/13/2026,2
Product 6524,3/13/2026,1
Product 2794,3/13/2026,1
Product 4368,3/13/2026,1
Product 4469,3/13/2026,1
Product 5383,3/13/2026,1
Product 856,3/13/2026,1
Product 2105,3/13/2026,1
Product 5219,3/13/2026,1
Product 6425,3/13/2026,3
Product 6100,3/13/2026,2
Product 5361,3/13/2026,1
Product 3473,3/13/2026,2
Product 5508,3/13/2026,1
Product 6426,3/13/2026,2
Product 2567,3/13/2026,4
Product 6427,3/13/2026,1
Product 785,3/13/2026,1
Product 2669,3/13/2026,1
Product 822,3/13/2026,1
Product 58,3/13/2026,1
Product 5894,3/13/2026,1
Product 6525,3/13/2026,1
Product 2122,3/13/2026,1
Product 6526,3/13/2026,1
Product 1547,3/13/2026,1
Product 79,3/13/2026,1
Product 727,3/13/2026,1
Product 2766,3/13/2026,1
Product 6527,3/13/2026,1
Product 1251,3/13/2026,1
Product 2381,3/13/2026,2
Product 3328,3/13/2026,1
Product 2711,3/13/2026,1
Product 2522,3/13/2026,1
Product 4781,3/13/2026,1
Product 370,3/13/2026,1
Product 6528,3/13/2026,2
Product 6529,3/13/2026,1
Product 689,3/13/2026,1
Product 531,3/13/2026,1
Product 6111,3/13/2026,1
Product 5729,3/13/2026,2
Product 3382,3/13/2026,1
Product 5750,3/13/2026,1
Product 6530,3/13/2026,1
Product 246,3/13/2026,1
Product 5465,3/13/2026,2
Product 1956,3/13/2026,1
Product 2749,3/13/2026,2
Product 147,3/13/2026,2
Product 1717,3/13/2026,1
Product 1378,3/13/2026,1
Product 1003,3/13/2026,1
Product 1424,3/13/2026,1
Product 4240,3/13/2026,1
Product 1520,3/13/2026,1
Product 524,3/13/2026,1
Product 2132,3/13/2026,1
Product 529,3/13/2026,1
Product 1168,3/13/2026,1
Product 313,3/13/2026,1
Product 3358,3/13/2026,1
Product 6531,3/13/2026,2
Product 6532,3/13/2026,1
Product 5881,3/13/2026,1
Product 1379,3/13/2026,1
Product 2579,3/13/2026,1
Product 1,3/13/2026,1
Product 6533,3/13/2026,1
Product 663,3/13/2026,1
Product 1252,3/13/2026,1
Product 3673,3/13/2026,1
Product 570,3/13/2026,2
Product 79,3/13/2026,1
Product 6534,3/13/2026,2
Product 4843,3/13/2026,1
Product 4202,3/13/2026,2
Product 5040,3/13/2026,1
Product 5328,3/13/2026,1
Product 1712,3/13/2026,1
Product 3547,3/13/2026,1
Product 1611,3/13/2026,1
Product 4584,3/13/2026,1
Product 1773,3/13/2026,1
Product 42,3/13/2026,1
Product 2840,3/13/2026,1
Product 3229,3/13/2026,1
Product 3608,3/13/2026,1
Product 108,3/13/2026,1
Product 1584,3/13/2026,1
Product 1403,3/13/2026,1
Product 3039,3/13/2026,1
Product 4679,3/13/2026,1
Product 5399,3/13/2026,1
Product 725,3/13/2026,1
Product 313,3/13/2026,1
Product 1044,3/13/2026,1
Product 2794,3/13/2026,1
Product 732,3/13/2026,1
Product 2982,3/13/2026,1
Product 6535,3/13/2026,1
Product 4626,3/13/2026,1
Product 227,3/13/2026,1
Product 862,3/13/2026,1
Product 1328,3/13/2026,1
Product 1424,3/13/2026,1
Product 653,3/13/2026,1
Product 1994,3/13/2026,1
Product 4200,3/13/2026,1
Product 2971,3/13/2026,1
Product 2240,3/13/2026,1
Product 1559,3/13/2026,1
Product 456,3/13/2026,1
Product 4406,3/13/2026,1
Product 6536,3/13/2026,1
Product 3748,3/13/2026,1
Product 3270,3/13/2026,1
Product 2919,3/13/2026,1
Product 488,3/13/2026,2
Product 7,3/13/2026,1
Product 2025,3/13/2026,1
Product 650,3/13/2026,1
Product 82,3/13/2026,1
Product 1308,3/13/2026,1
Product 422,3/13/2026,1
Product 6408,3/13/2026,1
Product 37,3/13/2026,3
Product 300,3/13/2026,1
Product 1846,3/13/2026,1
Product 2045,3/13/2026,1
Product 5550,3/13/2026,2
Product 410,3/13/2026,1
Product 2859,3/13/2026,1
Product 3413,3/13/2026,1
Product 6401,3/13/2026,1
Product 413,3/13/2026,2
Product 1455,3/13/2026,1
Product 3396,3/13/2026,2
Product 4147,3/13/2026,1
Product 3465,3/13/2026,1
Product 14,3/13/2026,1
Product 6103,3/13/2026,1
Product 6311,3/13/2026,1
Product 6537,3/13/2026,1
Product 264,3/13/2026,1
Product 5040,3/13/2026,1
Product 1131,3/13/2026,1
Product 4659,3/13/2026,1
Product 491,3/13/2026,1
Product 1524,3/13/2026,1
Product 688,3/13/2026,1
Product 3781,3/13/2026,1
Product 313,3/13/2026,1
Product 75,3/13/2026,2
Product 3147,3/13/2026,1
Product 1749,3/13/2026,1
Product 502,3/13/2026,1
Product 254,3/13/2026,1
Product 6538,3/13/2026,1
Product 5421,3/13/2026,1
Product 5750,3/13/2026,1
Product 1818,3/13/2026,1
Product 2067,3/13/2026,1
Product 503,3/13/2026,2
Product 275,3/13/2026,3
Product 2929,3/13/2026,1
Product 5960,3/13/2026,1
Product 655,3/13/2026,1
Product 3664,3/13/2026,1
Product 1244,3/13/2026,2
Product 48,3/13/2026,1
Product 703,3/13/2026,1
Product 6539,3/13/2026,1
Product 631,3/13/2026,1
Product 1997,3/13/2026,1
Product 2395,3/13/2026,1
Product 319,3/13/2026,1
Product 543,3/13/2026,1
Product 861,3/13/2026,1
Product 712,3/13/2026,1
Product 2333,3/13/2026,1
Product 6540,3/13/2026,1
Product 1310,3/13/2026,1
Product 2148,3/13/2026,4
Product 945,3/13/2026,1
Product 2518,3/13/2026,1
Product 6541,3/13/2026,1
Product 6542,3/13/2026,1
Product 4513,3/13/2026,2
Product 1538,3/13/2026,1
Product 1751,3/13/2026,1
Product 1411,3/13/2026,1
Product 6543,3/13/2026,1
Product 3568,3/13/2026,1
Product 6544,3/13/2026,1
Product 3570,3/13/2026,1
Product 1517,3/13/2026,1
Product 6,3/13/2026,1
Product 4259,3/13/2026,1
Product 2456,3/13/2026,1
Product 488,3/13/2026,1
Product 5575,3/13/2026,1
Product 308,3/13/2026,2
Product 3147,3/13/2026,1
Product 4581,3/13/2026,1
Product 1359,3/13/2026,1
Product 3733,3/13/2026,1
Product 1042,3/13/2026,1
Product 1132,3/13/2026,1
Product 2194,3/13/2026,1
Product 14,3/13/2026,1
Product 2909,3/13/2026,1
Product 2216,3/13/2026,1
Product 796,3/13/2026,1
Product 2217,3/13/2026,2
Product 3471,3/13/2026,1
Product 6545,3/13/2026,1
Product 2875,3/13/2026,1
Product 3947,3/13/2026,1
Product 1505,3/13/2026,1
Product 2638,3/13/2026,3
Product 3911,3/13/2026,1
Product 133,3/13/2026,1
Product 6546,3/13/2026,1
Product 1912,3/13/2026,1
Product 6079,3/13/2026,1
Product 6547,3/13/2026,1
Product 2351,3/13/2026,1
Product 1558,3/13/2026,1
Product 3441,3/13/2026,1
Product 4721,3/13/2026,1
Product 4486,3/13/2026,1
Product 991,3/13/2026,1
Product 128,3/13/2026,1
Product 65,3/13/2026,1
Product 2474,3/13/2026,1
Product 4568,3/13/2026,1
Product 2907,3/13/2026,1
Product 2641,3/13/2026,1
Product 648,3/13/2026,1
Product 1069,3/13/2026,1
Product 3274,3/13/2026,1
Product 3873,3/13/2026,1
Product 1424,3/13/2026,1
Product 6548,3/13/2026,1
Product 735,3/13/2026,1
Product 2859,3/13/2026,1
Product 5029,3/12/2026,1
Product 6549,3/12/2026,1
Product 6550,3/12/2026,1
Product 1328,3/12/2026,1
Product 1675,3/12/2026,1
Product 5010,3/12/2026,2
Product 4100,3/12/2026,1
Product 1850,3/12/2026,1
Product 6551,3/12/2026,1
Product 166,3/12/2026,1
Product 3175,3/12/2026,2
Product 3177,3/12/2026,2
Product 1529,3/12/2026,1
Product 6552,3/12/2026,1
Product 5790,3/12/2026,1
Product 1528,3/12/2026,1
Product 1136,3/12/2026,1
Product 6518,3/12/2026,1
Product 5721,3/12/2026,1
Product 2650,3/12/2026,1
Product 2669,3/12/2026,1
Product 2258,3/12/2026,1
Product 1290,3/12/2026,1
Product 365,3/12/2026,1
Product 3259,3/12/2026,1
Product 1644,3/12/2026,1
Product 804,3/12/2026,1
Product 1552,3/12/2026,2
Product 469,3/12/2026,1
Product 1492,3/12/2026,1
Product 6553,3/12/2026,1
Product 108,3/12/2026,1
Product 1140,3/12/2026,1
Product 918,3/12/2026,1
Product 488,3/12/2026,1
Product 6554,3/12/2026,1
Product 1424,3/12/2026,1
Product 6555,3/12/2026,1
Product 267,3/12/2026,1
Product 527,3/12/2026,1
Product 2414,3/12/2026,1
Product 2311,3/12/2026,1
Product 780,3/12/2026,1
Product 2518,3/12/2026,1
Product 871,3/12/2026,1
Product 6556,3/12/2026,2
Product 2170,3/12/2026,2
Product 3722,3/12/2026,1
Product 4763,3/12/2026,2
Product 671,3/12/2026,3
Product 2509,3/12/2026,1
Product 3472,3/12/2026,1
Product 4634,3/12/2026,1
Product 3981,3/12/2026,1
Product 6557,3/12/2026,1
Product 3024,3/12/2026,2
Product 4572,3/12/2026,1
Product 2518,3/12/2026,2
Product 400,3/12/2026,1
Product 362,3/12/2026,1
Product 303,3/12/2026,1
Product 2970,3/12/2026,2
Product 3854,3/12/2026,1
Product 2891,3/12/2026,2
Product 398,3/12/2026,1
Product 13,3/12/2026,1
Product 6558,3/12/2026,1
Product 2227,3/12/2026,2
Product 1977,3/12/2026,1
Product 2910,3/12/2026,1
Product 4566,3/12/2026,1
Product 823,3/12/2026,1
Product 6559,3/12/2026,1
Product 6560,3/12/2026,2
Product 6561,3/12/2026,1
Product 5647,3/12/2026,1
Product 6562,3/12/2026,1
Product 487,3/12/2026,1
Product 6563,3/12/2026,1
Product 2581,3/12/2026,1
Product 79,3/12/2026,1
Product 2030,3/12/2026,1
Product 869,3/12/2026,1
Product 1739,3/12/2026,1
Product 6564,3/12/2026,1
Product 187,3/12/2026,2
Product 1543,3/12/2026,1
Product 3252,3/12/2026,1
Product 1406,3/12/2026,1
Product 1055,3/12/2026,1
Product 1969,3/12/2026,0
Product 6565,3/12/2026,2
Product 6566,3/12/2026,1
Product 1752,3/12/2026,1
Product 1006,3/12/2026,1
Product 6567,3/12/2026,2
Product 6568,3/12/2026,2
Product 3039,3/12/2026,1
Product 3972,3/12/2026,1
Product 489,3/12/2026,2
Product 1244,3/12/2026,3
Product 1236,3/12/2026,1
Product 5640,3/12/2026,1
Product 3367,3/12/2026,2
Product 5652,3/12/2026,1
Product 2522,3/12/2026,1
Product 2038,3/12/2026,1
